Date,annee,Joueurs,Cash,grilles,payout,P-R1,P-R2,P-R3,P-R4,P-R5,P-R6,P-R7,P-R8
2011-02-02,2011,146668.0,293844.0,195896,131362.0,0.0,0.0,4.0,31.0,361.0,3558.0,35303.0,14364.0
2011-02-04,2011,123171.0,223966.5,149311,103181.0,0.0,0.0,4.0,25.0,283.0,2636.0,26510.0,12214.0
2011-02-05,2011,320508.0,575302.5,383535,264857.5,0.0,0.0,8.0,69.0,718.0,6895.0,68857.0,32339.0
2011-02-09,2011,167527.0,321103.5,214069,144814.5,0.0,0.0,2.0,46.0,362.0,3812.0,38537.0,18827.0
2011-02-11,2011,143904.0,257383.5,171589,117410.5,0.0,0.0,5.0,29.0,300.0,3024.0,30619.0,12835.0
2011-02-12,2011,351013.0,623781.0,415854,593731.5,1.0,2.0,6.0,72.0,780.0,7449.0,74718.0,33367.0
2011-02-16,2011,174126.0,329484.0,219656,158440.0,0.0,0.0,8.0,40.0,352.0,3952.0,39279.0,19388.0
2011-02-18,2011,151592.0,270444.0,180296,121683.0,0.0,0.0,4.0,25.0,305.0,3251.0,32391.0,14364.0
2011-02-19,2011,358663.0,634471.5,422981,284775.5,0.0,0.0,7.0,65.0,763.0,7644.0,76113.0,34713.0
2011-02-23,2011,185158.0,348295.5,232197,167068.0,0.0,0.0,7.0,45.0,438.0,4158.0,41893.0,20488.0
2011-02-25,2011,174211.0,309132.0,206088,138583.0,0.0,0.0,2.0,40.0,385.0,3707.0,36947.0,17636.0
2011-02-26,2011,367409.0,648124.5,432083,300085.5,0.0,0.0,8.0,83.0,785.0,7669.0,78092.0,38171.0
2011-03-02,2011,180559.0,337773.0,225182,148041.0,0.0,0.0,2.0,38.0,413.0,4084.0,40340.0,18054.0
2011-03-04,2011,363277.0,657568.5,438379,310865.5,0.0,0.0,13.0,74.0,783.0,7860.0,79430.0,37497.0
2011-03-05,2011,362179.0,638443.5,425629,295966.5,0.0,0.0,11.0,69.0,775.0,7665.0,77004.0,34889.0
2011-03-07,2011,21236.0,43689.0,29126,21955.5,0.0,0.0,1.0,10.0,58.0,533.0,5230.0,2447.0
2011-03-09,2011,177428.0,330351.0,220234,167308.5,0.0,1.0,2.0,42.0,407.0,4048.0,39423.0,18455.0
2011-03-11,2011,202326.0,358719.0,239146,176163.0,0.0,1.0,0.0,38.0,400.0,4296.0,42713.0,22438.0
2011-03-12,2011,365418.0,641764.5,427843,290887.0,0.0,0.0,8.0,89.0,802.0,7665.0,76194.0,33556.0
2011-03-14,2011,36382.0,70579.5,47053,50182.5,0.0,1.0,0.0,9.0,90.0,864.0,8441.0,3587.0
2011-03-16,2011,184081.0,339939.0,226626,173024.0,0.0,1.0,3.0,50.0,361.0,4037.0,40861.0,18598.0
2011-03-18,2011,226501.0,401727.0,267818,198249.0,0.0,1.0,4.0,45.0,480.0,4835.0,48122.0,20820.0
2011-03-19,2011,363006.0,635779.5,423853,301780.0,0.0,0.0,11.0,99.0,755.0,7759.0,77022.0,34694.0
2011-03-21,2011,35602.0,68602.5,45735,33109.0,0.0,0.0,1.0,15.0,76.0,831.0,8250.0,3956.0
2011-03-23,2011,173654.0,321172.5,214115,138115.0,0.0,0.0,2.0,29.0,342.0,3882.0,38461.0,16762.0
2011-03-25,2011,259375.0,458718.0,305812,247587.0,0.0,2.0,5.0,65.0,551.0,5525.0,54884.0,24116.0
2011-03-26,2011,360928.0,631113.0,420742,278135.0,0.0,0.0,8.0,66.0,716.0,7635.0,75765.0,29940.0
2011-03-28,2011,32894.0,64000.5,42667,27146.0,0.0,0.0,0.0,5.0,92.0,769.0,7781.0,3266.0
2011-03-30,2011,183842.0,338608.5,225739,170524.0,0.0,1.0,2.0,56.0,404.0,4010.0,40409.0,17584.0
2011-04-01,2011,181924.0,322150.5,214767,146525.5,0.0,0.0,2.0,46.0,396.0,3847.0,38782.0,19071.0
2011-04-02,2011,365543.0,638896.5,425931,291683.5,0.0,0.0,10.0,72.0,768.0,7645.0,76824.0,33367.0
2011-04-04,2011,31599.0,61555.5,41037,27255.0,0.0,0.0,0.0,8.0,58.0,758.0,7453.0,3866.0
2011-04-06,2011,191377.0,352107.0,234738,166281.5,0.0,0.0,7.0,49.0,414.0,4275.0,42434.0,18639.0
2011-04-08,2011,177702.0,312957.0,208638,144336.0,0.0,0.0,5.0,32.0,354.0,3830.0,37245.0,18144.0
2011-04-09,2011,362469.0,633355.5,422237,294265.0,0.0,0.0,9.0,82.0,788.0,7723.0,76081.0,35552.0
2011-04-11,2011,31106.0,60649.5,40433,26006.0,0.0,0.0,0.0,7.0,66.0,695.0,7288.0,3490.0
2011-04-13,2011,193999.0,355863.0,237242,166180.5,0.0,0.0,5.0,45.0,434.0,4354.0,42856.0,20679.0
2011-04-15,2011,180035.0,317259.0,211506,140303.0,0.0,0.0,2.0,39.0,398.0,3757.0,38165.0,16952.0
2011-04-16,2011,356404.0,621903.0,414602,283437.0,0.0,0.0,8.0,81.0,750.0,7582.0,74787.0,32502.0
2011-04-18,2011,28471.0,55384.5,36923,23960.5,0.0,0.0,0.0,8.0,66.0,615.0,6630.0,3137.0
2011-04-20,2011,172508.0,316953.0,211302,143245.5,0.0,0.0,4.0,38.0,385.0,3776.0,38160.0,16497.0
2011-04-22,2011,175526.0,309484.5,206323,142402.5,0.0,0.0,4.0,43.0,349.0,3729.0,36888.0,17601.0
2011-04-23,2011,350250.0,610285.5,406857,290427.5,0.0,0.0,12.0,72.0,788.0,7439.0,73575.0,34615.0
2011-04-25,2011,21062.0,40507.5,27005,17544.0,0.0,0.0,0.0,7.0,45.0,464.0,4803.0,2212.0
2011-04-27,2011,168118.0,309708.0,206472,140929.5,0.0,0.0,5.0,25.0,396.0,3595.0,36914.0,17471.0
2011-04-29,2011,167217.0,294079.5,196053,133760.5,0.0,0.0,4.0,36.0,383.0,3678.0,35300.0,14607.0
2011-04-30,2011,355375.0,619938.0,413292,299258.5,0.0,1.0,7.0,80.0,712.0,7574.0,74224.0,32467.0
2011-05-02,2011,30405.0,59389.5,39593,25089.5,0.0,0.0,0.0,4.0,83.0,725.0,7130.0,3163.0
2011-05-04,2011,181124.0,332643.0,221762,155544.5,0.0,0.0,6.0,30.0,399.0,4029.0,39844.0,19821.0
2011-05-06,2011,176462.0,310225.5,206817,140495.0,0.0,0.0,3.0,41.0,385.0,3799.0,37305.0,16660.0
2011-05-07,2011,355609.0,618964.5,412643,287262.0,0.0,0.0,9.0,84.0,689.0,7246.0,74250.0,35968.0
2011-05-09,2011,25446.0,50649.0,33766,23873.0,0.0,0.0,1.0,6.0,64.0,601.0,6178.0,2688.0
2011-05-10,2011,146247.0,268696.5,179131,118881.0,0.0,0.0,4.0,23.0,316.0,3132.0,32246.0,13206.0
2011-05-11,2011,173328.0,317026.5,211351,1254337.0,1.0,0.0,8.0,38.0,405.0,3827.0,37975.0,18368.0
2011-05-13,2011,430621.0,762298.5,508199,335674.5,0.0,0.0,7.0,87.0,886.0,9156.0,91468.0,38559.0
2011-05-14,2011,353382.0,613938.0,409292,289258.0,0.0,0.0,11.0,68.0,723.0,7347.0,73870.0,36482.0
2011-05-16,2011,24705.0,47835.0,31890,20184.0,0.0,0.0,0.0,5.0,51.0,584.0,5747.0,2500.0
2011-05-17,2011,76126.0,140763.0,93842,61411.0,0.0,0.0,0.0,19.0,145.0,1719.0,16866.0,8256.0
2011-05-18,2011,180057.0,327393.0,218262,153383.5,0.0,0.0,4.0,45.0,402.0,3825.0,39049.0,20747.0
2011-05-20,2011,168743.0,295680.0,197120,132927.0,0.0,0.0,1.0,52.0,325.0,3453.0,35448.0,17244.0
2011-05-21,2011,352584.0,610864.5,407243,298479.0,0.0,1.0,7.0,68.0,768.0,7302.0,73370.0,34846.0
2011-05-23,2011,23308.0,44760.0,29840,18939.0,0.0,0.0,0.0,5.0,58.0,523.0,5378.0,2272.0
2011-05-24,2011,75130.0,137506.5,91671,429277.0,1.0,1.0,0.0,20.0,180.0,1607.0,16409.0,7216.0
2011-05-25,2011,184306.0,334621.5,223081,153768.0,0.0,0.0,5.0,32.0,402.0,4093.0,40141.0,19054.0
2011-05-27,2011,168948.0,295483.5,196989,148056.5,0.0,1.0,1.0,42.0,342.0,3466.0,35485.0,15011.0
2011-05-28,2011,355134.0,614902.5,409935,291726.0,0.0,0.0,10.0,92.0,761.0,7295.0,74039.0,35702.0
2011-05-30,2011,23398.0,44790.0,29860,19022.5,0.0,0.0,0.0,4.0,60.0,542.0,5348.0,2411.0
2011-05-31,2011,81309.0,148627.5,99085,69960.0,0.0,0.0,3.0,16.0,194.0,1782.0,17577.0,8544.0
2011-06-01,2011,179211.0,324714.0,216476,151052.5,0.0,0.0,4.0,43.0,414.0,3843.0,39459.0,18693.0
2011-06-03,2011,159388.0,278484.0,185656,146102.0,0.0,1.0,3.0,25.0,323.0,3456.0,33459.0,16296.0
2011-06-04,2011,339000.0,587532.0,391688,270072.0,0.0,0.0,7.0,67.0,694.0,7276.0,70397.0,34412.0
2011-06-06,2011,24002.0,45781.5,30521,24724.5,0.0,0.0,2.0,8.0,67.0,520.0,5553.0,2719.0
2011-06-07,2011,86952.0,158425.5,105617,72538.0,0.0,0.0,2.0,20.0,187.0,1936.0,18965.0,8792.0
2011-06-08,2011,177063.0,321019.5,214013,145645.5,0.0,0.0,4.0,36.0,344.0,3804.0,38520.0,18337.0
2011-06-10,2011,173292.0,303672.0,202448,158326.5,0.0,1.0,3.0,30.0,365.0,3606.0,36441.0,18743.0
2011-06-11,2011,364534.0,631797.0,421198,299076.5,0.0,1.0,5.0,69.0,772.0,7702.0,75629.0,33379.0
2011-06-13,2011,16440.0,31302.0,20868,13874.0,0.0,0.0,0.0,6.0,40.0,373.0,3722.0,1710.0
2011-06-14,2011,79959.0,146539.5,97693,68667.5,0.0,0.0,3.0,15.0,198.0,1784.0,17420.0,7965.0
2011-06-15,2011,166072.0,301683.0,201122,138962.5,0.0,0.0,3.0,40.0,372.0,3678.0,36628.0,17251.0
2011-06-17,2011,181486.0,317536.5,211691,149373.0,0.0,0.0,8.0,27.0,366.0,3799.0,37929.0,17200.0
2011-06-18,2011,365999.0,634347.0,422898,320218.5,0.0,1.0,11.0,77.0,767.0,7705.0,76078.0,37865.0
2011-06-20,2011,22323.0,42825.0,28550,22336.5,0.0,0.0,2.0,5.0,46.0,535.0,5019.0,2469.0
2011-06-21,2011,105802.0,192016.5,128011,90135.5,0.0,0.0,3.0,21.0,225.0,2352.0,23059.0,11705.0
2011-06-22,2011,174944.0,317001.0,211334,148378.0,0.0,0.0,5.0,50.0,396.0,3756.0,38161.0,16904.0
2011-06-24,2011,197455.0,345583.5,230389,154355.5,0.0,0.0,4.0,35.0,401.0,4258.0,41306.0,18289.0
2011-06-25,2011,350509.0,606922.5,404615,280594.0,0.0,0.0,6.0,73.0,736.0,7331.0,72829.0,37974.0
2011-06-27,2011,20951.0,40483.5,26989,21138.5,0.0,0.0,1.0,12.0,45.0,540.0,4788.0,2375.0
2011-06-28,2011,109581.0,198534.0,132356,85808.0,0.0,0.0,0.0,25.0,240.0,2360.0,23884.0,10960.0
2011-06-29,2011,172874.0,313102.5,208735,142317.0,0.0,0.0,3.0,36.0,401.0,3740.0,37838.0,17814.0
2011-07-01,2011,212153.0,371548.5,247699,196093.0,0.0,1.0,6.0,51.0,445.0,4612.0,45026.0,21254.0
2011-07-02,2011,348537.0,603385.5,402257,270314.0,0.0,0.0,7.0,71.0,728.0,7180.0,72238.0,31452.0
2011-07-04,2011,20669.0,39897.0,26598,16987.0,0.0,0.0,0.0,3.0,54.0,487.0,4780.0,2208.0
2011-07-05,2011,141620.0,254331.0,169554,112542.5,0.0,0.0,2.0,25.0,300.0,3077.0,30479.0,14133.0
2011-07-06,2011,166757.0,302560.5,201707,136989.0,0.0,0.0,4.0,37.0,353.0,3672.0,36236.0,15798.0
2011-07-08,2011,274736.0,479025.0,319350,223406.0,0.0,0.0,5.0,70.0,575.0,5856.0,57389.0,29232.0
2011-07-09,2011,348945.0,604191.0,402794,315687.0,0.0,2.0,10.0,63.0,697.0,7407.0,72254.0,31736.0
2011-07-11,2011,20015.0,38926.5,25951,20153.5,0.0,0.0,2.0,2.0,51.0,455.0,4658.0,2095.0
2011-07-12,2011,167717.0,299857.5,199905,179876.5,0.0,2.0,4.0,41.0,401.0,3641.0,36041.0,16913.0
2011-07-13,2011,179403.0,326088.0,217392,147990.0,0.0,0.0,2.0,46.0,395.0,3840.0,39229.0,19488.0
2011-07-15,2011,165580.0,289081.5,192721,139805.5,0.0,0.0,6.0,41.0,369.0,3614.0,35023.0,16073.0
2011-07-16,2011,341481.0,590740.5,393827,287619.0,0.0,1.0,11.0,66.0,691.0,7127.0,70404.0,28104.0
2011-07-18,2011,19740.0,38412.0,25608,16396.5,0.0,0.0,0.0,3.0,43.0,447.0,4589.0,2349.0
2011-07-19,2011,88316.0,159628.5,106419,68375.0,0.0,0.0,1.0,13.0,180.0,1967.0,19101.0,8092.0
2011-07-20,2011,180381.0,325617.0,217078,156974.0,0.0,0.0,6.0,40.0,402.0,3956.0,39289.0,20384.0
2011-07-22,2011,147103.0,255507.0,170338,116010.0,0.0,0.0,2.0,32.0,288.0,3132.0,30746.0,15132.0
2011-07-23,2011,327161.0,566268.0,377512,246059.0,0.0,0.0,3.0,59.0,679.0,6872.0,67982.0,29570.0
2011-07-25,2011,19476.0,38052.0,25368,35749.0,0.0,1.0,0.0,3.0,43.0,459.0,4497.0,2000.0
2011-07-26,2011,82441.0,148758.0,99172,65298.5,0.0,0.0,1.0,17.0,180.0,1736.0,17813.0,7995.0
2011-07-27,2011,170109.0,307887.0,205258,142721.5,0.0,0.0,5.0,31.0,352.0,3621.0,36952.0,18315.0
2011-07-29,2011,158453.0,275620.5,183747,118764.0,0.0,0.0,0.0,34.0,288.0,3249.0,33035.0,15926.0
2011-07-30,2011,348371.0,602235.0,401490,270648.5,0.0,0.0,4.0,80.0,727.0,7301.0,72796.0,33341.0
2011-08-01,2011,19644.0,38265.0,25510,17216.5,0.0,0.0,1.0,2.0,38.0,436.0,4505.0,1911.0
2011-08-02,2011,80570.0,145738.5,97159,68129.0,0.0,0.0,3.0,17.0,175.0,1801.0,17478.0,7512.0
2011-08-03,2011,171437.0,310728.0,207152,133087.0,0.0,0.0,1.0,34.0,382.0,3735.0,36731.0,16340.0
2011-08-05,2011,161264.0,280827.0,187218,139500.0,0.0,0.0,10.0,40.0,338.0,3279.0,33449.0,14298.0
2011-08-06,2011,346398.0,599106.0,399404,293689.5,0.0,1.0,8.0,78.0,773.0,7130.0,71714.0,31701.0
2011-08-08,2011,19558.0,38587.5,25725,16766.5,0.0,0.0,0.0,4.0,56.0,478.0,4573.0,2207.0
2011-08-09,2011,85376.0,154984.5,103323,68011.0,0.0,0.0,1.0,19.0,193.0,1811.0,18504.0,8192.0
2011-08-10,2011,171969.0,311914.5,207943,139426.0,0.0,0.0,3.0,38.0,353.0,3739.0,37788.0,16330.0
2011-08-12,2011,162648.0,283420.5,188947,130631.0,0.0,0.0,4.0,38.0,337.0,3370.0,34013.0,15610.0
2011-08-13,2011,345543.0,597133.5,398089,288564.0,0.0,1.0,6.0,69.0,698.0,7229.0,71698.0,32842.0
2011-08-15,2011,13741.0,27096.0,18064,15725.0,0.0,0.0,2.0,4.0,26.0,334.0,3259.0,1478.0
2011-08-16,2011,80024.0,145665.0,97110,67052.0,0.0,0.0,2.0,14.0,171.0,1863.0,17397.0,8482.0
2011-08-17,2011,162740.0,295480.5,196987,137772.0,0.0,0.0,4.0,40.0,374.0,3547.0,35191.0,17450.0
2011-08-19,2011,162990.0,284214.0,189476,133840.0,0.0,0.0,6.0,31.0,357.0,3477.0,33892.0,15554.0
2011-08-20,2011,342671.0,593274.0,395516,305603.5,0.0,1.0,11.0,74.0,715.0,7011.0,71477.0,37663.0
2011-08-22,2011,18671.0,36909.0,24606,16348.5,0.0,0.0,0.0,8.0,46.0,452.0,4372.0,1883.0
2011-08-23,2011,87618.0,159108.0,106072,73397.0,0.0,0.0,2.0,21.0,202.0,1906.0,18978.0,9114.0
2011-08-24,2011,165429.0,300268.5,200179,138837.5,0.0,0.0,5.0,33.0,335.0,3603.0,35754.0,17343.0
2011-08-26,2011,166120.0,290112.0,193408,136783.5,0.0,0.0,5.0,31.0,350.0,3394.0,34695.0,18149.0
2011-08-27,2011,350299.0,605446.5,403631,302710.0,0.0,1.0,12.0,66.0,698.0,7303.0,72481.0,33382.0
2011-08-29,2011,18433.0,36210.0,24140,16130.5,0.0,0.0,0.0,6.0,45.0,443.0,4323.0,2113.0
2011-08-30,2011,95265.0,172447.5,114965,82067.5,0.0,0.0,3.0,26.0,208.0,2084.0,20607.0,10049.0
2011-08-31,2011,169888.0,307542.0,205028,137268.5,0.0,0.0,3.0,32.0,377.0,3808.0,36815.0,16439.0
2011-09-02,2011,181543.0,317040.0,211360,147330.5,0.0,0.0,6.0,36.0,366.0,3736.0,38151.0,17219.0
2011-09-03,2011,367738.0,636015.0,424010,316015.0,0.0,1.0,10.0,85.0,769.0,7620.0,76375.0,35190.0
2011-09-05,2011,18172.0,35796.0,23864,15664.0,0.0,0.0,0.0,3.0,52.0,428.0,4313.0,2172.0
2011-09-06,2011,107196.0,193935.0,129290,84251.5,0.0,0.0,1.0,19.0,240.0,2334.0,23508.0,9977.0
2011-09-07,2011,165547.0,300346.5,200231,137283.5,0.0,0.0,5.0,30.0,362.0,3547.0,36203.0,15935.0
2011-09-09,2011,192840.0,337510.5,225007,155880.5,0.0,0.0,5.0,38.0,393.0,4038.0,40431.0,19579.0
2011-09-10,2011,339870.0,586818.0,391212,283763.5,0.0,1.0,8.0,61.0,681.0,7103.0,70154.0,30747.0
2011-09-12,2011,17750.0,35959.5,23973,17112.5,0.0,0.0,1.0,4.0,43.0,392.0,4277.0,1959.0
2011-09-13,2011,117560.0,212770.5,141847,100717.0,0.0,0.0,5.0,20.0,265.0,2497.0,25484.0,11976.0
2011-09-14,2011,162430.0,294792.0,196528,131747.5,0.0,0.0,2.0,40.0,356.0,3532.0,35861.0,15497.0
2011-09-16,2011,161402.0,283974.0,189316,145455.0,0.0,0.0,11.0,35.0,340.0,3376.0,33915.0,16630.0
2011-09-17,2011,338880.0,585999.0,390666,260677.0,0.0,0.0,4.0,64.0,660.0,7080.0,69987.0,34202.0
2011-09-19,2011,17747.0,36157.5,24105,15856.0,0.0,0.0,0.0,6.0,40.0,434.0,4367.0,1968.0
2011-09-20,2011,83372.0,151765.5,101177,65547.5,0.0,0.0,0.0,17.0,185.0,1796.0,18166.0,8757.0
2011-09-21,2011,161263.0,293190.0,195460,134837.5,0.0,0.0,3.0,37.0,329.0,3475.0,34843.0,18531.0
2011-09-23,2011,159260.0,277533.0,185022,126643.5,0.0,0.0,5.0,29.0,312.0,3367.0,33166.0,14291.0
2011-09-24,2011,335951.0,579562.5,386375,278612.0,0.0,1.0,3.0,72.0,679.0,6859.0,69604.0,34086.0
2011-09-26,2011,17716.0,35949.0,23966,16831.0,0.0,0.0,1.0,3.0,36.0,407.0,4271.0,1956.0
2011-09-27,2011,83145.0,150321.0,100214,63742.0,0.0,0.0,0.0,13.0,197.0,1831.0,18106.0,7890.0
2011-09-28,2011,156727.0,284035.5,189357,119497.5,0.0,0.0,0.0,30.0,303.0,3355.0,34268.0,14751.0
2011-09-30,2011,158637.0,276286.5,184191,123558.5,0.0,0.0,2.0,35.0,329.0,3371.0,33158.0,15205.0
2011-10-01,2011,338915.0,596466.0,397644,266532.0,0.0,0.0,4.0,71.0,762.0,7130.0,72331.0,32520.0
2011-10-04,2011,106383.0,194040.0,129360,87121.0,0.0,0.0,1.0,22.0,238.0,2338.0,23170.0,11954.0
2011-10-05,2011,151938.0,278299.5,185533,121654.5,0.0,0.0,3.0,32.0,324.0,3268.0,33213.0,13339.0
2011-10-07,2011,177844.0,310605.0,207070,141392.5,0.0,0.0,4.0,37.0,421.0,3729.0,37604.0,15813.0
2011-10-08,2011,306313.0,535660.5,357107,268949.5,0.0,1.0,6.0,73.0,643.0,6601.0,64249.0,31991.0
2011-10-11,2011,83816.0,152877.0,101918,66132.5,0.0,0.0,0.0,15.0,185.0,1838.0,18273.0,9131.0
2011-10-12,2011,155892.0,283621.5,189081,142106.5,0.0,0.0,8.0,39.0,339.0,3317.0,34183.0,17717.0
2011-10-14,2011,158811.0,277737.0,185158,126815.0,0.0,0.0,4.0,36.0,316.0,3265.0,33436.0,14732.0
2011-10-15,2011,307896.0,534322.5,356215,261707.5,0.0,1.0,6.0,69.0,648.0,6382.0,64296.0,28297.0
2011-10-18,2011,84624.0,153667.5,102445,70328.0,0.0,0.0,1.0,19.0,180.0,1846.0,18655.0,9592.0
2011-10-19,2011,154701.0,280167.0,186778,122973.5,0.0,0.0,2.0,22.0,349.0,3392.0,33718.0,15465.0
2011-10-21,2011,157114.0,273037.5,182025,122343.0,0.0,0.0,3.0,28.0,334.0,3317.0,32693.0,14728.0
2011-10-22,2011,304529.0,531327.0,354218,231708.5,0.0,0.0,3.0,64.0,650.0,6376.0,63642.0,27163.0
2011-10-25,2011,78861.0,143680.5,95787,67626.5,0.0,0.0,3.0,24.0,158.0,1681.0,17140.0,7321.0
2011-10-26,2011,146569.0,265495.5,176997,1973125.0,1.0,0.0,4.0,41.0,308.0,3207.0,31760.0,14140.0
2011-10-28,2011,155426.0,269371.5,179581,121136.0,0.0,0.0,3.0,33.0,306.0,3207.0,32425.0,14354.0
2011-10-29,2011,298596.0,514914.0,343276,262173.5,0.0,1.0,8.0,65.0,590.0,6051.0,61416.0,32191.0
2011-11-01,2011,68372.0,123664.5,82443,56272.0,0.0,0.0,1.0,18.0,142.0,1495.0,14858.0,7094.0
2011-11-02,2011,140703.0,253920.0,169280,113330.5,0.0,0.0,2.0,31.0,311.0,3204.0,30486.0,13279.0
2011-11-04,2011,160911.0,278706.0,185804,131642.0,0.0,0.0,5.0,36.0,369.0,3334.0,33571.0,15500.0
2011-11-05,2011,298855.0,514740.0,343160,233192.5,0.0,0.0,4.0,62.0,628.0,6201.0,61714.0,30533.0
2011-11-08,2011,88859.0,160053.0,106702,69146.5,0.0,0.0,1.0,12.0,190.0,1900.0,19076.0,8863.0
2011-11-09,2011,146572.0,262999.5,175333,116550.0,0.0,0.0,2.0,34.0,320.0,3183.0,31378.0,13786.0
2011-11-11,2011,136297.0,236557.5,157705,101469.5,0.0,0.0,2.0,15.0,275.0,2889.0,28221.0,12055.0
2011-11-12,2011,284236.0,489451.5,326301,230832.0,0.0,0.0,7.0,65.0,584.0,5839.0,58539.0,30586.0
2011-11-15,2011,79660.0,142900.5,95267,64182.5,0.0,0.0,2.0,12.0,178.0,1719.0,17083.0,7641.0
2011-11-16,2011,142753.0,256018.5,170679,120039.0,0.0,0.0,3.0,41.0,323.0,3074.0,30564.0,15254.0
2011-11-18,2011,150237.0,259758.0,173172,120359.0,0.0,0.0,4.0,32.0,325.0,3056.0,31264.0,14434.0
2011-11-19,2011,293149.0,504211.5,336141,251742.0,0.0,1.0,6.0,73.0,596.0,6007.0,60673.0,27894.0
2011-11-22,2011,79195.0,142584.0,95056,66405.5,0.0,0.0,3.0,17.0,153.0,1716.0,17063.0,7493.0
2011-11-23,2011,153443.0,275010.0,183340,125363.0,0.0,0.0,3.0,47.0,333.0,3336.0,33290.0,13362.0
2011-11-25,2011,151205.0,262131.0,174754,111971.0,0.0,0.0,0.0,35.0,333.0,3146.0,31431.0,13146.0
2011-11-26,2011,300337.0,517074.0,344716,256508.5,0.0,1.0,5.0,59.0,678.0,6339.0,62100.0,30169.0
2011-11-29,2011,77609.0,140227.5,93485,65791.0,0.0,0.0,3.0,18.0,159.0,1712.0,16836.0,7186.0
2011-11-30,2011,145967.0,261981.0,174654,121338.5,0.0,0.0,4.0,37.0,326.0,3104.0,31606.0,13791.0
2011-12-02,2011,155041.0,268039.5,178693,122611.5,0.0,0.0,3.0,25.0,325.0,3228.0,32137.0,16465.0
2011-12-03,2011,295460.0,509001.0,339334,231244.5,0.0,0.0,7.0,52.0,619.0,6062.0,61099.0,27971.0
2011-12-06,2011,79236.0,142950.0,95300,65472.5,0.0,0.0,2.0,21.0,144.0,1700.0,17208.0,7651.0
2011-12-07,2011,154246.0,275905.5,183937,131170.5,0.0,0.0,5.0,45.0,354.0,3307.0,33015.0,15017.0
2011-12-09,2011,151032.0,261487.5,174325,115348.0,0.0,0.0,1.0,30.0,301.0,3145.0,31451.0,15134.0
2011-12-10,2011,290087.0,499011.0,332674,222727.0,0.0,0.0,7.0,49.0,596.0,5849.0,59447.0,25912.0
2011-12-13,2011,80967.0,146163.0,97442,67159.5,0.0,0.0,1.0,24.0,192.0,1730.0,17652.0,8377.0
2011-12-14,2011,141804.0,254595.0,169730,140647.0,0.0,1.0,5.0,34.0,289.0,3106.0,30443.0,14434.0
2011-12-16,2011,155268.0,269335.5,179557,124175.0,0.0,0.0,4.0,32.0,283.0,3272.0,32383.0,15326.0
2011-12-17,2011,291902.0,502338.0,334892,956794.0,1.0,0.0,8.0,61.0,650.0,5830.0,60868.0,26472.0
2011-12-20,2011,79207.0,142608.0,95072,63470.0,0.0,0.0,1.0,20.0,177.0,1774.0,17025.0,7340.0
2011-12-21,2011,147764.0,264259.5,176173,123729.0,0.0,0.0,4.0,28.0,314.0,3291.0,31868.0,15772.0
2011-12-23,2011,162340.0,281601.0,187734,158405.0,0.0,1.0,9.0,39.0,337.0,3368.0,33543.0,14626.0
2011-12-24,2011,327702.0,563929.5,375953,264902.0,0.0,0.0,11.0,73.0,686.0,6924.0,67913.0,29424.0
2011-12-27,2011,86826.0,156318.0,104212,70296.0,0.0,0.0,1.0,21.0,187.0,1873.0,18720.0,9034.0
2011-12-28,2011,153286.0,275442.0,183628,124218.5,0.0,0.0,2.0,34.0,358.0,3321.0,33363.0,15285.0
2011-12-30,2011,178757.0,311851.5,207901,144949.5,0.0,0.0,5.0,47.0,353.0,3754.0,37100.0,17013.0
2011-12-31,2011,432649.0,759462.0,506308,354509.5,0.0,1.0,6.0,87.0,849.0,8960.0,91046.0,40825.0
2012-01-03,2012,86732.0,156688.5,104459,72360.0,0.0,0.0,3.0,10.0,195.0,1893.0,18857.0,8854.0
2012-01-04,2012,146247.0,263430.0,175620,140087.0,0.0,1.0,4.0,24.0,363.0,3143.0,31818.0,13784.0
2012-01-06,2012,159603.0,276561.0,184374,123932.0,0.0,0.0,3.0,39.0,309.0,3265.0,33102.0,14282.0
2012-01-07,2012,300981.0,518094.0,345396,265561.5,0.0,2.0,2.0,64.0,636.0,6287.0,62138.0,26887.0
2012-01-10,2012,77612.0,139611.0,93074,61799.5,0.0,0.0,1.0,18.0,161.0,1674.0,16811.0,7325.0
2012-01-11,2012,149361.0,267622.5,178415,122772.5,0.0,0.0,4.0,27.0,328.0,3216.0,32363.0,14671.0
2012-01-13,2012,392354.0,689272.5,459515,310497.5,0.0,0.0,8.0,77.0,846.0,8364.0,82821.0,36477.0
2012-01-14,2012,303637.0,524316.0,349544,235852.0,0.0,0.0,7.0,44.0,614.0,6350.0,62794.0,28956.0
2012-01-17,2012,79939.0,143919.0,95946,66460.5,0.0,0.0,2.0,19.0,176.0,1698.0,17065.0,8347.0
2012-01-18,2012,156955.0,281500.5,187667,121667.5,0.0,0.0,3.0,24.0,312.0,3296.0,33693.0,13841.0
2012-01-20,2012,151218.0,261399.0,174266,111226.0,0.0,0.0,0.0,34.0,308.0,3104.0,31152.0,13628.0
2012-01-21,2012,290115.0,499260.0,332840,228312.0,0.0,0.0,5.0,66.0,564.0,5912.0,59972.0,29552.0
2012-01-24,2012,74647.0,134967.0,89978,63929.0,0.0,0.0,3.0,12.0,177.0,1692.0,16114.0,7534.0
2012-01-25,2012,140614.0,252060.0,168040,150874.5,0.0,2.0,2.0,33.0,313.0,3030.0,30253.0,12239.0
2012-01-27,2012,151189.0,260862.0,173908,118630.0,0.0,0.0,3.0,29.0,347.0,3180.0,31210.0,14380.0
2012-01-28,2012,290174.0,498513.0,332342,233121.5,0.0,0.0,7.0,56.0,676.0,5956.0,59723.0,30117.0
2012-01-31,2012,78002.0,140797.5,93865,85765.5,0.0,1.0,2.0,21.0,152.0,1711.0,16824.0,8215.0
2012-02-01,2012,139421.0,250209.0,166806,111561.5,0.0,0.0,1.0,32.0,296.0,2992.0,30328.0,14417.0
2012-02-03,2012,147789.0,255730.5,170487,115101.5,0.0,0.0,2.0,24.0,309.0,3035.0,30660.0,15751.0
2012-02-04,2012,283239.0,487342.5,324895,241018.5,0.0,1.0,3.0,70.0,624.0,5967.0,58426.0,27901.0
2012-02-07,2012,84043.0,151654.5,101103,69448.0,0.0,0.0,2.0,24.0,155.0,1793.0,18122.0,8226.0
2012-02-08,2012,150467.0,269434.5,179623,138273.0,0.0,1.0,1.0,36.0,299.0,3350.0,32409.0,14350.0
2012-02-10,2012,148829.0,256518.0,171012,122902.0,0.0,0.0,5.0,37.0,325.0,3074.0,30965.0,14468.0
2012-02-11,2012,298345.0,513913.5,342609,236487.0,0.0,0.0,9.0,51.0,571.0,6191.0,61317.0,28852.0
2012-02-14,2012,82496.0,148960.5,99307,70898.5,0.0,0.0,3.0,25.0,172.0,1790.0,17881.0,7831.0
2012-02-15,2012,140551.0,252354.0,168236,111188.5,0.0,0.0,2.0,29.0,290.0,3004.0,30178.0,13475.0
2012-02-17,2012,148075.0,256344.0,170896,115373.0,0.0,0.0,4.0,22.0,323.0,3058.0,30635.0,13302.0
2012-02-18,2012,287104.0,494208.0,329472,214356.0,0.0,0.0,3.0,49.0,569.0,5914.0,59048.0,26340.0
2012-02-21,2012,80590.0,145621.5,97081,65303.0,0.0,0.0,1.0,18.0,153.0,1759.0,17525.0,8532.0
2012-02-22,2012,136408.0,245022.0,163348,984685.0,1.0,0.0,3.0,32.0,304.0,2914.0,29493.0,11766.0
2012-02-24,2012,149775.0,258808.5,172539,125877.0,0.0,0.0,6.0,39.0,287.0,3253.0,31053.0,14644.0
2012-02-25,2012,281309.0,482589.0,321726,236142.0,0.0,1.0,2.0,65.0,571.0,5837.0,57808.0,28614.0
2012-02-28,2012,75207.0,134320.5,89547,66544.0,0.0,0.0,4.0,11.0,161.0,1626.0,16074.0,8564.0
2012-02-29,2012,142805.0,255540.0,170360,111174.5,0.0,0.0,1.0,28.0,296.0,3043.0,30533.0,14249.0
2012-03-02,2012,150654.0,259558.5,173039,117130.5,0.0,0.0,3.0,30.0,328.0,3091.0,31306.0,13669.0
2012-03-03,2012,293527.0,503824.5,335883,228148.0,0.0,0.0,4.0,59.0,617.0,5970.0,60639.0,29920.0
2012-03-06,2012,76231.0,136591.5,91061,61436.0,0.0,0.0,1.0,23.0,167.0,1587.0,16460.0,7094.0
2012-03-07,2012,137064.0,245200.5,163467,111546.0,0.0,0.0,3.0,23.0,288.0,3035.0,29729.0,13702.0
2012-03-09,2012,147333.0,253611.0,169074,112905.5,0.0,0.0,1.0,36.0,298.0,3025.0,30409.0,14535.0
2012-03-10,2012,285684.0,490126.5,326751,226426.5,0.0,0.0,10.0,46.0,581.0,5740.0,58789.0,26219.0
2012-03-13,2012,79521.0,142786.5,95191,61793.0,0.0,0.0,0.0,20.0,172.0,1817.0,17111.0,7364.0
2012-03-14,2012,135218.0,241696.5,161131,111417.5,0.0,0.0,3.0,28.0,291.0,2866.0,29180.0,14205.0
2012-03-16,2012,144868.0,249516.0,166344,110745.5,0.0,0.0,2.0,27.0,310.0,2967.0,30394.0,13015.0
2012-03-17,2012,278556.0,478203.0,318802,216589.5,0.0,0.0,4.0,61.0,583.0,5736.0,57384.0,27521.0
2012-03-20,2012,73747.0,131652.0,87768,57574.5,0.0,0.0,0.0,14.0,184.0,1664.0,15715.0,7563.0
2012-03-21,2012,142433.0,254631.0,169754,141354.5,0.0,1.0,5.0,27.0,307.0,3071.0,30991.0,14985.0
2012-03-23,2012,142686.0,245341.5,163561,116548.5,0.0,0.0,5.0,33.0,276.0,2896.0,29436.0,14051.0
2012-03-24,2012,284503.0,488235.0,325490,220746.5,0.0,0.0,3.0,67.0,585.0,5844.0,58398.0,29087.0
2012-03-27,2012,72057.0,128913.0,85942,57987.0,0.0,0.0,2.0,8.0,150.0,1526.0,15279.0,7466.0
2012-03-28,2012,132534.0,237219.0,158146,108662.0,0.0,0.0,2.0,29.0,259.0,2841.0,28712.0,14702.0
2012-03-30,2012,140764.0,242325.0,161550,110855.0,0.0,0.0,3.0,25.0,308.0,3000.0,28873.0,13966.0
2012-03-31,2012,282424.0,484624.5,323083,219792.5,0.0,0.0,6.0,52.0,562.0,5961.0,57869.0,27073.0
2012-04-03,2012,79726.0,142237.5,94825,60594.0,0.0,0.0,0.0,17.0,173.0,1664.0,17031.0,7568.0
2012-04-04,2012,144618.0,258382.5,172255,118944.0,0.0,0.0,4.0,31.0,315.0,3157.0,31110.0,13626.0
2012-04-06,2012,150963.0,259383.0,172922,136689.5,0.0,1.0,2.0,28.0,344.0,3065.0,31226.0,14955.0
2012-04-07,2012,290816.0,499188.0,332792,224749.5,0.0,0.0,7.0,52.0,597.0,6007.0,60072.0,25487.0
2012-04-10,2012,72218.0,129915.0,86610,61574.5,0.0,0.0,2.0,24.0,157.0,1516.0,15571.0,7275.0
2012-04-11,2012,142418.0,255235.5,170157,116523.5,0.0,0.0,3.0,38.0,296.0,3047.0,30481.0,13871.0
2012-04-13,2012,326475.0,563658.0,375772,256532.5,0.0,0.0,8.0,61.0,715.0,6737.0,67772.0,29869.0
2012-04-14,2012,295500.0,508966.5,339311,240424.5,0.0,1.0,2.0,57.0,639.0,6023.0,60919.0,26861.0
2012-04-17,2012,73494.0,132331.5,88221,62239.5,0.0,0.0,2.0,17.0,159.0,1560.0,15758.0,8229.0
2012-04-18,2012,134511.0,241381.5,160921,103909.0,0.0,0.0,1.0,27.0,280.0,2887.0,28892.0,12460.0
2012-04-20,2012,147220.0,253749.0,169166,109636.0,0.0,0.0,1.0,31.0,288.0,3099.0,30246.0,13126.0
2012-04-21,2012,278467.0,477988.5,318659,210485.5,0.0,0.0,2.0,70.0,570.0,5720.0,57831.0,24549.0
2012-04-24,2012,77217.0,138972.0,92648,63580.0,0.0,0.0,2.0,15.0,174.0,1700.0,16678.0,7496.0
2012-04-25,2012,133622.0,239331.0,159554,109464.0,0.0,0.0,2.0,33.0,278.0,2905.0,28624.0,14354.0
2012-04-27,2012,148550.0,257119.5,171413,115140.0,0.0,0.0,2.0,35.0,290.0,3046.0,30953.0,14136.0
2012-04-28,2012,281424.0,482635.5,321757,213070.5,0.0,0.0,6.0,56.0,578.0,5759.0,57561.0,22929.0
2012-05-01,2012,63232.0,114742.5,76495,50064.5,0.0,0.0,1.0,11.0,118.0,1308.0,13911.0,6095.0
2012-05-02,2012,128618.0,231175.5,154117,104823.0,0.0,0.0,3.0,18.0,300.0,2701.0,27671.0,13584.0
2012-05-04,2012,148440.0,256275.0,170850,125300.5,0.0,0.0,6.0,40.0,293.0,3179.0,30822.0,14601.0
2012-05-05,2012,283525.0,486472.5,324315,246810.0,0.0,1.0,8.0,56.0,606.0,6007.0,57909.0,27758.0
2012-05-08,2012,80467.0,145392.0,96928,64821.5,0.0,0.0,2.0,11.0,165.0,1747.0,17588.0,7607.0
2012-05-09,2012,144941.0,259995.0,173330,121929.0,0.0,0.0,3.0,34.0,321.0,3120.0,31355.0,16266.0
2012-05-11,2012,148279.0,257302.5,171535,121547.5,0.0,0.0,3.0,39.0,331.0,3140.0,30740.0,15965.0
2012-05-12,2012,286294.0,493144.5,328763,217002.5,0.0,0.0,3.0,57.0,599.0,5931.0,59027.0,26609.0
2012-05-15,2012,88808.0,160498.5,106999,73246.5,0.0,0.0,3.0,12.0,196.0,1931.0,19170.0,8621.0
2012-05-16,2012,141297.0,253057.5,168705,1210794.0,1.0,0.0,1.0,29.0,318.0,2983.0,30259.0,14134.0
2012-05-18,2012,149361.0,258196.5,172131,132770.5,0.0,1.0,0.0,42.0,297.0,3127.0,31008.0,13853.0
2012-05-19,2012,265977.0,456517.5,304345,229391.5,0.0,1.0,5.0,71.0,562.0,5534.0,54621.0,24693.0
2012-05-22,2012,92685.0,166023.0,110682,75894.0,0.0,0.0,2.0,24.0,195.0,1959.0,20167.0,8710.0
2012-05-23,2012,131445.0,234495.0,156330,110647.5,0.0,0.0,4.0,38.0,277.0,2866.0,28114.0,12633.0
2012-05-25,2012,162175.0,281608.5,187739,128941.5,0.0,0.0,4.0,35.0,335.0,3341.0,33593.0,15567.0
2012-05-26,2012,272552.0,466558.5,311039,502617.0,1.0,1.0,2.0,57.0,575.0,5386.0,55898.0,27994.0
2012-05-29,2012,97862.0,175132.5,116755,78334.5,0.0,0.0,1.0,20.0,217.0,2147.0,21075.0,10073.0
2012-05-30,2012,129405.0,230767.5,153845,104868.5,0.0,0.0,3.0,28.0,292.0,2790.0,27707.0,12043.0
2012-06-01,2012,191698.0,332827.5,221885,153319.0,0.0,0.0,5.0,34.0,403.0,3970.0,39939.0,19154.0
2012-06-02,2012,274358.0,469726.5,313151,242644.0,0.0,1.0,10.0,61.0,558.0,5726.0,56595.0,24976.0
2012-06-05,2012,134069.0,238696.5,159131,104453.5,0.0,0.0,1.0,26.0,278.0,2901.0,28959.0,12847.0
2012-06-06,2012,134084.0,239452.5,159635,115012.0,0.0,0.0,5.0,28.0,310.0,2906.0,28832.0,14012.0
2012-06-08,2012,234989.0,408100.5,272067,177433.0,0.0,0.0,3.0,39.0,476.0,4883.0,49216.0,20844.0
2012-06-09,2012,279092.0,478701.0,319134,210401.5,0.0,0.0,4.0,43.0,581.0,5732.0,57650.0,25481.0
2012-06-12,2012,86653.0,154965.0,103310,67401.5,0.0,0.0,0.0,20.0,194.0,1879.0,18506.0,8743.0
2012-06-13,2012,135563.0,241638.0,161092,122805.0,0.0,1.0,0.0,26.0,296.0,2884.0,28827.0,13074.0
2012-06-15,2012,157843.0,271512.0,181008,127876.5,0.0,0.0,6.0,31.0,323.0,3261.0,32814.0,14189.0
2012-06-16,2012,277480.0,474771.0,316514,216085.0,0.0,0.0,6.0,73.0,558.0,5590.0,56943.0,24326.0
2012-06-19,2012,82091.0,146359.5,97573,67672.0,0.0,0.0,2.0,18.0,169.0,1714.0,17653.0,8544.0
2012-06-20,2012,132557.0,236145.0,157430,109946.5,0.0,0.0,4.0,28.0,283.0,2853.0,28397.0,13085.0
2012-06-22,2012,148557.0,254940.0,169960,134622.0,0.0,1.0,1.0,46.0,296.0,3060.0,30565.0,14048.0
2012-06-23,2012,275720.0,472786.5,315191,211548.5,0.0,0.0,1.0,65.0,543.0,5678.0,56618.0,29375.0
2012-06-26,2012,84662.0,150738.0,100492,72967.5,0.0,0.0,4.0,17.0,180.0,1894.0,18107.0,8189.0
2012-06-27,2012,139569.0,248976.0,165984,114505.0,0.0,0.0,2.0,35.0,277.0,2975.0,29983.0,15416.0
2012-06-29,2012,153850.0,264894.0,176596,118224.0,0.0,0.0,2.0,40.0,310.0,3155.0,31554.0,14094.0
2012-06-30,2012,269420.0,461721.0,307814,227991.5,0.0,1.0,4.0,51.0,548.0,5593.0,55283.0,26867.0
2012-07-03,2012,86502.0,154620.0,103080,73458.0,0.0,0.0,4.0,19.0,185.0,1894.0,18265.0,7972.0
2012-07-04,2012,135707.0,242185.5,161457,127349.5,0.0,1.0,1.0,38.0,309.0,2952.0,28846.0,12745.0
2012-07-06,2012,152803.0,263854.5,175903,126196.5,0.0,0.0,7.0,25.0,340.0,3201.0,31356.0,14453.0
2012-07-07,2012,266560.0,456799.5,304533,207663.0,0.0,0.0,5.0,52.0,531.0,5374.0,54926.0,26614.0
2012-07-10,2012,89826.0,160996.5,107331,73078.0,0.0,0.0,2.0,19.0,207.0,1934.0,19362.0,8496.0
2012-07-11,2012,128615.0,229221.0,152814,108616.5,0.0,0.0,5.0,25.0,290.0,2733.0,27724.0,12469.0
2012-07-13,2012,336207.0,583542.0,389028,290821.5,0.0,1.0,9.0,77.0,661.0,6973.0,69982.0,32915.0
2012-07-14,2012,264353.0,454411.5,302941,197982.0,0.0,0.0,5.0,40.0,555.0,5464.0,54590.0,21588.0
2012-07-17,2012,96366.0,171933.0,114622,89610.5,0.0,0.0,7.0,27.0,221.0,2041.0,20649.0,9525.0
2012-07-18,2012,134141.0,239611.5,159741,109853.0,0.0,0.0,4.0,27.0,279.0,2847.0,28584.0,12980.0
2012-07-20,2012,168118.0,291130.5,194087,128939.0,0.0,0.0,3.0,28.0,364.0,3516.0,34763.0,15302.0
2012-07-21,2012,234687.0,400788.0,267192,192999.0,0.0,0.0,9.0,51.0,481.0,4905.0,48041.0,23048.0
2012-07-24,2012,100936.0,180700.5,120467,80544.0,0.0,0.0,2.0,21.0,218.0,2162.0,21483.0,9472.0
2012-07-25,2012,124827.0,222166.5,148111,102854.5,0.0,0.0,3.0,27.0,298.0,2639.0,26423.0,12969.0
2012-07-27,2012,170279.0,295429.5,196953,179487.0,0.0,2.0,7.0,27.0,350.0,3587.0,35957.0,15492.0
2012-07-28,2012,257690.0,441414.0,294276,196457.5,0.0,0.0,3.0,46.0,489.0,5231.0,52928.0,26311.0
2012-07-31,2012,127900.0,227542.5,151695,979352.0,1.0,0.0,4.0,23.0,270.0,2639.0,27646.0,11910.0
2012-08-01,2012,135915.0,241507.5,161005,105351.0,0.0,0.0,2.0,22.0,275.0,2914.0,28992.0,12598.0
2012-08-03,2012,216397.0,375535.5,250357,174419.5,0.0,0.0,6.0,52.0,456.0,4511.0,45170.0,20003.0
2012-08-04,2012,270440.0,463506.0,309004,206301.5,0.0,0.0,6.0,48.0,578.0,5626.0,55711.0,22393.0
2012-08-07,2012,209025.0,366532.5,244355,166862.0,0.0,0.0,4.0,48.0,439.0,4508.0,43968.0,20004.0
2012-08-08,2012,146937.0,261055.5,174037,117578.0,0.0,0.0,3.0,30.0,308.0,3103.0,31363.0,14118.0
2012-08-10,2012,303732.0,527770.5,351847,239247.0,0.0,0.0,5.0,67.0,642.0,6250.0,63488.0,29854.0
2012-08-11,2012,279455.0,478860.0,319240,237610.5,0.0,1.0,3.0,66.0,602.0,5730.0,57531.0,28439.0
2012-08-14,2012,91156.0,162477.0,108318,76900.5,0.0,0.0,3.0,22.0,198.0,1945.0,19414.0,9325.0
2012-08-15,2012,138697.0,246720.0,164480,117021.5,0.0,0.0,4.0,27.0,303.0,3012.0,29553.0,15597.0
2012-08-17,2012,144326.0,248115.0,165410,140858.5,0.0,1.0,8.0,29.0,264.0,2889.0,29772.0,13193.0
2012-08-18,2012,257301.0,439750.5,293167,199591.5,0.0,0.0,6.0,44.0,533.0,5267.0,53103.0,23727.0
2012-08-21,2012,87797.0,156232.5,104155,66368.0,0.0,0.0,0.0,11.0,197.0,1860.0,18735.0,8972.0
2012-08-22,2012,132699.0,235699.5,157133,104686.0,0.0,0.0,2.0,29.0,284.0,2714.0,27981.0,13116.0
2012-08-24,2012,151190.0,259785.0,173190,117322.0,0.0,0.0,3.0,33.0,318.0,3101.0,31185.0,13658.0
2012-08-25,2012,263900.0,451072.5,300715,212799.5,0.0,0.0,7.0,64.0,583.0,5402.0,53900.0,26353.0
2012-08-28,2012,80711.0,142690.5,95127,62743.0,0.0,0.0,1.0,14.0,178.0,1674.0,17068.0,7918.0
2012-08-29,2012,128334.0,227997.0,151998,103865.5,0.0,0.0,3.0,25.0,271.0,2755.0,27575.0,12347.0
2012-08-31,2012,148202.0,254221.5,169481,115417.5,0.0,0.0,3.0,35.0,299.0,3027.0,30659.0,13323.0
2012-09-01,2012,265030.0,452709.0,301806,203501.5,0.0,0.0,5.0,38.0,562.0,5384.0,54484.0,25849.0
2012-09-04,2012,86118.0,153216.0,102144,67297.5,0.0,0.0,0.0,25.0,200.0,1863.0,18240.0,8335.0
2012-09-05,2012,129568.0,229839.0,153226,106782.0,0.0,0.0,3.0,21.0,275.0,2846.0,27689.0,14316.0
2012-09-07,2012,151308.0,260298.0,173532,116373.0,0.0,0.0,3.0,25.0,286.0,3045.0,31138.0,14768.0
2012-09-08,2012,259498.0,443617.5,295745,221486.0,0.0,1.0,6.0,47.0,536.0,5386.0,53299.0,23892.0
2012-09-11,2012,80465.0,143401.5,95601,64497.5,0.0,0.0,2.0,10.0,173.0,1671.0,17327.0,8019.0
2012-09-12,2012,127464.0,226915.5,151277,97367.0,0.0,0.0,1.0,16.0,290.0,2692.0,27248.0,12274.0
2012-09-14,2012,145213.0,249229.5,166153,108283.5,0.0,0.0,1.0,25.0,291.0,2987.0,29840.0,13899.0
2012-09-15,2012,260605.0,445231.5,296821,200013.5,0.0,0.0,4.0,50.0,514.0,5385.0,53328.0,25435.0
2012-09-18,2012,78801.0,139683.0,93122,58321.0,0.0,0.0,0.0,11.0,167.0,1699.0,16746.0,7196.0
2012-09-19,2012,133650.0,237063.0,158042,110256.5,0.0,0.0,4.0,34.0,271.0,2874.0,28393.0,12587.0
2012-09-21,2012,148492.0,254224.5,169483,117638.5,0.0,0.0,5.0,22.0,339.0,3006.0,30584.0,13507.0
2012-09-22,2012,266367.0,455164.5,303443,210126.0,0.0,0.0,5.0,59.0,561.0,5453.0,54504.0,27222.0
2012-09-25,2012,82175.0,146859.0,97906,72682.0,0.0,0.0,4.0,14.0,193.0,1784.0,17765.0,9048.0
2012-09-26,2012,137531.0,244800.0,163200,108848.0,0.0,0.0,1.0,30.0,317.0,2956.0,29253.0,14148.0
2012-09-28,2012,212453.0,368670.0,245780,178461.0,0.0,0.0,9.0,48.0,435.0,4384.0,44774.0,20462.0
2012-09-29,2012,262200.0,448854.0,299236,206038.0,0.0,0.0,6.0,57.0,536.0,5396.0,54256.0,24284.0
2012-10-02,2012,83277.0,149014.5,99343,64667.5,0.0,0.0,1.0,8.0,178.0,1780.0,18042.0,8349.0
2012-10-03,2012,128335.0,229054.5,152703,123204.5,0.0,1.0,2.0,31.0,275.0,2716.0,27414.0,12731.0
2012-10-05,2012,154943.0,266781.0,177854,117644.5,0.0,0.0,1.0,31.0,337.0,3161.0,31980.0,15293.0
2012-10-06,2012,258966.0,443332.5,295555,200371.0,0.0,0.0,4.0,62.0,517.0,5501.0,53111.0,23936.0
2012-10-09,2012,85380.0,153940.5,102627,89273.0,0.0,1.0,2.0,18.0,181.0,1895.0,18346.0,7924.0
2012-10-10,2012,127064.0,227541.0,151694,104129.0,0.0,0.0,3.0,27.0,269.0,2737.0,27355.0,12636.0
2012-10-12,2012,153139.0,264748.5,176499,117230.0,0.0,0.0,1.0,32.0,327.0,3076.0,31740.0,15620.0
2012-10-13,2012,263008.0,450456.0,300304,253507.5,0.0,2.0,9.0,61.0,560.0,5346.0,53890.0,25065.0
2012-10-16,2012,86247.0,155598.0,103732,70332.0,0.0,0.0,1.0,16.0,176.0,1889.0,18849.0,9646.0
2012-10-17,2012,125699.0,225223.5,150149,98335.0,0.0,0.0,1.0,23.0,278.0,2751.0,27090.0,12160.0
2012-10-19,2012,152714.0,264210.0,176140,116050.0,0.0,0.0,2.0,35.0,307.0,3179.0,31420.0,13450.0
2012-10-20,2012,259453.0,444627.0,296418,1223679.5,1.0,0.0,6.0,46.0,540.0,5318.0,52911.0,22845.0
2012-10-23,2012,86845.0,154314.0,102876,73118.5,0.0,0.0,2.0,25.0,175.0,1936.0,18348.0,9495.0
2012-10-24,2012,123319.0,218599.5,145733,100097.0,0.0,0.0,3.0,26.0,254.0,2582.0,26227.0,12302.0
2012-10-26,2012,154598.0,266019.0,177346,126555.5,0.0,0.0,6.0,33.0,330.0,3168.0,31846.0,14549.0
2012-10-27,2012,257349.0,438712.5,292475,202290.0,0.0,0.0,6.0,52.0,529.0,5273.0,52253.0,25626.0
2012-10-30,2012,107410.0,190116.0,126744,83667.5,0.0,0.0,1.0,20.0,226.0,2256.0,22857.0,10769.0
2012-10-31,2012,132105.0,233388.0,155592,112292.5,0.0,0.0,7.0,29.0,297.0,2816.0,27822.0,11219.0
2012-11-02,2012,169520.0,292524.0,195016,132764.0,0.0,0.0,3.0,37.0,347.0,3416.0,35180.0,16656.0
2012-11-03,2012,253920.0,433663.5,289109,194426.5,0.0,0.0,5.0,62.0,546.0,5257.0,51876.0,20713.0
2012-11-06,2012,126347.0,223131.0,148754,96058.0,0.0,0.0,1.0,21.0,254.0,2668.0,26725.0,11992.0
2012-11-07,2012,125773.0,223539.0,149026,101396.0,0.0,0.0,3.0,30.0,255.0,2670.0,26785.0,11584.0
2012-11-09,2012,199727.0,344767.5,229845,152518.5,0.0,0.0,2.0,51.0,411.0,4158.0,41059.0,18127.0
2012-11-10,2012,263964.0,450102.0,300068,202735.5,0.0,0.0,4.0,60.0,542.0,5273.0,53962.0,25071.0
2012-11-13,2012,141079.0,249103.5,166069,114846.5,0.0,0.0,3.0,28.0,326.0,2866.0,29823.0,15167.0
2012-11-14,2012,135529.0,240100.5,160067,103002.5,0.0,0.0,1.0,25.0,238.0,2975.0,28724.0,12613.0
2012-11-16,2012,149565.0,257083.5,171389,121673.0,0.0,0.0,5.0,37.0,333.0,3050.0,31277.0,13206.0
2012-11-17,2012,270851.0,462810.0,308540,211523.0,0.0,0.0,5.0,64.0,543.0,5507.0,55727.0,25916.0
2012-11-20,2012,85289.0,151197.0,100798,86980.0,0.0,1.0,1.0,17.0,174.0,1761.0,18199.0,8598.0
2012-11-21,2012,125277.0,222619.5,148413,101847.0,0.0,0.0,3.0,28.0,260.0,2654.0,26794.0,12126.0
2012-11-23,2012,146227.0,250548.0,167032,115808.0,0.0,0.0,2.0,43.0,311.0,3107.0,30189.0,14050.0
2012-11-24,2012,263894.0,449782.5,299855,205271.5,0.0,0.0,4.0,67.0,537.0,5235.0,53784.0,26259.0
2012-11-27,2012,87693.0,154914.0,103276,70148.0,0.0,0.0,2.0,14.0,198.0,1790.0,18559.0,8880.0
2012-11-28,2012,135184.0,239754.0,159836,104888.5,0.0,0.0,1.0,25.0,277.0,2866.0,28888.0,13495.0
2012-11-30,2012,155843.0,266880.0,177920,119602.5,0.0,0.0,3.0,33.0,316.0,3214.0,32119.0,13583.0
2012-12-01,2012,276862.0,472861.5,315241,217618.5,0.0,0.0,7.0,43.0,532.0,5809.0,56492.0,28233.0
2012-12-04,2012,91869.0,162385.5,108257,98143.0,0.0,1.0,3.0,26.0,189.0,1998.0,19535.0,9402.0
2012-12-05,2012,128974.0,229339.5,152893,100908.5,0.0,0.0,1.0,29.0,284.0,2752.0,27634.0,12267.0
2012-12-07,2012,154583.0,266037.0,177358,124240.5,0.0,0.0,4.0,46.0,341.0,3221.0,31866.0,13589.0
2012-12-08,2012,265642.0,453315.0,302210,244989.5,0.0,2.0,5.0,57.0,524.0,5382.0,54451.0,24865.0
2012-12-11,2012,95603.0,169662.0,113108,74068.5,0.0,0.0,2.0,12.0,202.0,1970.0,20254.0,8847.0
2012-12-12,2012,137470.0,243510.0,162340,108873.0,0.0,0.0,2.0,32.0,315.0,2892.0,29084.0,13030.0
2012-12-14,2012,159733.0,275086.5,183391,118907.0,0.0,0.0,1.0,29.0,315.0,3256.0,32715.0,15398.0
2012-12-15,2012,261802.0,447327.0,298218,212293.0,0.0,0.0,7.0,72.0,541.0,5327.0,53668.0,26068.0
2012-12-18,2012,99613.0,176877.0,117918,77677.0,0.0,0.0,0.0,23.0,227.0,2116.0,21291.0,10250.0
2012-12-19,2012,134013.0,238290.0,158860,104214.5,0.0,0.0,1.0,29.0,284.0,2958.0,28562.0,12547.0
2012-12-21,2012,177459.0,306589.5,204393,147783.5,0.0,0.0,6.0,37.0,377.0,3604.0,37206.0,18941.0
2012-12-22,2012,268440.0,459468.0,306312,206977.0,0.0,0.0,6.0,48.0,562.0,5375.0,55046.0,24780.0
2012-12-24,2012,172657.0,316503.0,211002,163945.5,0.0,1.0,4.0,44.0,409.0,3708.0,37720.0,16657.0
2012-12-25,2012,76326.0,134563.5,89709,60813.5,0.0,0.0,1.0,21.0,138.0,1671.0,16137.0,7483.0
2012-12-26,2012,128068.0,229372.5,152915,104979.0,0.0,0.0,2.0,34.0,248.0,2826.0,27322.0,13630.0
2012-12-28,2012,151538.0,261898.5,174599,123223.5,0.0,0.0,5.0,34.0,327.0,3153.0,31437.0,14163.0
2012-12-29,2012,258583.0,443322.0,295548,199416.5,0.0,0.0,4.0,59.0,558.0,5364.0,53020.0,23731.0
2012-12-31,2012,219314.0,398829.0,265886,195668.0,0.0,1.0,1.0,56.0,497.0,4755.0,48034.0,21790.0
2013-01-01,2013,86255.0,152320.5,101547,68734.0,0.0,0.0,2.0,20.0,161.0,1875.0,18179.0,7854.0
2013-01-02,2013,127440.0,228634.5,152423,102828.0,0.0,0.0,3.0,23.0,244.0,2760.0,27453.0,12428.0
2013-01-04,2013,142617.0,246303.0,164202,112266.5,0.0,0.0,3.0,35.0,306.0,2898.0,29612.0,12955.0
2013-01-05,2013,267870.0,460177.5,306785,208390.0,0.0,0.0,3.0,68.0,546.0,5528.0,55573.0,26056.0
2013-01-08,2013,86361.0,154902.0,103268,69443.0,0.0,0.0,2.0,17.0,184.0,1833.0,18539.0,8080.0
2013-01-09,2013,137568.0,247140.0,164760,117940.5,0.0,0.0,5.0,29.0,283.0,3025.0,29808.0,14493.0
2013-01-11,2013,147348.0,254512.5,169675,111378.0,0.0,0.0,2.0,25.0,312.0,3105.0,30216.0,13454.0
2013-01-12,2013,270506.0,464982.0,309988,215719.0,0.0,0.0,7.0,47.0,561.0,5604.0,56183.0,27142.0
2013-01-15,2013,78153.0,140019.0,93346,64822.0,0.0,0.0,2.0,13.0,164.0,1630.0,16865.0,8708.0
2013-01-16,2013,124356.0,222957.0,148638,100588.5,0.0,0.0,1.0,32.0,256.0,2689.0,26446.0,13821.0
2013-01-18,2013,139384.0,241381.5,160921,113177.0,0.0,0.0,3.0,37.0,303.0,2889.0,29253.0,13844.0
2013-01-19,2013,256539.0,440353.5,293569,232768.0,0.0,2.0,5.0,39.0,570.0,5209.0,52776.0,21314.0
2013-01-22,2013,80699.0,144765.0,96510,63895.0,0.0,0.0,1.0,18.0,156.0,1731.0,17332.0,7904.0
2013-01-23,2013,123944.0,222253.5,148169,107948.5,0.0,0.0,5.0,32.0,255.0,2788.0,26643.0,12815.0
2013-01-25,2013,141614.0,245448.0,163632,109999.5,0.0,0.0,2.0,29.0,280.0,2915.0,29474.0,14051.0
2013-01-26,2013,250860.0,430719.0,287146,181059.0,0.0,0.0,0.0,39.0,514.0,5162.0,51987.0,22130.0
2013-01-29,2013,78572.0,143209.5,95473,63763.5,0.0,0.0,0.0,23.0,173.0,1702.0,17452.0,8193.0
2013-01-30,2013,125006.0,225388.5,150259,101166.0,0.0,0.0,3.0,30.0,265.0,2747.0,26850.0,10954.0
2013-02-01,2013,141152.0,245029.5,163353,117850.0,0.0,0.0,6.0,18.0,308.0,2970.0,29262.0,15144.0
2013-02-02,2013,258457.0,444870.0,296580,204670.5,0.0,0.0,5.0,49.0,565.0,5456.0,53523.0,26163.0
2013-02-05,2013,84093.0,152514.0,101676,71299.0,0.0,0.0,3.0,16.0,172.0,1819.0,18488.0,8392.0
2013-02-06,2013,128653.0,232219.5,154813,110860.0,0.0,0.0,7.0,22.0,301.0,2847.0,27665.0,11250.0
2013-02-08,2013,144811.0,252508.5,168339,117366.5,0.0,0.0,2.0,43.0,283.0,3040.0,30257.0,15595.0
2013-02-09,2013,262461.0,452095.5,301397,205756.5,0.0,0.0,7.0,54.0,520.0,5507.0,53795.0,23621.0
2013-02-12,2013,86484.0,156447.0,104298,67447.5,0.0,0.0,1.0,16.0,204.0,1837.0,18579.0,7883.0
2013-02-13,2013,127203.0,229386.0,152924,101541.0,0.0,0.0,1.0,32.0,292.0,2688.0,27305.0,12834.0
2013-02-15,2013,145744.0,253756.5,169171,135633.5,0.0,1.0,2.0,26.0,306.0,3080.0,30573.0,15845.0
2013-02-16,2013,254771.0,439131.0,292754,222734.5,0.0,1.0,6.0,42.0,546.0,5240.0,52940.0,26223.0
2013-02-19,2013,90666.0,164350.5,109567,72148.5,0.0,0.0,1.0,17.0,190.0,1976.0,19767.0,9023.0
2013-02-20,2013,124199.0,223557.0,149038,105052.5,0.0,0.0,3.0,36.0,256.0,2688.0,26774.0,13163.0
2013-02-22,2013,139545.0,243861.0,162574,105083.5,0.0,0.0,1.0,20.0,308.0,2905.0,28661.0,14051.0
2013-02-23,2013,251757.0,434356.5,289571,201699.0,0.0,0.0,8.0,52.0,493.0,5224.0,52228.0,23242.0
2013-02-26,2013,83669.0,152586.0,101724,69312.0,0.0,0.0,1.0,20.0,161.0,1903.0,18282.0,9342.0
2013-02-27,2013,126665.0,228711.0,152474,104750.0,0.0,0.0,3.0,24.0,312.0,2742.0,27505.0,12660.0
2013-03-01,2013,147945.0,259002.0,172668,118222.0,0.0,0.0,4.0,33.0,314.0,3042.0,31127.0,13252.0
2013-03-02,2013,255257.0,440571.0,293714,199347.0,0.0,0.0,4.0,51.0,549.0,5326.0,52855.0,25218.0
2013-03-05,2013,87716.0,160012.5,106675,72241.0,0.0,0.0,2.0,19.0,187.0,1921.0,19305.0,8324.0
2013-03-06,2013,127128.0,230332.5,153555,104604.0,0.0,0.0,4.0,19.0,236.0,2732.0,27741.0,12628.0
2013-03-08,2013,151010.0,265639.5,177093,119736.0,0.0,0.0,3.0,32.0,262.0,3205.0,31889.0,14862.0
2013-03-09,2013,254207.0,440047.5,293365,204535.5,0.0,0.0,5.0,58.0,542.0,5313.0,52945.0,26427.0
2013-03-12,2013,78123.0,148677.0,99118,65238.0,0.0,0.0,0.0,26.0,156.0,1874.0,17939.0,7780.0
2013-03-13,2013,124632.0,229053.0,152702,113402.0,0.0,0.0,7.0,43.0,295.0,2655.0,27409.0,11206.0
2013-03-15,2013,144049.0,255667.5,170445,109514.0,0.0,0.0,0.0,35.0,280.0,3166.0,30801.0,12988.0
2013-03-16,2013,259815.0,451063.5,300709,1909203.0,1.0,0.0,7.0,53.0,533.0,5507.0,54154.0,25400.0
2013-03-19,2013,84940.0,152103.0,101402,67331.5,0.0,0.0,1.0,18.0,189.0,1845.0,18169.0,8259.0
2013-03-20,2013,129600.0,231304.5,154203,141664.5,0.0,2.0,1.0,33.0,266.0,2782.0,27789.0,12171.0
2013-03-22,2013,229669.0,401569.5,267713,179748.5,0.0,0.0,4.0,49.0,485.0,4836.0,47799.0,21647.0
2013-03-23,2013,264399.0,453723.0,302482,208151.5,0.0,0.0,6.0,50.0,525.0,5490.0,54687.0,25885.0
2013-03-26,2013,124921.0,222445.5,148297,100846.0,0.0,0.0,3.0,23.0,260.0,2643.0,26491.0,12566.0
2013-03-27,2013,139267.0,248145.0,165430,111505.5,0.0,0.0,1.0,41.0,291.0,3035.0,29917.0,13651.0
2013-03-29,2013,203506.0,352302.0,234868,160954.0,0.0,0.0,4.0,42.0,422.0,4153.0,42655.0,20026.0
2013-03-30,2013,274664.0,470433.0,313622,208536.5,0.0,0.0,5.0,62.0,554.0,5638.0,56352.0,22775.0
2013-04-02,2013,77206.0,137539.5,91693,63409.5,0.0,0.0,2.0,15.0,181.0,1586.0,16519.0,7881.0
2013-04-03,2013,121754.0,216600.0,144400,97564.5,0.0,0.0,1.0,31.0,261.0,2662.0,25845.0,12763.0
2013-04-05,2013,146205.0,251683.5,167789,119131.0,0.0,0.0,5.0,35.0,323.0,3024.0,30053.0,13630.0
2013-04-06,2013,251298.0,429855.0,286570,224032.0,0.0,1.0,9.0,55.0,520.0,5235.0,51884.0,23126.0
2013-04-09,2013,84614.0,149676.0,99784,66624.0,0.0,0.0,1.0,17.0,182.0,1841.0,18083.0,8142.0
2013-04-10,2013,126223.0,224286.0,149524,120263.0,0.0,1.0,1.0,25.0,252.0,2621.0,27071.0,13984.0
2013-04-12,2013,149094.0,256077.0,170718,116289.0,0.0,0.0,4.0,23.0,304.0,3050.0,30540.0,14186.0
2013-04-13,2013,256936.0,438825.0,292550,192189.5,0.0,0.0,3.0,66.0,483.0,5204.0,52622.0,21377.0
2013-04-16,2013,82755.0,146487.0,97658,67356.0,0.0,0.0,1.0,29.0,149.0,1828.0,17664.0,8072.0
2013-04-17,2013,121566.0,215910.0,143940,101443.0,0.0,0.0,4.0,28.0,275.0,2580.0,25963.0,11678.0
2013-04-19,2013,140374.0,240466.5,160311,131840.5,0.0,1.0,3.0,33.0,300.0,2975.0,28625.0,14077.0
2013-04-20,2013,246516.0,420751.5,280501,199294.0,0.0,0.0,8.0,59.0,497.0,4964.0,50256.0,24148.0
2013-04-23,2013,82749.0,146515.5,97677,90319.0,0.0,1.0,4.0,17.0,167.0,1804.0,17695.0,7446.0
2013-04-24,2013,119889.0,212865.0,141910,97283.5,0.0,0.0,2.0,32.0,253.0,2497.0,25595.0,12099.0
2013-04-26,2013,146770.0,252376.5,168251,113687.0,0.0,0.0,3.0,30.0,286.0,3090.0,29994.0,13686.0
2013-04-27,2013,248857.0,425389.5,283593,196671.0,0.0,0.0,4.0,69.0,523.0,5177.0,51041.0,24296.0
2013-04-30,2013,88076.0,155871.0,103914,71490.5,0.0,0.0,3.0,12.0,181.0,1884.0,18738.0,8383.0
2013-05-01,2013,119564.0,211665.0,141110,98163.5,0.0,0.0,3.0,25.0,248.0,2497.0,25437.0,12563.0
2013-05-03,2013,140338.0,241723.5,161149,99666.0,0.0,0.0,0.0,25.0,270.0,2760.0,28607.0,12168.0
2013-05-04,2013,255055.0,435438.0,290292,195228.5,0.0,0.0,5.0,52.0,497.0,5154.0,52694.0,22487.0
2013-05-07,2013,88628.0,156987.0,104658,73390.0,0.0,0.0,3.0,18.0,196.0,1886.0,18752.0,8624.0
2013-05-08,2013,139444.0,247044.0,164696,122417.5,0.0,0.0,7.0,39.0,310.0,2987.0,29713.0,13371.0
2013-05-10,2013,140831.0,242745.0,161830,113684.0,0.0,0.0,5.0,26.0,280.0,2823.0,29444.0,13254.0
2013-05-11,2013,245459.0,420378.0,280252,190709.0,0.0,0.0,4.0,45.0,479.0,4953.0,50419.0,25684.0
2013-05-14,2013,91835.0,163464.0,108976,77678.0,0.0,0.0,3.0,24.0,205.0,1930.0,19526.0,9384.0
2013-05-15,2013,142913.0,254023.5,169349,133927.0,0.0,1.0,2.0,28.0,322.0,3012.0,30063.0,15134.0
2013-05-17,2013,152317.0,262977.0,175318,114220.5,0.0,0.0,1.0,25.0,357.0,3109.0,31434.0,14445.0
2013-05-18,2013,276040.0,473511.0,315674,212384.0,0.0,0.0,5.0,55.0,559.0,5762.0,57262.0,24580.0
2013-05-21,2013,87039.0,154843.5,103229,72780.5,0.0,0.0,3.0,18.0,180.0,1833.0,18721.0,8649.0
2013-05-22,2013,130621.0,232176.0,154784,104152.5,0.0,0.0,1.0,34.0,245.0,2842.0,27790.0,13775.0
2013-05-24,2013,157275.0,272223.0,181482,127097.5,0.0,0.0,5.0,32.0,321.0,3316.0,32640.0,14945.0
2013-05-25,2013,257104.0,440068.5,293379,194037.0,0.0,0.0,3.0,50.0,534.0,5348.0,52505.0,23738.0
2013-05-28,2013,101250.0,180441.0,120294,83865.0,0.0,0.0,3.0,27.0,211.0,2108.0,21633.0,9626.0
2013-05-29,2013,134737.0,240081.0,160054,105687.5,0.0,0.0,2.0,28.0,260.0,2921.0,28749.0,12523.0
2013-05-31,2013,149386.0,257095.5,171397,112289.5,0.0,0.0,1.0,32.0,338.0,3057.0,30795.0,13503.0
2013-06-01,2013,260090.0,445272.0,296848,209787.0,0.0,0.0,7.0,56.0,556.0,5149.0,53800.0,26748.0
2013-06-04,2013,89857.0,159879.0,106586,69994.5,0.0,0.0,0.0,19.0,224.0,1889.0,19213.0,9229.0
2013-06-05,2013,138324.0,246645.0,164430,112174.0,0.0,0.0,2.0,34.0,276.0,3002.0,29376.0,14728.0
2013-06-07,2013,211033.0,367516.5,245011,184991.5,0.0,1.0,3.0,45.0,418.0,4514.0,44338.0,20257.0
2013-06-08,2013,263244.0,451951.5,301301,204449.0,0.0,0.0,7.0,40.0,504.0,5334.0,54512.0,24450.0
2013-06-11,2013,127072.0,227556.0,151704,100637.0,0.0,0.0,2.0,26.0,270.0,2598.0,27297.0,12302.0
2013-06-12,2013,127253.0,227262.0,151508,98753.5,0.0,0.0,1.0,18.0,263.0,2735.0,27099.0,13347.0
2013-06-14,2013,193233.0,335844.0,223896,157974.5,0.0,0.0,5.0,53.0,404.0,4021.0,40089.0,19341.0
2013-06-15,2013,253055.0,433555.5,289037,192016.0,0.0,0.0,3.0,46.0,565.0,5132.0,52318.0,23480.0
2013-06-18,2013,129365.0,231388.5,154259,104444.5,0.0,0.0,2.0,36.0,302.0,2775.0,27604.0,12081.0
2013-06-19,2013,131436.0,234213.0,156142,106062.5,0.0,0.0,2.0,34.0,302.0,2783.0,28080.0,12765.0
2013-06-21,2013,209056.0,365200.5,243467,170038.5,0.0,0.0,6.0,45.0,427.0,4370.0,44004.0,20427.0
2013-06-22,2013,248304.0,426570.0,284380,199321.5,0.0,0.0,6.0,56.0,515.0,5089.0,51370.0,25091.0
2013-06-25,2013,155365.0,276811.5,184541,138784.0,0.0,1.0,0.0,33.0,349.0,3322.0,33113.0,14912.0
2013-06-26,2013,129519.0,231514.5,154343,106645.0,0.0,0.0,2.0,35.0,281.0,2765.0,27645.0,13940.0
2013-06-28,2013,152716.0,264396.0,176264,114869.0,0.0,0.0,2.0,27.0,303.0,3145.0,31468.0,13832.0
2013-06-29,2013,256100.0,439488.0,292992,246361.0,0.0,2.0,8.0,52.0,488.0,5255.0,52580.0,25844.0
2013-07-02,2013,89938.0,160771.5,107181,68130.5,0.0,0.0,0.0,15.0,184.0,1941.0,18921.0,9269.0
2013-07-03,2013,135089.0,241585.5,161057,112085.0,0.0,0.0,4.0,26.0,293.0,2885.0,29133.0,13556.0
2013-07-05,2013,147965.0,256551.0,171034,114047.0,0.0,0.0,2.0,35.0,311.0,3027.0,30985.0,13148.0
2013-07-06,2013,253974.0,436693.5,291129,196758.0,0.0,0.0,4.0,68.0,522.0,5199.0,52500.0,22482.0
2013-07-09,2013,90017.0,160720.5,107147,73424.0,0.0,0.0,3.0,11.0,182.0,1982.0,19117.0,8960.0
2013-07-10,2013,136312.0,244294.5,162863,114414.5,0.0,0.0,5.0,31.0,278.0,2979.0,29129.0,13001.0
2013-07-12,2013,140286.0,242593.5,161729,111527.0,0.0,0.0,3.0,30.0,313.0,2943.0,29130.0,13528.0
2013-07-13,2013,262900.0,453030.0,302020,235553.5,0.0,1.0,10.0,63.0,521.0,5342.0,54332.0,24773.0
2013-07-16,2013,84758.0,152059.5,101373,67567.5,0.0,0.0,0.0,23.0,200.0,1791.0,18431.0,8767.0
2013-07-17,2013,122892.0,220498.5,146999,99914.5,0.0,0.0,3.0,28.0,244.0,2658.0,26418.0,11539.0
2013-07-19,2013,131055.0,227281.5,151521,101267.5,0.0,0.0,2.0,23.0,287.0,2755.0,27046.0,12707.0
2013-07-20,2013,237353.0,407319.0,271546,190280.0,0.0,0.0,8.0,36.0,479.0,4830.0,48756.0,23892.0
2013-07-23,2013,77796.0,139248.0,92832,60687.0,0.0,0.0,1.0,12.0,162.0,1661.0,16674.0,7596.0
2013-07-24,2013,125372.0,224484.0,149656,103492.0,0.0,0.0,3.0,31.0,289.0,2702.0,26950.0,12068.0
2013-07-26,2013,128290.0,222313.5,148209,121050.0,0.0,1.0,3.0,29.0,252.0,2636.0,26872.0,11524.0
2013-07-27,2013,237411.0,408568.5,272379,188093.0,0.0,0.0,5.0,43.0,504.0,4954.0,49050.0,24362.0
2013-07-30,2013,80232.0,144363.0,96242,90373.0,0.0,1.0,4.0,15.0,183.0,1727.0,17347.0,8256.0
2013-07-31,2013,120964.0,217296.0,144864,119786.0,0.0,1.0,3.0,30.0,250.0,2570.0,26142.0,11768.0
2013-08-02,2013,134278.0,233668.5,155779,111456.0,0.0,0.0,4.0,23.0,281.0,2908.0,28182.0,14888.0
2013-08-03,2013,238324.0,410403.0,273602,183029.5,0.0,0.0,5.0,39.0,496.0,4961.0,49314.0,21251.0
2013-08-06,2013,89448.0,160570.5,107047,72562.0,0.0,0.0,2.0,17.0,184.0,1906.0,19502.0,8632.0
2013-08-07,2013,120613.0,217338.0,144892,102690.5,0.0,0.0,4.0,28.0,258.0,2570.0,26121.0,12559.0
2013-08-09,2013,147753.0,258078.0,172052,115119.0,0.0,0.0,3.0,23.0,305.0,3047.0,30891.0,14268.0
2013-08-10,2013,238236.0,410536.5,273691,191825.5,0.0,0.0,7.0,58.0,512.0,4923.0,49021.0,22219.0
2013-08-13,2013,92748.0,166713.0,111142,78383.5,0.0,0.0,3.0,17.0,222.0,2029.0,20015.0,9579.0
2013-08-14,2013,128173.0,229993.5,153329,112103.5,0.0,0.0,7.0,30.0,267.0,2776.0,27441.0,12001.0
2013-08-16,2013,133877.0,232906.5,155271,107870.0,0.0,0.0,3.0,23.0,287.0,2779.0,27875.0,14590.0
2013-08-17,2013,230668.0,397309.5,264873,175830.0,0.0,0.0,2.0,53.0,476.0,4803.0,47793.0,21406.0
2013-08-20,2013,101076.0,181518.0,121012,85356.5,0.0,0.0,4.0,16.0,228.0,2212.0,21712.0,10075.0
2013-08-21,2013,118995.0,214179.0,142786,98960.0,0.0,0.0,4.0,21.0,249.0,2467.0,25475.0,12330.0
2013-08-23,2013,157457.0,275568.0,183712,136289.0,0.0,0.0,7.0,33.0,350.0,3270.0,33325.0,17126.0
2013-08-24,2013,238186.0,410386.5,273591,186367.0,0.0,0.0,5.0,38.0,461.0,4798.0,49249.0,24706.0
2013-08-27,2013,85349.0,160246.5,106831,70080.0,0.0,0.0,0.0,23.0,197.0,1984.0,19156.0,8872.0
2013-08-28,2013,119770.0,218239.5,145493,116729.0,0.0,1.0,1.0,26.0,277.0,2695.0,26278.0,11972.0
2013-08-30,2013,139291.0,245224.5,163483,113538.5,0.0,0.0,4.0,31.0,280.0,2901.0,29266.0,13801.0
2013-08-31,2013,241609.0,418726.5,279151,190876.0,0.0,0.0,7.0,53.0,509.0,4947.0,50364.0,20422.0
2013-09-03,2013,87231.0,164296.5,109531,83942.0,0.0,0.0,6.0,22.0,206.0,1970.0,19664.0,9496.0
2013-09-04,2013,121596.0,222483.0,148322,99452.0,0.0,0.0,2.0,28.0,317.0,2757.0,26702.0,10882.0
2013-09-06,2013,143758.0,254400.0,169600,114589.5,0.0,0.0,2.0,30.0,293.0,3045.0,30620.0,14843.0
2013-09-07,2013,242753.0,420615.0,280410,193104.5,0.0,0.0,5.0,51.0,522.0,5028.0,50297.0,24487.0
2013-09-10,2013,82631.0,152398.5,101599,66217.5,0.0,0.0,1.0,11.0,186.0,1809.0,18198.0,8571.0
2013-09-11,2013,126017.0,232728.0,155152,104176.0,0.0,0.0,2.0,26.0,272.0,2712.0,28073.0,13220.0
2013-09-13,2013,331091.0,590503.5,393669,271850.0,0.0,0.0,11.0,72.0,681.0,7033.0,70831.0,30002.0
2013-09-14,2013,245478.0,426603.0,284402,201577.5,0.0,0.0,8.0,63.0,519.0,5178.0,51091.0,23017.0
2013-09-17,2013,90020.0,167116.5,111411,75397.0,0.0,0.0,2.0,19.0,205.0,1989.0,19960.0,9088.0
2013-09-18,2013,120269.0,220075.5,146717,97108.5,0.0,0.0,2.0,23.0,256.0,2704.0,26337.0,11463.0
2013-09-20,2013,148673.0,262746.0,175164,121763.0,0.0,0.0,3.0,36.0,332.0,3199.0,31327.0,15516.0
2013-09-21,2013,238057.0,414298.5,276199,203765.0,0.0,1.0,4.0,41.0,483.0,4908.0,49860.0,22430.0
2013-09-24,2013,91374.0,170155.5,113437,80770.5,0.0,0.0,4.0,20.0,221.0,1984.0,20385.0,9107.0
2013-09-25,2013,121274.0,221832.0,147888,98705.0,0.0,0.0,0.0,29.0,287.0,2709.0,26742.0,13424.0
2013-09-27,2013,151476.0,269505.0,179670,144267.0,0.0,1.0,5.0,31.0,295.0,3131.0,32492.0,14352.0
2013-09-28,2013,245892.0,427638.0,285092,192215.5,0.0,0.0,4.0,56.0,548.0,5113.0,51080.0,22887.0
2013-10-01,2013,85310.0,158977.5,105985,87633.5,0.0,1.0,0.0,19.0,182.0,1916.0,19156.0,8201.0
2013-10-02,2013,130916.0,240426.0,160284,110322.0,0.0,0.0,3.0,40.0,315.0,2788.0,28666.0,12500.0
2013-10-04,2013,145206.0,256911.0,171274,115962.5,0.0,0.0,2.0,34.0,352.0,2982.0,30678.0,14571.0
2013-10-05,2013,254321.0,443575.5,295717,200947.0,0.0,0.0,5.0,76.0,540.0,5191.0,53347.0,21532.0
2013-10-08,2013,89007.0,165378.0,110252,79087.0,0.0,0.0,4.0,19.0,200.0,1915.0,19899.0,9276.0
2013-10-09,2013,122349.0,224962.5,149975,126300.5,0.0,1.0,4.0,26.0,271.0,2630.0,26748.0,14023.0
2013-10-11,2013,145975.0,259884.0,173256,124947.5,0.0,0.0,5.0,35.0,307.0,3093.0,31223.0,15931.0
2013-10-12,2013,243294.0,424483.5,282989,201372.5,0.0,0.0,7.0,54.0,528.0,5095.0,50981.0,25717.0
2013-10-15,2013,95628.0,177666.0,118444,75366.5,0.0,0.0,0.0,20.0,188.0,2092.0,21176.0,9863.0
2013-10-16,2013,120506.0,222546.0,148364,112000.5,0.0,0.0,7.0,31.0,271.0,2683.0,26777.0,12941.0
2013-10-18,2013,140045.0,250024.5,166683,116186.0,0.0,0.0,4.0,28.0,328.0,2974.0,29766.0,14416.0
2013-10-19,2013,243266.0,425974.5,283983,197521.5,0.0,0.0,6.0,50.0,525.0,5058.0,51574.0,24389.0
2013-10-22,2013,84605.0,160092.0,106728,68966.0,0.0,0.0,1.0,14.0,196.0,1869.0,19209.0,8322.0
2013-10-23,2013,120075.0,222726.0,148484,95966.5,0.0,0.0,1.0,18.0,253.0,2635.0,26912.0,12205.0
2013-10-25,2013,143496.0,260071.5,173381,2638253.0,1.0,0.0,2.0,22.0,328.0,3019.0,31555.0,13392.0
2013-10-26,2013,242511.0,419746.5,279831,192855.5,0.0,0.0,6.0,59.0,501.0,5207.0,50157.0,21791.0
2013-10-29,2013,82548.0,148114.5,98743,65538.0,0.0,0.0,1.0,21.0,147.0,1810.0,17893.0,7708.0
2013-10-30,2013,127323.0,227913.0,151942,122224.0,0.0,1.0,2.0,30.0,241.0,2723.0,27362.0,12710.0
2013-11-01,2013,119128.0,206436.0,137624,88049.0,0.0,0.0,0.0,23.0,221.0,2528.0,24877.0,11090.0
2013-11-02,2013,239380.0,411885.0,274590,192258.0,0.0,0.0,6.0,49.0,498.0,4971.0,49544.0,24370.0
2013-11-05,2013,86267.0,154726.5,103151,67314.5,0.0,0.0,0.0,23.0,185.0,1846.0,18413.0,8639.0
2013-11-06,2013,120360.0,215466.0,143644,92137.0,0.0,0.0,1.0,24.0,235.0,2607.0,25959.0,10456.0
2013-11-08,2013,145515.0,251178.0,167452,123757.0,0.0,0.0,8.0,28.0,291.0,3019.0,29959.0,14216.0
2013-11-09,2013,243698.0,417321.0,278214,194738.5,0.0,0.0,9.0,46.0,487.0,4857.0,49860.0,22529.0
2013-11-12,2013,77911.0,139479.0,92986,63061.0,0.0,0.0,1.0,20.0,170.0,1664.0,16723.0,7930.0
2013-11-13,2013,116582.0,208680.0,139120,89708.5,0.0,0.0,0.0,23.0,227.0,2590.0,25284.0,11367.0
2013-11-15,2013,232979.0,410841.0,273894,181938.5,0.0,0.0,2.0,55.0,472.0,4859.0,49348.0,23005.0
2013-11-16,2013,244829.0,420240.0,280160,186699.5,0.0,0.0,5.0,43.0,496.0,5087.0,50194.0,21571.0
2013-11-19,2013,87336.0,156301.5,104201,91626.5,0.0,1.0,0.0,30.0,190.0,1890.0,18869.0,9759.0
2013-11-20,2013,124437.0,221530.5,147687,101167.5,0.0,0.0,3.0,30.0,273.0,2619.0,26295.0,12015.0
2013-11-22,2013,146137.0,253030.5,168687,117892.0,0.0,0.0,5.0,22.0,264.0,3041.0,30381.0,14830.0
2013-11-23,2013,247540.0,424566.0,283044,213566.0,0.0,1.0,3.0,54.0,514.0,5007.0,51572.0,25538.0
2013-11-26,2013,87043.0,155707.5,103805,73343.0,0.0,0.0,3.0,21.0,185.0,1876.0,18418.0,8818.0
2013-11-27,2013,118713.0,211756.5,141171,98659.0,0.0,0.0,3.0,26.0,240.0,2535.0,25401.0,12788.0
2013-11-29,2013,142726.0,246630.0,164420,112985.0,0.0,0.0,3.0,31.0,310.0,3003.0,29417.0,13824.0
2013-11-30,2013,243112.0,416814.0,277876,187526.5,0.0,0.0,3.0,43.0,533.0,5013.0,50156.0,24593.0
2013-12-03,2013,84770.0,151245.0,100830,76555.5,0.0,0.0,5.0,21.0,179.0,1789.0,18304.0,8815.0
2013-12-04,2013,119820.0,214002.0,142668,117396.0,0.0,1.0,3.0,21.0,231.0,2533.0,25645.0,12414.0
2013-12-06,2013,146913.0,253833.0,169222,109128.5,0.0,0.0,0.0,35.0,306.0,3117.0,30437.0,13033.0
2013-12-07,2013,243143.0,416505.0,277670,195008.0,0.0,0.0,7.0,53.0,523.0,5071.0,49682.0,23486.0
2013-12-10,2013,86466.0,154410.0,102940,67615.0,0.0,0.0,1.0,13.0,199.0,1892.0,18555.0,8310.0
2013-12-11,2013,117587.0,209875.5,139917,103217.0,0.0,0.0,7.0,21.0,266.0,2494.0,24861.0,11670.0
2013-12-13,2013,345254.0,608260.5,405507,337316.0,0.0,3.0,7.0,75.0,712.0,7434.0,73022.0,33908.0
2013-12-14,2013,241130.0,413332.5,275555,190293.5,0.0,0.0,7.0,46.0,493.0,5006.0,49382.0,22293.0
2013-12-17,2013,91015.0,162819.0,108546,74994.0,0.0,0.0,3.0,19.0,181.0,1908.0,19468.0,8732.0
2013-12-18,2013,125720.0,224281.5,149521,104972.5,0.0,0.0,3.0,33.0,281.0,2760.0,26994.0,12643.0
2013-12-20,2013,156235.0,272109.0,181406,124358.5,0.0,0.0,3.0,40.0,320.0,3325.0,32248.0,15225.0
2013-12-21,2013,247900.0,425284.5,283523,189641.0,0.0,0.0,5.0,53.0,520.0,5049.0,51056.0,20856.0
2013-12-24,2013,260415.0,468027.0,312018,207637.5,0.0,0.0,4.0,52.0,558.0,5652.0,55546.0,25817.0
2013-12-25,2013,110935.0,197940.0,131960,94314.5,0.0,0.0,5.0,25.0,229.0,2363.0,23569.0,10521.0
2013-12-27,2013,149943.0,263007.0,175338,112237.0,0.0,0.0,0.0,23.0,310.0,3141.0,31865.0,14668.0
2013-12-28,2013,241429.0,414705.0,276470,193960.0,0.0,0.0,7.0,45.0,491.0,4941.0,49889.0,24438.0
2013-12-31,2013,333175.0,603187.5,402125,272652.5,0.0,0.0,6.0,77.0,727.0,7355.0,72377.0,32789.0
2014-01-01,2014,121174.0,216822.0,144548,95057.5,0.0,0.0,1.0,24.0,240.0,2635.0,25935.0,12275.0
2014-01-03,2014,161821.0,287131.5,191421,123023.5,0.0,0.0,1.0,33.0,309.0,3364.0,34428.0,15045.0
2014-01-04,2014,248749.0,427815.0,285210,190988.0,0.0,0.0,1.0,63.0,508.0,5119.0,51277.0,25386.0
2014-01-07,2014,134229.0,241441.5,160961,133332.5,0.0,1.0,4.0,27.0,329.0,2954.0,28984.0,13743.0
2014-01-08,2014,134660.0,241306.5,160871,116778.0,0.0,0.0,6.0,35.0,289.0,2823.0,28851.0,13454.0
2014-01-10,2014,145411.0,253818.0,169212,133352.5,0.0,1.0,2.0,30.0,313.0,2996.0,30437.0,14159.0
2014-01-11,2014,243372.0,418420.5,278947,185711.5,0.0,0.0,4.0,49.0,505.0,5017.0,50110.0,21671.0
2014-01-14,2014,88425.0,159771.0,106514,71809.0,0.0,0.0,2.0,16.0,189.0,1876.0,19252.0,8630.0
2014-01-15,2014,121376.0,217789.5,145193,102950.5,0.0,0.0,4.0,24.0,269.0,2531.0,26244.0,13085.0
2014-01-17,2014,144261.0,252430.5,168287,113502.5,0.0,0.0,3.0,30.0,271.0,3000.0,30009.0,14043.0
2014-01-18,2014,243020.0,417813.0,278542,200973.5,0.0,0.0,9.0,49.0,539.0,4921.0,50046.0,25131.0
2014-01-21,2014,91031.0,165216.0,110144,74110.5,0.0,0.0,1.0,20.0,216.0,2018.0,20026.0,9099.0
2014-01-22,2014,125945.0,225433.5,150289,99175.5,0.0,0.0,2.0,19.0,279.0,2668.0,26879.0,12465.0
2014-01-24,2014,146513.0,257073.0,171382,114033.0,0.0,0.0,2.0,34.0,289.0,3058.0,30670.0,13882.0
2014-01-25,2014,246978.0,425238.0,283492,188278.0,0.0,0.0,4.0,38.0,507.0,5122.0,51292.0,22896.0
2014-01-28,2014,96531.0,174997.5,116665,80037.0,0.0,0.0,2.0,28.0,188.0,2176.0,20961.0,9250.0
2014-01-29,2014,130318.0,234030.0,156020,111400.0,0.0,0.0,4.0,32.0,299.0,2821.0,28340.0,13490.0
2014-01-31,2014,159949.0,279700.5,186467,122278.5,0.0,0.0,0.0,43.0,336.0,3354.0,33395.0,15599.0
2014-02-01,2014,255871.0,441145.5,294097,202000.5,0.0,0.0,7.0,48.0,538.0,5233.0,52869.0,23825.0
2014-02-04,2014,87980.0,158742.0,105828,72579.5,0.0,0.0,1.0,23.0,201.0,1907.0,19358.0,9139.0
2014-02-05,2014,143027.0,257742.0,171828,113945.5,0.0,0.0,2.0,28.0,324.0,3114.0,30902.0,13661.0
2014-02-07,2014,145675.0,254560.5,169707,116818.0,0.0,0.0,3.0,31.0,301.0,3170.0,30562.0,14416.0
2014-02-08,2014,272746.0,473796.0,315864,235420.0,0.0,1.0,7.0,67.0,562.0,5689.0,56679.0,23318.0
2014-02-11,2014,85040.0,154224.0,102816,86830.5,0.0,1.0,0.0,18.0,198.0,1878.0,18524.0,8555.0
2014-02-12,2014,123893.0,223165.5,148777,103782.5,0.0,0.0,3.0,31.0,267.0,2717.0,26920.0,12545.0
2014-02-14,2014,145892.0,255673.5,170449,133633.5,0.0,1.0,2.0,34.0,310.0,3075.0,30553.0,13435.0
2014-02-15,2014,243586.0,420099.0,280066,181981.5,0.0,0.0,3.0,44.0,509.0,5015.0,50517.0,20595.0
2014-02-18,2014,85076.0,154354.5,102903,67527.5,0.0,0.0,0.0,24.0,185.0,1742.0,18522.0,8849.0
2014-02-19,2014,124626.0,224619.0,149746,101005.0,0.0,0.0,2.0,24.0,289.0,2690.0,26874.0,12818.0
2014-02-21,2014,143044.0,251200.5,167467,112809.0,0.0,0.0,2.0,32.0,328.0,2971.0,30003.0,13992.0
2014-02-22,2014,247346.0,427008.0,284672,235568.0,0.0,2.0,3.0,65.0,496.0,5103.0,51314.0,25670.0
2014-02-25,2014,88197.0,161583.0,107722,73944.0,0.0,0.0,3.0,10.0,193.0,1895.0,19325.0,9306.0
2014-02-26,2014,122602.0,222012.0,148008,104770.0,0.0,0.0,3.0,28.0,320.0,2625.0,26459.0,13818.0
2014-02-28,2014,149822.0,263560.5,175707,123121.5,0.0,0.0,5.0,31.0,318.0,3123.0,31758.0,14287.0
2014-03-01,2014,246483.0,425410.5,283607,219934.5,0.0,1.0,7.0,60.0,506.0,5053.0,51382.0,23857.0
2014-03-04,2014,86289.0,156688.5,104459,92223.5,0.0,1.0,2.0,22.0,213.0,1870.0,18728.0,8505.0
2014-03-05,2014,123445.0,222954.0,148636,101701.5,0.0,0.0,2.0,25.0,296.0,2705.0,26420.0,13611.0
2014-03-07,2014,230622.0,406881.0,271254,181603.5,0.0,0.0,3.0,44.0,486.0,5010.0,48814.0,22937.0
2014-03-08,2014,250100.0,431532.0,287688,195592.0,0.0,0.0,4.0,52.0,512.0,5235.0,51526.0,25150.0
2014-03-11,2014,122867.0,223966.5,149311,101337.0,0.0,0.0,2.0,31.0,282.0,2734.0,26894.0,12026.0
2014-03-12,2014,119690.0,215794.5,143863,100329.0,0.0,0.0,3.0,26.0,265.0,2634.0,25563.0,13022.0
2014-03-14,2014,236832.0,420312.0,280208,194924.5,0.0,0.0,7.0,51.0,518.0,5024.0,50499.0,22831.0
2014-03-15,2014,238419.0,411333.0,274222,180829.5,0.0,0.0,2.0,56.0,487.0,5072.0,49391.0,21165.0
2014-03-18,2014,85719.0,156441.0,104294,67597.5,0.0,0.0,0.0,23.0,179.0,1900.0,18502.0,8609.0
2014-03-19,2014,118431.0,214204.5,142803,97900.0,0.0,0.0,4.0,24.0,275.0,2554.0,25495.0,10560.0
2014-03-21,2014,146194.0,256840.5,171227,125722.5,0.0,0.0,7.0,38.0,340.0,3072.0,30728.0,13671.0
2014-03-22,2014,238643.0,412524.0,275016,180376.5,0.0,0.0,4.0,43.0,471.0,4785.0,49303.0,21217.0
2014-03-25,2014,85102.0,157287.0,104858,74104.0,0.0,0.0,2.0,22.0,181.0,1915.0,18927.0,9770.0
2014-03-26,2014,118098.0,214639.5,143093,94196.5,0.0,0.0,2.0,16.0,281.0,2574.0,25641.0,11483.0
2014-03-28,2014,141860.0,249913.5,166609,118706.0,0.0,0.0,5.0,31.0,309.0,2986.0,29682.0,14688.0
2014-03-29,2014,236833.0,409930.5,273287,189384.0,0.0,0.0,3.0,65.0,524.0,4951.0,49270.0,24406.0
2014-04-01,2014,84421.0,155884.5,103923,67481.5,0.0,0.0,1.0,15.0,204.0,1845.0,18631.0,7943.0
2014-04-02,2014,117686.0,214554.0,143036,100704.0,0.0,0.0,5.0,22.0,229.0,2567.0,25929.0,11354.0
2014-04-04,2014,143491.0,254544.0,169696,117807.0,0.0,0.0,5.0,18.0,317.0,3070.0,30613.0,14194.0
2014-04-05,2014,237455.0,413422.5,275615,188758.0,0.0,0.0,4.0,41.0,517.0,5018.0,49880.0,24912.0
2014-04-08,2014,84506.0,156792.0,104528,66288.0,0.0,0.0,0.0,19.0,170.0,1855.0,18785.0,8162.0
2014-04-09,2014,118885.0,217072.5,144715,97713.0,0.0,0.0,2.0,33.0,261.0,2485.0,25977.0,11676.0
2014-04-11,2014,192870.0,344670.0,229780,156215.5,0.0,0.0,4.0,47.0,404.0,4103.0,41335.0,18367.0
2014-04-12,2014,229559.0,399283.5,266189,175879.5,0.0,0.0,2.0,60.0,486.0,4928.0,48053.0,19609.0
2014-04-15,2014,88438.0,163408.5,108939,73258.0,0.0,0.0,2.0,22.0,196.0,1922.0,19328.0,8448.0
2014-04-16,2014,115881.0,212541.0,141694,97503.0,0.0,0.0,3.0,28.0,250.0,2515.0,25587.0,11436.0
2014-04-18,2014,148153.0,263952.0,175968,116165.5,0.0,0.0,2.0,28.0,323.0,3182.0,31603.0,13993.0
2014-04-19,2014,235186.0,409929.0,273286,206810.5,0.0,1.0,5.0,50.0,553.0,5076.0,49193.0,21323.0
2014-04-22,2014,82488.0,153303.0,102202,66106.5,0.0,0.0,0.0,16.0,175.0,1811.0,18485.0,8921.0
2014-04-23,2014,116740.0,214128.0,142752,97493.0,0.0,0.0,3.0,20.0,250.0,2507.0,25679.0,12400.0
2014-04-25,2014,146671.0,261516.0,174344,138994.5,0.0,1.0,3.0,35.0,310.0,3041.0,31560.0,14313.0
2014-04-26,2014,237002.0,412887.0,275258,203458.5,0.0,1.0,4.0,46.0,509.0,5007.0,49639.0,21177.0
2014-04-29,2014,101721.0,189919.5,126613,84781.0,0.0,0.0,2.0,17.0,246.0,2275.0,22767.0,10368.0
2014-04-30,2014,123901.0,226974.0,151316,107936.0,0.0,0.0,5.0,30.0,269.0,2769.0,27150.0,12274.0
2014-05-02,2014,155830.0,278998.5,185999,133184.5,0.0,0.0,5.0,44.0,350.0,3317.0,33381.0,16025.0
2014-05-03,2014,230529.0,402678.0,268452,196515.0,0.0,1.0,3.0,49.0,436.0,4808.0,48337.0,20854.0
2014-05-06,2014,85313.0,159457.5,106305,78831.5,0.0,0.0,5.0,22.0,195.0,1895.0,19109.0,8559.0
2014-05-07,2014,123586.0,226726.5,151151,103950.0,0.0,0.0,3.0,18.0,305.0,2621.0,27350.0,13630.0
2014-05-09,2014,204123.0,365832.0,243888,171030.5,0.0,0.0,5.0,47.0,441.0,4393.0,43580.0,22457.0
2014-05-10,2014,238140.0,416470.5,277647,192477.5,0.0,0.0,5.0,58.0,524.0,5007.0,49988.0,23591.0
2014-05-13,2014,87448.0,162870.0,108580,76974.0,0.0,0.0,4.0,15.0,185.0,1949.0,19738.0,8702.0
2014-05-14,2014,129806.0,238962.0,159308,129056.0,0.0,1.0,2.0,38.0,277.0,2811.0,28504.0,13902.0
2014-05-16,2014,142553.0,254011.5,169341,111450.0,0.0,0.0,2.0,21.0,285.0,3000.0,30370.0,14540.0
2014-05-17,2014,242110.0,423669.0,282446,189429.0,0.0,0.0,4.0,50.0,476.0,5206.0,50733.0,22942.0
2014-05-20,2014,89041.0,166077.0,110718,73694.5,0.0,0.0,1.0,25.0,212.0,1949.0,19724.0,8841.0
2014-05-21,2014,118302.0,218944.5,145963,100398.0,0.0,0.0,2.0,32.0,271.0,2646.0,26146.0,12704.0
2014-05-23,2014,148533.0,267925.5,178617,127223.0,0.0,0.0,5.0,39.0,343.0,3188.0,32336.0,14634.0
2014-05-24,2014,233830.0,410505.0,273670,181521.5,0.0,0.0,3.0,37.0,513.0,4993.0,49094.0,23139.0
2014-05-27,2014,95779.0,181225.5,120817,82123.5,0.0,0.0,2.0,17.0,213.0,2262.0,21812.0,10353.0
2014-05-28,2014,127027.0,235621.5,157081,106277.0,0.0,0.0,3.0,27.0,273.0,2800.0,28146.0,12750.0
2014-05-30,2014,146562.0,263820.0,175880,124652.5,0.0,0.0,6.0,37.0,305.0,3171.0,31529.0,13493.0
2014-05-31,2014,229037.0,401928.0,267952,184202.0,0.0,0.0,5.0,50.0,465.0,4888.0,48266.0,22620.0
2014-06-03,2014,105966.0,200196.0,133464,92410.5,0.0,0.0,4.0,19.0,259.0,2433.0,23865.0,10357.0
2014-06-04,2014,126838.0,235713.0,157142,108534.0,0.0,0.0,2.0,33.0,284.0,2789.0,28395.0,14346.0
2014-06-06,2014,215502.0,388452.0,258968,177341.0,0.0,0.0,5.0,54.0,499.0,4598.0,46772.0,20018.0
2014-06-07,2014,247131.0,433126.5,288751,202862.0,0.0,0.0,8.0,47.0,513.0,5285.0,51973.0,24554.0
2014-06-10,2014,110229.0,207223.5,138149,114252.5,0.0,1.0,3.0,26.0,236.0,2520.0,24803.0,10751.0
2014-06-11,2014,116004.0,214492.5,142995,94467.5,0.0,0.0,0.0,30.0,267.0,2692.0,25653.0,12241.0
2014-06-13,2014,335592.0,599212.5,399475,274129.0,0.0,0.0,7.0,80.0,731.0,7132.0,71498.0,33902.0
2014-06-14,2014,236925.0,414993.0,276662,196418.0,0.0,0.0,8.0,45.0,497.0,4980.0,49734.0,24740.0
2014-06-17,2014,86719.0,163686.0,109124,76137.5,0.0,0.0,2.0,26.0,206.0,1988.0,19634.0,9073.0
2014-06-18,2014,123461.0,228060.0,152040,123191.5,0.0,1.0,2.0,23.0,292.0,2767.0,27550.0,13211.0
2014-06-20,2014,142732.0,255801.0,170534,117129.0,0.0,0.0,3.0,32.0,305.0,3113.0,30693.0,14452.0
2014-06-21,2014,268883.0,473815.5,315877,215285.0,0.0,0.0,6.0,62.0,571.0,5760.0,56929.0,24538.0
2014-06-24,2014,83750.0,156112.5,104075,69727.5,0.0,0.0,1.0,16.0,183.0,1941.0,18820.0,9015.0
2014-06-25,2014,152686.0,281889.0,187926,124985.5,0.0,0.0,1.0,41.0,339.0,3404.0,33831.0,15549.0
2014-06-27,2014,139872.0,249307.5,166205,111317.0,0.0,0.0,2.0,28.0,299.0,2921.0,29934.0,14176.0
2014-06-28,2014,270920.0,478413.0,318942,236073.5,0.0,1.0,7.0,50.0,572.0,5717.0,57419.0,24807.0
2014-07-01,2014,91961.0,170482.5,113655,78778.5,0.0,0.0,2.0,20.0,234.0,1981.0,20161.0,10581.0
2014-07-02,2014,186827.0,342657.0,228438,152347.0,0.0,0.0,3.0,46.0,404.0,4100.0,41436.0,17130.0
2014-07-04,2014,145989.0,260749.5,173833,120788.5,0.0,0.0,4.0,35.0,314.0,3072.0,31299.0,14367.0
2014-07-05,2014,282690.0,501118.5,334079,223652.0,0.0,0.0,4.0,65.0,618.0,6052.0,60144.0,26496.0
2014-07-08,2014,91887.0,177474.0,118316,84622.5,0.0,0.0,3.0,22.0,216.0,2202.0,21089.0,11143.0
2014-07-09,2014,123152.0,230410.5,153607,126693.5,0.0,1.0,4.0,29.0,268.0,2776.0,27712.0,12153.0
2014-07-11,2014,145342.0,264147.0,176098,116088.0,0.0,0.0,1.0,32.0,327.0,3111.0,31689.0,14810.0
2014-07-12,2014,240058.0,422020.5,281347,194761.5,0.0,0.0,3.0,70.0,505.0,5053.0,50577.0,25495.0
2014-07-15,2014,93572.0,178834.5,119223,83097.5,0.0,0.0,3.0,15.0,201.0,2093.0,21422.0,11179.0
2014-07-16,2014,125832.0,234822.0,156548,112505.0,0.0,0.0,5.0,35.0,266.0,2834.0,28274.0,12978.0
2014-07-18,2014,129484.0,234180.0,156120,107027.5,0.0,0.0,3.0,35.0,268.0,2887.0,28021.0,12127.0
2014-07-19,2014,228626.0,403420.5,268947,3273495.5,1.0,2.0,6.0,48.0,462.0,4795.0,48504.0,21115.0
2014-07-22,2014,75383.0,136381.5,90921,260808.0,1.0,0.0,1.0,18.0,150.0,1632.0,16300.0,7632.0
2014-07-23,2014,117647.0,211977.0,141318,98351.0,0.0,0.0,3.0,30.0,268.0,2536.0,25343.0,11750.0
2014-07-25,2014,129482.0,225573.0,150382,105212.0,0.0,0.0,3.0,26.0,264.0,2775.0,26915.0,14018.0
2014-07-26,2014,227168.0,391053.0,260702,178219.5,0.0,0.0,5.0,32.0,500.0,4831.0,47240.0,22123.0
2014-07-29,2014,83957.0,150166.5,100111,66378.0,0.0,0.0,1.0,12.0,200.0,1844.0,18196.0,8244.0
2014-07-30,2014,123586.0,221427.0,147618,97182.5,0.0,0.0,1.0,26.0,236.0,2611.0,26539.0,12753.0
2014-08-01,2014,131416.0,228486.0,152324,105280.0,0.0,0.0,3.0,32.0,261.0,2718.0,27483.0,12736.0
2014-08-02,2014,238108.0,410241.0,273494,216831.0,0.0,1.0,8.0,52.0,480.0,4952.0,49506.0,24706.0
2014-08-05,2014,82251.0,147189.0,98126,68558.0,0.0,0.0,4.0,6.0,169.0,1845.0,17495.0,7842.0
2014-08-06,2014,126075.0,225732.0,150488,106756.5,0.0,0.0,4.0,22.0,275.0,2725.0,27106.0,14013.0
2014-08-08,2014,134725.0,234460.5,156307,135870.0,0.0,1.0,8.0,26.0,287.0,2738.0,27915.0,12940.0
2014-08-09,2014,233107.0,400710.0,267140,185987.0,0.0,0.0,5.0,44.0,470.0,4817.0,48392.0,24612.0
2014-08-12,2014,85396.0,153253.5,102169,70775.0,0.0,0.0,3.0,13.0,189.0,1848.0,18318.0,8346.0
2014-08-13,2014,133217.0,238533.0,159022,146600.0,0.0,2.0,1.0,35.0,272.0,2855.0,28789.0,13538.0
2014-08-15,2014,113458.0,198073.5,132049,85525.5,0.0,0.0,1.0,16.0,252.0,2287.0,23706.0,10959.0
2014-08-16,2014,223805.0,385809.0,257206,175058.0,0.0,0.0,7.0,34.0,439.0,4504.0,46401.0,20104.0
2014-08-19,2014,88798.0,159385.5,106257,76768.0,0.0,0.0,4.0,19.0,182.0,1907.0,19247.0,8866.0
2014-08-20,2014,135187.0,242704.5,161803,115366.0,0.0,0.0,5.0,21.0,261.0,2905.0,29402.0,15078.0
2014-08-22,2014,128633.0,223570.5,149047,103999.0,0.0,0.0,3.0,33.0,271.0,2648.0,26792.0,12770.0
2014-08-23,2014,243444.0,420117.0,280078,188903.0,0.0,0.0,3.0,54.0,526.0,5095.0,49952.0,24136.0
2014-08-26,2014,82465.0,147961.5,98641,72947.0,0.0,0.0,4.0,23.0,180.0,1779.0,17728.0,8264.0
2014-08-27,2014,144026.0,258528.0,172352,111274.5,0.0,0.0,1.0,20.0,307.0,3007.0,31024.0,14701.0
2014-08-29,2014,137244.0,240976.5,160651,107575.0,0.0,0.0,2.0,27.0,302.0,2890.0,28791.0,13402.0
2014-08-30,2014,232066.0,399310.5,266207,210554.0,0.0,1.0,9.0,44.0,468.0,4843.0,47676.0,23218.0
2014-09-02,2014,87813.0,157449.0,104966,72209.5,0.0,0.0,2.0,11.0,181.0,1898.0,19006.0,9925.0
2014-09-03,2014,124090.0,222723.0,148482,95640.5,0.0,0.0,1.0,20.0,259.0,2641.0,26726.0,11869.0
2014-09-05,2014,139315.0,243175.5,162117,108519.0,0.0,0.0,1.0,35.0,312.0,2921.0,29209.0,13504.0
2014-09-06,2014,230140.0,396177.0,264118,175247.5,0.0,0.0,2.0,45.0,476.0,4659.0,47107.0,23479.0
2014-09-09,2014,94928.0,170341.5,113561,103164.0,0.0,1.0,5.0,18.0,214.0,2113.0,20272.0,9450.0
2014-09-10,2014,119786.0,214215.0,142810,105399.5,0.0,0.0,7.0,26.0,238.0,2565.0,25815.0,11323.0
2014-09-12,2014,145020.0,253269.0,168846,110139.5,0.0,0.0,0.0,29.0,320.0,3095.0,30385.0,14463.0
2014-09-13,2014,230028.0,395518.5,263679,170017.0,0.0,0.0,1.0,44.0,486.0,4632.0,47573.0,20794.0
2014-09-16,2014,94269.0,169548.0,113032,74182.0,0.0,0.0,0.0,28.0,191.0,2076.0,20267.0,9232.0
2014-09-17,2014,120818.0,216066.0,144044,103470.5,0.0,0.0,5.0,28.0,276.0,2611.0,25935.0,11617.0
2014-09-19,2014,144742.0,253171.5,168781,128427.5,0.0,1.0,1.0,22.0,288.0,3042.0,30067.0,13949.0
2014-09-20,2014,228529.0,392812.5,261875,205498.5,0.0,1.0,7.0,48.0,477.0,4706.0,46721.0,23591.0
2014-09-23,2014,81180.0,145987.5,97325,70300.0,0.0,0.0,3.0,15.0,177.0,1728.0,17582.0,9304.0
2014-09-24,2014,115619.0,207295.5,138197,92072.5,0.0,0.0,2.0,23.0,246.0,2450.0,24872.0,11039.0
2014-09-26,2014,138788.0,241800.0,161200,115298.5,0.0,0.0,5.0,39.0,271.0,2927.0,29097.0,12833.0
2014-09-27,2014,228674.0,392622.0,261748,179773.5,0.0,0.0,6.0,49.0,468.0,4714.0,47257.0,20353.0
2014-09-30,2014,87733.0,157567.5,105045,72306.0,0.0,0.0,3.0,13.0,193.0,1881.0,18916.0,8406.0
2014-10-01,2014,116240.0,208807.5,139205,88304.5,0.0,0.0,0.0,22.0,243.0,2532.0,25021.0,10895.0
2014-10-03,2014,240513.0,426388.5,284259,194435.0,0.0,0.0,5.0,52.0,517.0,5127.0,51132.0,23864.0
2014-10-04,2014,234094.0,402646.5,268431,183838.5,0.0,0.0,4.0,51.0,524.0,4899.0,48273.0,22745.0
2014-10-07,2014,133952.0,243895.5,162597,111156.0,0.0,0.0,3.0,33.0,307.0,2847.0,29411.0,12906.0
2014-10-08,2014,117167.0,211084.5,140723,94145.0,0.0,0.0,1.0,27.0,239.0,2527.0,25626.0,12052.0
2014-10-10,2014,199638.0,353112.0,235408,159820.5,0.0,0.0,3.0,50.0,408.0,4207.0,42186.0,20169.0
2014-10-11,2014,233187.0,401830.5,267887,200665.0,0.0,1.0,4.0,47.0,519.0,4884.0,48073.0,21546.0
2014-10-14,2014,138509.0,251200.5,167467,109998.0,0.0,0.0,1.0,25.0,306.0,3043.0,30102.0,14306.0
2014-10-15,2014,123103.0,221028.0,147352,99040.0,0.0,0.0,2.0,27.0,273.0,2591.0,26689.0,11898.0
2014-10-17,2014,208899.0,369618.0,246412,162018.5,0.0,0.0,2.0,46.0,405.0,4469.0,44249.0,19917.0
2014-10-18,2014,228433.0,393225.0,262150,178598.0,0.0,0.0,5.0,47.0,455.0,4727.0,47228.0,21338.0
2014-10-21,2014,151702.0,275676.0,183784,141844.5,0.0,1.0,1.0,26.0,329.0,3359.0,32752.0,17177.0
2014-10-22,2014,117546.0,211482.0,140988,91400.5,0.0,0.0,0.0,20.0,292.0,2558.0,25512.0,11831.0
2014-10-24,2014,240956.0,427033.5,284689,190476.0,0.0,0.0,4.0,41.0,526.0,5000.0,51354.0,24032.0
2014-10-25,2014,233910.0,403287.0,268858,220824.5,0.0,2.0,5.0,43.0,491.0,4820.0,48448.0,20939.0
2014-10-28,2014,89878.0,163795.5,109197,77040.5,0.0,0.0,4.0,16.0,189.0,2011.0,19699.0,8405.0
2014-10-29,2014,119048.0,214852.5,143235,94541.5,0.0,0.0,2.0,19.0,227.0,2598.0,25785.0,11761.0
2014-10-31,2014,150153.0,264118.5,176079,120645.5,0.0,0.0,3.0,35.0,314.0,3065.0,31666.0,15139.0
2014-11-01,2014,202522.0,347164.5,231443,156752.0,0.0,0.0,3.0,37.0,413.0,4133.0,41519.0,20926.0
2014-11-04,2014,89174.0,162673.5,108449,75668.0,0.0,0.0,3.0,18.0,196.0,1995.0,19641.0,8594.0
2014-11-05,2014,122779.0,221221.5,147481,107772.5,0.0,0.0,5.0,32.0,257.0,2640.0,26437.0,13439.0
2014-11-07,2014,149103.0,261831.0,174554,118740.5,0.0,0.0,3.0,29.0,319.0,3168.0,31255.0,14807.0
2014-11-08,2014,229458.0,396390.0,264260,186981.0,0.0,0.0,6.0,54.0,461.0,4854.0,47359.0,23982.0
2014-11-11,2014,74931.0,136362.0,90908,77180.0,0.0,1.0,0.0,10.0,178.0,1637.0,16277.0,7254.0
2014-11-12,2014,114488.0,207939.0,138626,110921.5,0.0,1.0,1.0,21.0,275.0,2476.0,25062.0,11145.0
2014-11-14,2014,147812.0,258924.0,172616,121131.0,0.0,0.0,5.0,24.0,330.0,3109.0,30753.0,15120.0
2014-11-15,2014,231241.0,400267.5,266845,200914.5,0.0,1.0,3.0,58.0,490.0,4822.0,48416.0,21715.0
2014-11-18,2014,90547.0,163866.0,109244,76368.5,0.0,0.0,3.0,23.0,212.0,1969.0,19430.0,8549.0
2014-11-19,2014,120253.0,217561.5,145041,105210.0,0.0,0.0,6.0,26.0,243.0,2670.0,26020.0,11840.0
2014-11-21,2014,145307.0,254905.5,169937,119747.5,0.0,0.0,5.0,28.0,305.0,3155.0,30670.0,13955.0
2014-11-22,2014,231064.0,399648.0,266432,182243.0,0.0,0.0,6.0,48.0,468.0,4731.0,47890.0,21232.0
2014-11-25,2014,92774.0,168826.5,112551,73653.0,0.0,0.0,0.0,22.0,211.0,2049.0,20461.0,9244.0
2014-11-26,2014,123062.0,222988.5,148659,118249.0,0.0,1.0,1.0,26.0,270.0,2636.0,26792.0,12590.0
2014-11-28,2014,153199.0,270289.5,180193,147165.5,0.0,1.0,6.0,25.0,314.0,3263.0,32746.0,14719.0
2014-11-29,2014,241637.0,419137.5,279425,195430.0,0.0,0.0,6.0,43.0,519.0,5052.0,50362.0,25644.0
2014-12-02,2014,105340.0,191166.0,127444,103771.5,0.0,1.0,1.0,22.0,243.0,2198.0,22798.0,10617.0
2014-12-03,2014,133275.0,241206.0,160804,109433.5,0.0,0.0,2.0,27.0,285.0,3000.0,28875.0,14389.0
2014-12-05,2014,144485.0,254226.0,169484,115785.5,0.0,0.0,3.0,29.0,297.0,2961.0,30476.0,14859.0
2014-12-06,2014,231103.0,400380.0,266920,181189.0,0.0,0.0,6.0,41.0,463.0,4671.0,47921.0,21688.0
2014-12-09,2014,90153.0,164733.0,109822,74131.5,0.0,0.0,2.0,17.0,217.0,1904.0,19763.0,8897.0
2014-12-10,2014,118983.0,216475.5,144317,96361.5,0.0,0.0,1.0,23.0,282.0,2613.0,25983.0,12727.0
2014-12-12,2014,141742.0,249948.0,166632,133275.5,0.0,1.0,4.0,24.0,281.0,3025.0,29927.0,13251.0
2014-12-13,2014,230016.0,398232.0,265488,175126.5,0.0,0.0,3.0,36.0,466.0,4858.0,47938.0,21627.0
2014-12-16,2014,89616.0,163699.5,109133,72597.0,0.0,0.0,1.0,23.0,180.0,1925.0,19453.0,9244.0
2014-12-17,2014,121087.0,219829.5,146553,98011.0,0.0,0.0,2.0,20.0,286.0,2644.0,26543.0,11990.0
2014-12-19,2014,140419.0,247281.0,164854,115607.5,0.0,0.0,4.0,32.0,274.0,3000.0,29797.0,14089.0
2014-12-20,2014,233525.0,405084.0,270056,189478.5,0.0,0.0,9.0,43.0,463.0,4930.0,48753.0,20975.0
2014-12-23,2014,96936.0,177229.5,118153,85858.0,0.0,0.0,4.0,20.0,194.0,2119.0,21389.0,11070.0
2014-12-24,2014,266666.0,484569.0,323046,218877.5,0.0,0.0,6.0,56.0,588.0,5797.0,58186.0,25707.0
2014-12-26,2014,127797.0,226731.0,151154,104519.5,0.0,0.0,3.0,28.0,290.0,2769.0,27290.0,12463.0
2014-12-27,2014,221800.0,387456.0,258304,176565.0,0.0,0.0,5.0,54.0,457.0,4620.0,46104.0,20878.0
2014-12-30,2014,102067.0,188437.5,125625,84779.5,0.0,0.0,2.0,24.0,234.0,2264.0,22435.0,10073.0
2014-12-31,2014,296583.0,539821.5,359881,236293.5,0.0,0.0,3.0,39.0,703.0,6529.0,65182.0,30283.0
2015-01-02,2015,130060.0,232278.0,154852,102338.5,0.0,0.0,1.0,30.0,279.0,2768.0,28112.0,12463.0
2015-01-03,2015,217371.0,380460.0,253640,194282.5,0.0,1.0,6.0,41.0,448.0,4526.0,45779.0,20623.0
2015-01-06,2015,89161.0,164416.5,109611,77144.5,0.0,0.0,3.0,22.0,221.0,1983.0,19793.0,8549.0
2015-01-07,2015,156583.0,286704.0,191136,128593.5,0.0,0.0,2.0,34.0,329.0,3440.0,34586.0,16561.0
2015-01-09,2015,141061.0,249957.0,166638,115989.5,0.0,0.0,5.0,29.0,330.0,2891.0,29938.0,12839.0
2015-01-10,2015,263941.0,464049.0,309366,214273.5,0.0,0.0,7.0,66.0,583.0,5700.0,55876.0,23441.0
2015-01-13,2015,87021.0,159564.0,106376,73886.0,0.0,0.0,3.0,16.0,179.0,1872.0,19030.0,9124.0
2015-01-14,2015,157859.0,289854.0,193236,145074.0,0.0,1.0,1.0,29.0,308.0,3457.0,35162.0,15670.0
2015-01-16,2015,139343.0,247167.0,164778,129663.5,0.0,1.0,2.0,28.0,292.0,2954.0,29634.0,13457.0
2015-01-17,2015,234838.0,410551.5,273701,201917.0,0.0,1.0,1.0,56.0,498.0,4965.0,48906.0,24080.0
2015-01-20,2015,90597.0,167836.5,111891,97053.0,0.0,1.0,2.0,19.0,219.0,2023.0,20245.0,9512.0
2015-01-21,2015,125225.0,229719.0,153146,104286.5,0.0,0.0,2.0,29.0,264.0,2777.0,27622.0,13385.0
2015-01-23,2015,136692.0,247860.0,165240,135371.5,0.0,1.0,5.0,23.0,291.0,2937.0,29751.0,13843.0
2015-01-24,2015,230533.0,404131.5,269421,205409.5,0.0,1.0,7.0,52.0,465.0,4657.0,48403.0,21079.0
2015-01-27,2015,85737.0,158859.0,105906,70129.0,0.0,0.0,1.0,18.0,188.0,1978.0,19033.0,8542.0
2015-01-28,2015,127496.0,234940.5,156627,144434.0,0.0,2.0,2.0,25.0,279.0,2874.0,28112.0,12840.0
2015-01-30,2015,138897.0,248259.0,165506,116991.0,0.0,0.0,4.0,34.0,315.0,2981.0,29591.0,14536.0
2015-01-31,2015,233865.0,410746.5,273831,187379.0,0.0,0.0,6.0,45.0,476.0,4980.0,49376.0,22138.0
2015-02-03,2015,89871.0,169180.5,112787,78660.5,0.0,0.0,3.0,19.0,186.0,2039.0,20425.0,9397.0
2015-02-04,2015,127582.0,236044.5,157363,111511.0,0.0,0.0,5.0,23.0,280.0,2781.0,28254.0,13932.0
2015-02-06,2015,143006.0,261333.0,174222,135536.0,0.0,1.0,2.0,32.0,330.0,3139.0,31294.0,13502.0
2015-02-07,2015,234549.0,413104.5,275403,204697.5,0.0,0.0,11.0,53.0,509.0,4859.0,49714.0,25463.0
2015-02-10,2015,90791.0,171909.0,114606,78096.5,0.0,0.0,2.0,21.0,201.0,2046.0,20888.0,9247.0
2015-02-11,2015,121209.0,224451.0,149634,102890.5,0.0,0.0,2.0,30.0,254.0,2742.0,27097.0,13271.0
2015-02-13,2015,329978.0,587905.5,391937,278106.5,0.0,0.0,10.0,69.0,690.0,7157.0,70474.0,35849.0
2015-02-14,2015,239283.0,420492.0,280328,206706.0,0.0,1.0,2.0,64.0,518.0,5043.0,50265.0,22534.0
2015-02-17,2015,92665.0,174535.5,116357,79320.0,0.0,0.0,2.0,26.0,197.0,2087.0,20929.0,9258.0
2015-02-18,2015,122863.0,227053.5,151369,106075.0,0.0,0.0,4.0,28.0,271.0,2743.0,27382.0,12384.0
2015-02-20,2015,145004.0,262711.5,175141,121370.0,0.0,0.0,3.0,43.0,299.0,3087.0,31729.0,14598.0
2015-02-21,2015,232903.0,409123.5,272749,202237.0,0.0,1.0,2.0,44.0,462.0,4935.0,49068.0,24924.0
2015-02-24,2015,95077.0,178755.0,119170,79637.5,0.0,0.0,2.0,17.0,198.0,2040.0,21517.0,10029.0
2015-02-25,2015,131555.0,243196.5,162131,107872.0,0.0,0.0,1.0,32.0,298.0,2881.0,29016.0,14050.0
2015-02-27,2015,159559.0,287379.0,191586,129452.0,0.0,0.0,1.0,41.0,377.0,3565.0,34522.0,16562.0
2015-02-28,2015,244963.0,431190.0,287460,200110.5,0.0,0.0,5.0,60.0,524.0,5178.0,51770.0,25467.0
2015-03-03,2015,106246.0,199573.5,133049,87987.0,0.0,0.0,1.0,26.0,233.0,2333.0,23921.0,11080.0
2015-03-04,2015,122165.0,227014.5,151343,100758.0,0.0,0.0,2.0,29.0,281.0,2810.0,27292.0,11136.0
2015-03-06,2015,226761.0,409165.5,272777,179273.0,0.0,0.0,2.0,43.0,528.0,4903.0,48750.0,22732.0
2015-03-07,2015,237725.0,418108.5,278739,184414.5,0.0,0.0,4.0,40.0,511.0,5001.0,50196.0,21865.0
2015-03-10,2015,92428.0,174861.0,116574,77287.5,0.0,0.0,1.0,25.0,211.0,2119.0,20921.0,9087.0
2015-03-11,2015,123054.0,227830.5,151887,106984.5,0.0,0.0,4.0,23.0,253.0,2747.0,27642.0,13537.0
2015-03-13,2015,344582.0,618106.5,412071,288726.5,0.0,1.0,2.0,67.0,755.0,7568.0,74432.0,33015.0
2015-03-14,2015,235819.0,415987.5,277325,211114.5,0.0,1.0,6.0,60.0,512.0,4945.0,49889.0,21581.0
2015-03-17,2015,93708.0,175768.5,117179,76897.5,0.0,0.0,1.0,21.0,221.0,2084.0,21010.0,9225.0
2015-03-18,2015,148542.0,276751.5,184501,127957.0,0.0,0.0,5.0,33.0,315.0,3383.0,33268.0,14404.0
2015-03-20,2015,152952.0,275898.0,183932,121733.0,0.0,0.0,2.0,36.0,349.0,3142.0,32922.0,14666.0
2015-03-21,2015,254495.0,450600.0,300400,226210.5,0.0,1.0,8.0,48.0,546.0,5306.0,53806.0,23699.0
2015-03-24,2015,98278.0,185880.0,123920,106598.0,0.0,1.0,4.0,22.0,223.0,2108.0,21973.0,10168.0
2015-03-25,2015,120940.0,224965.5,149977,100130.5,0.0,0.0,2.0,23.0,261.0,2732.0,27023.0,12403.0
2015-03-27,2015,154656.0,279838.5,186559,127886.5,0.0,0.0,3.0,46.0,335.0,3306.0,33578.0,14867.0
2015-03-28,2015,234617.0,413005.5,275337,194858.5,0.0,0.0,7.0,57.0,528.0,4960.0,49764.0,23047.0
2015-03-31,2015,103205.0,196434.0,130956,85295.5,0.0,0.0,0.0,27.0,213.0,2377.0,23689.0,10915.0
2015-04-01,2015,121850.0,228136.5,152091,107569.5,0.0,0.0,2.0,48.0,296.0,2748.0,27284.0,13161.0
2015-04-03,2015,145788.0,264756.0,176504,117732.0,0.0,0.0,2.0,26.0,304.0,3276.0,32014.0,14696.0
2015-04-04,2015,236453.0,418678.5,279119,185213.0,0.0,0.0,4.0,33.0,569.0,5019.0,50143.0,22568.0
2015-04-07,2015,83289.0,158928.0,105952,71707.0,0.0,0.0,1.0,20.0,198.0,1868.0,18816.0,9850.0
2015-04-08,2015,122424.0,229884.0,153256,124285.0,0.0,1.0,2.0,33.0,302.0,2746.0,27695.0,12350.0
2015-04-10,2015,137855.0,256554.0,171036,114534.5,0.0,0.0,2.0,38.0,337.0,3089.0,30555.0,13093.0
2015-04-11,2015,228995.0,408922.5,272615,177814.0,0.0,0.0,1.0,51.0,477.0,4998.0,49378.0,21552.0
2015-04-14,2015,93781.0,190812.0,127208,85217.0,0.0,0.0,2.0,24.0,236.0,2291.0,22786.0,9780.0
2015-04-15,2015,120130.0,234981.0,156654,108472.0,0.0,0.0,3.0,34.0,288.0,2809.0,28593.0,12454.0
2015-04-17,2015,144508.0,273229.5,182153,125041.5,0.0,0.0,4.0,31.0,344.0,3303.0,32828.0,14527.0
2015-04-18,2015,228781.0,413218.5,275479,188170.5,0.0,0.0,5.0,57.0,528.0,4967.0,49397.0,21721.0
2015-04-20,2015,5441.0,27174.0,18116,11597.0,0.0,0.0,0.0,1.0,39.0,348.0,3312.0,1502.0
2015-04-21,2015,95877.0,190681.5,127121,82123.5,0.0,0.0,0.0,27.0,224.0,2340.0,22882.0,9853.0
2015-04-22,2015,127042.0,245931.0,163954,113787.0,0.0,0.0,4.0,30.0,295.0,2874.0,29590.0,13558.0
2015-04-23,2015,7531.0,31362.0,20908,16312.5,0.0,0.0,1.0,7.0,34.0,400.0,3830.0,1715.0
2015-04-24,2015,150898.0,282231.0,188154,120220.0,0.0,0.0,1.0,25.0,334.0,3374.0,33696.0,14852.0
2015-04-25,2015,230012.0,417291.0,278194,186068.5,0.0,0.0,4.0,47.0,483.0,4917.0,50216.0,22661.0
2015-04-26,2015,4240.0,14925.0,9950,6308.0,0.0,0.0,0.0,1.0,21.0,169.0,1817.0,806.0
2015-04-27,2015,11445.0,40285.5,26857,18023.0,0.0,0.0,0.0,7.0,43.0,531.0,4847.0,2276.0
2015-04-28,2015,98870.0,197569.5,131713,96981.0,0.0,0.0,4.0,29.0,252.0,2454.0,23643.0,12390.0
2015-04-29,2015,128547.0,250335.0,166890,114817.5,0.0,0.0,3.0,29.0,294.0,2910.0,29830.0,15285.0
2015-04-30,2015,14256.0,56028.0,37352,23787.0,0.0,0.0,0.0,4.0,65.0,621.0,6714.0,3436.0
2015-05-01,2015,129226.0,235630.5,157087,3232122.0,1.0,0.0,4.0,25.0,301.0,2757.0,28283.0,11834.0
2015-05-02,2015,227264.0,406116.0,270744,226471.0,0.0,2.0,7.0,39.0,483.0,4933.0,48913.0,21680.0
2015-05-03,2015,5609.0,16590.0,11060,6852.5,0.0,0.0,0.0,2.0,22.0,190.0,1926.0,807.0
2015-05-04,2015,9005.0,29062.5,19375,12583.0,0.0,0.0,0.0,5.0,35.0,341.0,3386.0,1604.0
2015-05-05,2015,100516.0,189231.0,126154,84919.0,0.0,0.0,2.0,17.0,223.0,2232.0,22767.0,10910.0
2015-05-06,2015,128956.0,240055.5,160037,110561.0,0.0,0.0,5.0,23.0,277.0,2778.0,28781.0,12646.0
2015-05-07,2015,11216.0,33109.5,22073,14460.0,0.0,0.0,0.0,4.0,41.0,415.0,4046.0,1782.0
2015-05-08,2015,153925.0,279153.0,186102,126708.0,0.0,0.0,4.0,32.0,302.0,3326.0,33674.0,14860.0
2015-05-09,2015,237082.0,419265.0,279510,196619.0,0.0,0.0,7.0,56.0,493.0,4874.0,50212.0,24510.0
2015-05-10,2015,5428.0,15780.0,10520,7224.0,0.0,0.0,0.0,4.0,24.0,191.0,1848.0,862.0
2015-05-11,2015,8641.0,26449.5,17633,11955.0,0.0,0.0,0.0,6.0,30.0,304.0,3146.0,1562.0
2015-05-12,2015,99713.0,186726.0,124484,84751.5,0.0,0.0,2.0,24.0,241.0,2301.0,22635.0,9571.0
2015-05-13,2015,129915.0,241396.5,160931,118240.0,0.0,0.0,6.0,26.0,319.0,2894.0,29049.0,14728.0
2015-05-14,2015,5404.0,16062.0,10708,8229.0,0.0,0.0,1.0,0.0,17.0,193.0,1859.0,804.0
2015-05-15,2015,135030.0,246198.0,164132,113264.5,0.0,0.0,4.0,28.0,274.0,3000.0,29780.0,13083.0
2015-05-16,2015,221944.0,391410.0,260940,375459.5,1.0,0.0,3.0,35.0,453.0,4750.0,46998.0,23769.0
2015-05-17,2015,4840.0,14544.0,9696,6659.5,0.0,0.0,0.0,3.0,17.0,179.0,1747.0,887.0
2015-05-18,2015,7281.0,22800.0,15200,9515.0,0.0,0.0,0.0,2.0,23.0,239.0,2767.0,1284.0
2015-05-19,2015,92516.0,172704.0,115136,100476.0,0.0,1.0,3.0,15.0,223.0,2132.0,20864.0,9752.0
2015-05-20,2015,125377.0,230583.0,153722,103136.5,0.0,0.0,1.0,30.0,297.0,2737.0,27702.0,13405.0
2015-05-21,2015,8987.0,28938.0,19292,11605.5,0.0,0.0,0.0,0.0,30.0,356.0,3358.0,1673.0
2015-05-22,2015,146718.0,265707.0,177138,121181.5,0.0,0.0,5.0,20.0,298.0,3302.0,31696.0,14213.0
2015-05-23,2015,232408.0,409812.0,273208,193787.0,0.0,0.0,6.0,64.0,494.0,4863.0,49249.0,24196.0
2015-05-24,2015,5149.0,15372.0,10248,6608.0,0.0,0.0,0.0,2.0,18.0,174.0,1820.0,892.0
2015-05-25,2015,4341.0,12801.0,8534,5214.5,0.0,0.0,0.0,1.0,13.0,139.0,1531.0,665.0
2015-05-26,2015,89800.0,168702.0,112468,77882.0,0.0,0.0,3.0,11.0,205.0,2054.0,20483.0,9564.0
2015-05-27,2015,119053.0,220456.5,146971,105823.0,0.0,0.0,5.0,19.0,268.0,2663.0,26396.0,13704.0
2015-05-28,2015,8244.0,27232.5,18155,11345.5,0.0,0.0,0.0,2.0,29.0,333.0,3205.0,1527.0
2015-05-29,2015,152602.0,276219.0,184146,125573.0,0.0,0.0,3.0,36.0,360.0,3286.0,33240.0,14842.0
2015-05-30,2015,232800.0,410832.0,273888,185565.5,0.0,0.0,4.0,55.0,487.0,4869.0,49624.0,22155.0
2015-05-31,2015,5006.0,14886.0,9924,6338.5,0.0,0.0,0.0,1.0,20.0,173.0,1776.0,881.0
2015-06-01,2015,7893.0,26097.0,17398,11184.0,0.0,0.0,0.0,1.0,28.0,340.0,3225.0,1516.0
2015-06-02,2015,97940.0,182623.5,121749,98756.5,0.0,1.0,0.0,18.0,218.0,2226.0,22064.0,10359.0
2015-06-03,2015,126761.0,234291.0,156194,103510.5,0.0,0.0,2.0,22.0,279.0,2780.0,27889.0,13235.0
2015-06-04,2015,8017.0,27012.0,18008,11420.0,0.0,0.0,0.0,3.0,37.0,310.0,3239.0,1368.0
2015-06-05,2015,221640.0,402492.0,268328,200696.0,0.0,1.0,6.0,37.0,448.0,4786.0,48348.0,21140.0
2015-06-06,2015,233858.0,411144.0,274096,201204.0,0.0,0.0,10.0,45.0,509.0,4888.0,49844.0,25264.0
2015-06-07,2015,4711.0,14161.5,9441,7870.5,0.0,0.0,1.0,1.0,14.0,158.0,1749.0,735.0
2015-06-08,2015,7046.0,22951.5,15301,9664.0,0.0,0.0,0.0,1.0,28.0,281.0,2773.0,1302.0
2015-06-09,2015,136392.0,252891.0,168594,119083.5,0.0,0.0,5.0,25.0,328.0,3101.0,30369.0,14187.0
2015-06-10,2015,132999.0,244170.0,162780,131170.5,0.0,1.0,3.0,24.0,297.0,3051.0,29384.0,13605.0
2015-06-11,2015,8109.0,25705.5,17137,11248.5,0.0,0.0,0.0,2.0,32.0,322.0,3193.0,1475.0
2015-06-12,2015,197505.0,356397.0,237598,162015.0,0.0,0.0,4.0,41.0,422.0,4291.0,42981.0,19972.0
2015-06-13,2015,239723.0,421671.0,281114,192940.0,0.0,0.0,7.0,41.0,516.0,5145.0,50297.0,22734.0
2015-06-14,2015,4577.0,13830.0,9220,6059.0,0.0,0.0,0.0,3.0,16.0,154.0,1652.0,710.0
2015-06-15,2015,6889.0,22269.0,14846,9410.0,0.0,0.0,0.0,3.0,30.0,262.0,2562.0,1184.0
2015-06-16,2015,96404.0,178431.0,118954,89661.0,0.0,0.0,5.0,25.0,215.0,2169.0,21361.0,11196.0
2015-06-17,2015,121703.0,223414.5,148943,103081.5,0.0,0.0,3.0,22.0,290.0,2677.0,26813.0,13247.0
2015-06-18,2015,7843.0,24735.0,16490,12013.5,0.0,0.0,1.0,0.0,24.0,315.0,3011.0,1291.0
2015-06-19,2015,151892.0,272218.5,181479,119190.0,0.0,0.0,1.0,25.0,362.0,3210.0,32750.0,15600.0
2015-06-20,2015,227861.0,400212.0,266808,184049.0,0.0,0.0,5.0,53.0,484.0,4865.0,47931.0,22388.0
2015-06-21,2015,4486.0,13509.0,9006,5833.0,0.0,0.0,0.0,3.0,11.0,156.0,1605.0,682.0
2015-06-22,2015,6846.0,22615.5,15077,9950.5,0.0,0.0,0.0,3.0,24.0,263.0,2790.0,1317.0
2015-06-23,2015,92602.0,172803.0,115202,81172.0,0.0,0.0,2.0,23.0,227.0,2090.0,20661.0,10840.0
2015-06-24,2015,120481.0,222937.5,148625,101287.5,0.0,0.0,2.0,26.0,253.0,2721.0,26911.0,13067.0
2015-06-25,2015,8055.0,26530.5,17687,11831.5,0.0,0.0,0.0,7.0,27.0,343.0,3102.0,1315.0
2015-06-26,2015,146813.0,263860.5,175907,119736.5,0.0,0.0,4.0,31.0,311.0,3145.0,31409.0,13849.0
2015-06-27,2015,227042.0,399172.5,266115,179984.0,0.0,0.0,3.0,46.0,479.0,4729.0,47985.0,23726.0
2015-06-28,2015,4459.0,13731.0,9154,5993.5,0.0,0.0,0.0,2.0,18.0,155.0,1642.0,783.0
2015-06-29,2015,6464.0,21118.5,14079,10984.0,0.0,0.0,1.0,2.0,23.0,266.0,2587.0,1080.0
2015-06-30,2015,90348.0,167275.5,111517,78974.5,0.0,0.0,3.0,25.0,189.0,2078.0,20003.0,9199.0
2015-07-01,2015,123463.0,227028.0,151352,108939.5,0.0,0.0,5.0,28.0,279.0,2747.0,27074.0,13251.0
2015-07-02,2015,7064.0,23341.5,15561,9988.5,0.0,0.0,0.0,3.0,26.0,304.0,2805.0,1159.0
2015-07-03,2015,140366.0,252547.5,168365,119345.5,0.0,0.0,5.0,32.0,302.0,3039.0,30188.0,14223.0
2015-07-04,2015,222589.0,390528.0,260352,221392.0,0.0,2.0,7.0,42.0,455.0,4767.0,46560.0,21958.0
2015-07-05,2015,4217.0,12979.5,8653,5524.0,0.0,0.0,0.0,2.0,18.0,141.0,1491.0,718.0
2015-07-06,2015,6615.0,21861.0,14574,9955.0,0.0,0.0,0.0,2.0,38.0,271.0,2646.0,1432.0
2015-07-07,2015,95557.0,176197.5,117465,79183.0,0.0,0.0,2.0,20.0,223.0,2102.0,21319.0,9050.0
2015-07-08,2015,129124.0,236925.0,157950,112033.5,0.0,0.0,4.0,36.0,299.0,2817.0,28551.0,13111.0
2015-07-09,2015,6645.0,22716.0,15144,9652.5,0.0,0.0,0.0,1.0,26.0,270.0,2835.0,1275.0
2015-07-10,2015,147852.0,264607.5,176405,124893.5,0.0,0.0,4.0,34.0,295.0,3134.0,31889.0,16497.0
2015-07-11,2015,221353.0,387669.0,258446,182992.5,0.0,0.0,8.0,50.0,481.0,4629.0,46906.0,20277.0
2015-07-12,2015,4207.0,13083.0,8722,5312.5,0.0,0.0,0.0,0.0,14.0,164.0,1534.0,763.0
2015-07-13,2015,5894.0,19875.0,13250,8455.5,0.0,0.0,0.0,1.0,25.0,242.0,2384.0,1185.0
2015-07-14,2015,87536.0,162042.0,108028,72120.0,0.0,0.0,1.0,20.0,204.0,1960.0,19607.0,8684.0
2015-07-15,2015,116901.0,213957.0,142638,93517.5,0.0,0.0,2.0,22.0,256.0,2601.0,25700.0,10395.0
2015-07-16,2015,6609.0,22000.5,14667,11302.0,0.0,0.0,1.0,2.0,25.0,271.0,2700.0,1098.0
2015-07-17,2015,134672.0,241593.0,161062,106534.0,0.0,0.0,1.0,24.0,319.0,2860.0,29114.0,13884.0
2015-07-18,2015,213134.0,372987.0,248658,161311.5,0.0,0.0,1.0,42.0,428.0,4526.0,44941.0,19893.0
2015-07-19,2015,4062.0,12771.0,8514,7796.5,0.0,0.0,1.0,3.0,12.0,157.0,1602.0,645.0
2015-07-20,2015,6198.0,20793.0,13862,9505.5,0.0,0.0,0.0,5.0,23.0,252.0,2540.0,1137.0
2015-07-21,2015,71693.0,131527.5,87685,62424.5,0.0,0.0,2.0,21.0,191.0,1581.0,15795.0,7273.0
2015-07-22,2015,110053.0,202747.5,135165,91419.5,0.0,0.0,2.0,30.0,242.0,2406.0,24144.0,10841.0
2015-07-23,2015,6198.0,21072.0,14048,9068.0,0.0,0.0,0.0,3.0,16.0,223.0,2705.0,1082.0
2015-07-24,2015,134468.0,241347.0,160898,110786.5,0.0,0.0,3.0,28.0,295.0,2900.0,29170.0,13631.0
2015-07-25,2015,208821.0,365758.5,243839,166114.0,0.0,0.0,5.0,43.0,434.0,4442.0,43546.0,19688.0
2015-07-26,2015,4009.0,12442.5,8295,5000.0,0.0,0.0,0.0,0.0,17.0,146.0,1443.0,696.0
2015-07-27,2015,5766.0,19576.5,13051,8516.5,0.0,0.0,0.0,2.0,29.0,260.0,2309.0,1079.0
2015-07-28,2015,83615.0,155055.0,103370,87976.5,0.0,1.0,1.0,17.0,183.0,1835.0,18630.0,8321.0
2015-07-29,2015,114050.0,209376.0,139584,93874.5,0.0,0.0,4.0,18.0,227.0,2503.0,25028.0,10109.0
2015-07-30,2015,6372.0,21997.5,14665,9219.5,0.0,0.0,0.0,2.0,27.0,243.0,2618.0,1219.0
2015-07-31,2015,133878.0,240729.0,160486,108765.5,0.0,0.0,3.0,24.0,321.0,2779.0,28890.0,13247.0
2015-08-01,2015,215847.0,377937.0,251958,195985.5,0.0,1.0,6.0,48.0,431.0,4511.0,45658.0,21263.0
2015-08-02,2015,4081.0,12780.0,8520,5520.5,0.0,0.0,0.0,2.0,22.0,148.0,1473.0,663.0
2015-08-03,2015,5981.0,20361.0,13574,9093.5,0.0,0.0,0.0,3.0,23.0,262.0,2362.0,1333.0
2015-08-04,2015,84803.0,156991.5,104661,72356.0,0.0,0.0,2.0,19.0,190.0,1836.0,18972.0,9088.0
2015-08-05,2015,125560.0,229950.0,153300,102340.5,0.0,0.0,1.0,33.0,262.0,2696.0,27890.0,12827.0
2015-08-06,2015,6168.0,20688.0,13792,13399.0,0.0,0.0,2.0,4.0,23.0,264.0,2511.0,1198.0
2015-08-07,2015,133095.0,238216.5,158811,128572.0,0.0,1.0,3.0,29.0,291.0,2860.0,28624.0,12936.0
2015-08-08,2015,221476.0,387657.0,258438,186728.0,0.0,0.0,9.0,44.0,433.0,4832.0,46406.0,22864.0
2015-08-09,2015,4032.0,12376.5,8251,5659.0,0.0,0.0,0.0,3.0,14.0,150.0,1443.0,762.0
2015-08-10,2015,5715.0,18759.0,12506,8536.5,0.0,0.0,0.0,4.0,30.0,216.0,2258.0,1027.0
2015-08-11,2015,88550.0,162601.5,108401,74886.5,0.0,0.0,2.0,24.0,191.0,2056.0,19439.0,8739.0
2015-08-12,2015,135055.0,245703.0,163802,132908.0,0.0,1.0,3.0,32.0,319.0,2891.0,29287.0,14066.0
2015-08-13,2015,6037.0,20173.5,13449,8634.5,0.0,0.0,0.0,3.0,15.0,230.0,2423.0,1159.0
2015-08-14,2015,140305.0,251026.5,167351,114456.0,0.0,0.0,3.0,34.0,313.0,2984.0,30065.0,13564.0
2015-08-15,2015,198261.0,343947.0,229298,160448.5,0.0,0.0,5.0,38.0,371.0,4110.0,41315.0,21499.0
2015-08-16,2015,3561.0,10717.5,7145,4922.0,0.0,0.0,0.0,1.0,20.0,164.0,1331.0,560.0
2015-08-17,2015,5613.0,18544.5,12363,7855.5,0.0,0.0,0.0,2.0,22.0,235.0,2177.0,991.0
2015-08-18,2015,81394.0,150459.0,100306,66501.0,0.0,0.0,1.0,22.0,171.0,1869.0,17878.0,7720.0
2015-08-19,2015,142658.0,259465.5,172977,116904.5,0.0,0.0,2.0,31.0,298.0,3140.0,31144.0,15171.0
2015-08-20,2015,5724.0,19567.5,13045,8005.0,0.0,0.0,0.0,1.0,23.0,227.0,2328.0,1036.0
2015-08-21,2015,131595.0,234589.5,156393,128163.0,0.0,1.0,3.0,29.0,263.0,2866.0,28389.0,13330.0
2015-08-22,2015,215812.0,377256.0,251504,185702.5,0.0,1.0,1.0,44.0,463.0,4272.0,45282.0,22479.0
2015-08-23,2015,3793.0,12126.0,8084,5247.5,0.0,0.0,0.0,2.0,9.0,144.0,1475.0,665.0
2015-08-24,2015,5302.0,18211.5,12141,10044.0,0.0,0.0,1.0,3.0,11.0,237.0,2244.0,1034.0
2015-08-25,2015,87730.0,161877.0,107918,72917.0,0.0,0.0,1.0,21.0,217.0,1982.0,19401.0,9110.0
2015-08-26,2015,128182.0,233811.0,155874,103576.5,0.0,0.0,1.0,29.0,267.0,2719.0,28217.0,13605.0
2015-08-27,2015,5877.0,20253.0,13502,8279.0,0.0,0.0,0.0,1.0,19.0,248.0,2349.0,1174.0
2015-08-28,2015,132558.0,237433.5,158289,107291.0,0.0,0.0,2.0,31.0,274.0,2900.0,28675.0,13174.0
2015-08-29,2015,225657.0,395044.5,263363,176872.0,0.0,0.0,3.0,48.0,485.0,4814.0,47167.0,22112.0
2015-08-30,2015,3772.0,11700.0,7800,5770.0,0.0,0.0,0.0,5.0,13.0,146.0,1431.0,612.0
2015-08-31,2015,5289.0,18471.0,12314,10146.0,0.0,0.0,1.0,3.0,24.0,240.0,2204.0,972.0
2015-09-01,2015,88089.0,164482.5,109655,77106.0,0.0,0.0,4.0,14.0,213.0,1949.0,19591.0,8746.0
2015-09-02,2015,128905.0,235686.0,157124,108576.0,0.0,0.0,4.0,18.0,273.0,2877.0,28355.0,13614.0
2015-09-03,2015,6007.0,20853.0,13902,9127.0,0.0,0.0,0.0,4.0,24.0,264.0,2455.0,1078.0
2015-09-04,2015,142431.0,253791.0,169194,122569.5,0.0,0.0,6.0,31.0,336.0,3036.0,30677.0,14077.0
2015-09-05,2015,221543.0,387940.5,258627,193801.5,0.0,1.0,4.0,48.0,454.0,4737.0,46653.0,20087.0
2015-09-06,2015,3821.0,12235.5,8157,5262.0,0.0,0.0,0.0,1.0,14.0,170.0,1444.0,696.0
2015-09-07,2015,5616.0,19599.0,13066,8729.0,0.0,0.0,0.0,4.0,26.0,236.0,2300.0,1086.0
2015-09-08,2015,91037.0,167511.0,111674,75497.5,0.0,0.0,1.0,21.0,212.0,2076.0,20321.0,9357.0
2015-09-09,2015,121610.0,221017.5,147345,100561.5,0.0,0.0,2.0,35.0,273.0,2584.0,26320.0,12361.0
2015-09-10,2015,5761.0,19993.5,13329,8258.5,0.0,0.0,0.0,0.0,17.0,234.0,2379.0,1327.0
2015-09-11,2015,134996.0,240468.0,160312,113189.0,0.0,0.0,5.0,35.0,280.0,2920.0,28786.0,12278.0
2015-09-12,2015,217844.0,380440.5,253627,174191.0,0.0,0.0,4.0,38.0,494.0,4565.0,45318.0,23500.0
2015-09-13,2015,3774.0,11692.5,7795,7264.5,0.0,0.0,1.0,2.0,14.0,160.0,1344.0,731.0
2015-09-14,2015,5157.0,17952.0,11968,8511.5,0.0,0.0,0.0,7.0,19.0,196.0,2170.0,941.0
2015-09-15,2015,90800.0,166138.5,110759,74774.5,0.0,0.0,2.0,19.0,198.0,1936.0,19846.0,9095.0
2015-09-16,2015,119714.0,217297.5,144865,102566.5,0.0,0.0,3.0,43.0,266.0,2596.0,26035.0,11731.0
2015-09-17,2015,5327.0,18219.0,12146,8177.0,0.0,0.0,0.0,3.0,32.0,225.0,2198.0,944.0
2015-09-18,2015,139995.0,248215.5,165477,110510.0,0.0,0.0,1.0,34.0,271.0,3030.0,30097.0,13964.0
2015-09-19,2015,221128.0,385326.0,256884,175692.5,0.0,0.0,6.0,36.0,455.0,4599.0,45812.0,21849.0
2015-09-20,2015,3542.0,11170.5,7447,4770.5,0.0,0.0,0.0,2.0,10.0,133.0,1311.0,589.0
2015-09-21,2015,5000.0,17134.5,11423,9360.5,0.0,0.0,1.0,2.0,18.0,211.0,2022.0,1001.0
2015-09-22,2015,89762.0,164724.0,109816,74816.0,0.0,0.0,2.0,18.0,213.0,1980.0,19493.0,9380.0
2015-09-23,2015,122379.0,222390.0,148260,104140.5,0.0,0.0,5.0,18.0,266.0,2689.0,26566.0,12429.0
2015-09-24,2015,5556.0,19006.5,12671,8072.5,0.0,0.0,0.0,2.0,17.0,229.0,2277.0,1089.0
2015-09-25,2015,142852.0,253713.0,169142,110570.0,0.0,0.0,0.0,33.0,319.0,2982.0,30453.0,14516.0
2015-09-26,2015,245563.0,429514.5,286343,192599.5,0.0,0.0,5.0,44.0,519.0,5023.0,51726.0,23235.0
2015-09-27,2015,3681.0,11272.5,7515,4999.5,0.0,0.0,0.0,3.0,14.0,130.0,1302.0,577.0
2015-09-28,2015,5006.0,17542.5,11695,8051.0,0.0,0.0,0.0,4.0,22.0,235.0,2107.0,948.0
2015-09-29,2015,87472.0,159547.5,106365,71624.5,0.0,0.0,1.0,14.0,181.0,1969.0,18951.0,10305.0
2015-09-30,2015,137838.0,251707.5,167805,106089.0,0.0,0.0,1.0,18.0,301.0,2997.0,30367.0,12500.0
2015-10-01,2015,5635.0,19659.0,13106,8530.0,0.0,0.0,0.0,2.0,28.0,235.0,2380.0,1090.0
2015-10-02,2015,138239.0,245106.0,163404,128148.5,0.0,1.0,1.0,28.0,264.0,3124.0,29586.0,13651.0
2015-10-03,2015,245578.0,430224.0,286816,186631.0,0.0,0.0,1.0,56.0,540.0,5111.0,51231.0,23076.0
2015-10-04,2015,3629.0,11319.0,7546,4858.0,0.0,0.0,0.0,1.0,9.0,124.0,1407.0,696.0
2015-10-05,2015,5181.0,17763.0,11842,7379.5,0.0,0.0,0.0,1.0,15.0,215.0,2165.0,983.0
2015-10-06,2015,87345.0,160257.0,106838,75676.0,0.0,0.0,4.0,17.0,179.0,1956.0,19404.0,8072.0
2015-10-07,2015,152243.0,277573.5,185049,125570.5,0.0,0.0,4.0,27.0,344.0,3397.0,32974.0,14905.0
2015-10-08,2015,5483.0,18931.5,12621,7476.5,0.0,0.0,0.0,0.0,20.0,228.0,2171.0,1063.0
2015-10-09,2015,138032.0,245296.5,163531,113851.0,0.0,0.0,4.0,25.0,323.0,2974.0,29682.0,13438.0
2015-10-10,2015,264028.0,464068.5,309379,220327.5,0.0,0.0,9.0,48.0,565.0,5588.0,55851.0,27857.0
2015-10-11,2015,3529.0,11164.5,7443,6567.0,0.0,0.0,1.0,0.0,8.0,138.0,1338.0,694.0
2015-10-12,2015,4758.0,16264.5,10843,6547.5,0.0,0.0,0.0,0.0,11.0,194.0,1985.0,925.0
2015-10-13,2015,91663.0,167526.0,111684,72379.5,0.0,0.0,0.0,20.0,208.0,2055.0,20238.0,8979.0
2015-10-14,2015,121820.0,221781.0,147854,109990.5,0.0,0.0,8.0,23.0,247.0,2637.0,26683.0,11933.0
2015-10-15,2015,5218.0,17950.5,11967,7764.0,0.0,0.0,0.0,1.0,16.0,225.0,2203.0,1142.0
2015-10-16,2015,135549.0,241878.0,161252,114526.0,0.0,0.0,3.0,32.0,316.0,2920.0,29398.0,14940.0
2015-10-17,2015,228395.0,397900.5,265267,190883.0,0.0,0.0,8.0,57.0,521.0,4857.0,47274.0,22820.0
2015-10-18,2015,3390.0,10620.0,7080,4525.0,0.0,0.0,0.0,2.0,7.0,127.0,1225.0,600.0
2015-10-19,2015,4746.0,16113.0,10742,7080.0,0.0,0.0,0.0,1.0,23.0,220.0,1967.0,924.0
2015-10-20,2015,86286.0,157876.5,105251,73983.5,0.0,0.0,3.0,18.0,208.0,1883.0,18877.0,8703.0
2015-10-21,2015,119842.0,217876.5,145251,93550.5,0.0,0.0,1.0,25.0,273.0,2570.0,26084.0,10715.0
2015-10-22,2015,5300.0,18912.0,12608,9127.5,0.0,0.0,0.0,4.0,23.0,280.0,2459.0,1033.0
2015-10-23,2015,136808.0,243657.0,162438,113004.5,0.0,0.0,3.0,46.0,301.0,2933.0,29148.0,12549.0
2015-10-24,2015,226232.0,394233.0,262822,1773482.5,2.0,0.0,4.0,37.0,453.0,4693.0,47346.0,20577.0
2015-10-25,2015,3334.0,10324.5,6883,4795.0,0.0,0.0,0.0,2.0,9.0,138.0,1275.0,650.0
2015-10-26,2015,4462.0,14680.5,9787,8532.0,0.0,0.0,1.0,2.0,19.0,166.0,1807.0,872.0
2015-10-27,2015,89634.0,163095.0,108730,74183.5,0.0,0.0,1.0,27.0,170.0,1953.0,19688.0,9495.0
2015-10-28,2015,122877.0,220792.5,147195,102679.0,0.0,0.0,4.0,31.0,267.0,2661.0,26070.0,11796.0
2015-10-29,2015,4766.0,15958.5,10639,7076.5,0.0,0.0,0.0,3.0,17.0,183.0,1974.0,849.0
2015-10-30,2015,148284.0,261382.5,174255,124090.5,0.0,0.0,4.0,38.0,289.0,3114.0,31475.0,16127.0
2015-10-31,2015,231513.0,401259.0,267506,178153.0,0.0,0.0,2.0,51.0,481.0,4851.0,47765.0,23032.0
2015-11-01,2015,3161.0,9804.0,6536,4324.5,0.0,0.0,0.0,1.0,15.0,125.0,1173.0,569.0
2015-11-02,2015,4409.0,14391.0,9594,6328.0,0.0,0.0,0.0,1.0,22.0,181.0,1763.0,838.0
2015-11-03,2015,93774.0,169692.0,113128,77547.0,0.0,0.0,3.0,16.0,201.0,2097.0,20153.0,9024.0
2015-11-04,2015,116832.0,210121.5,140081,98573.5,0.0,0.0,3.0,29.0,265.0,2526.0,25166.0,12341.0
2015-11-05,2015,4585.0,14907.0,9938,6721.0,0.0,0.0,0.0,2.0,21.0,172.0,1886.0,846.0
2015-11-06,2015,206361.0,365964.0,243976,184756.5,0.0,1.0,4.0,38.0,461.0,4499.0,43900.0,19761.0
2015-11-07,2015,225063.0,388891.5,259261,176010.5,0.0,0.0,4.0,42.0,405.0,4714.0,46763.0,22943.0
2015-11-08,2015,3084.0,9058.5,6039,6215.5,0.0,0.0,1.0,2.0,12.0,115.0,1099.0,535.0
2015-11-09,2015,4134.0,13090.5,8727,7605.0,0.0,0.0,1.0,1.0,19.0,168.0,1545.0,730.0
2015-11-10,2015,133562.0,241590.0,161060,140736.5,0.0,1.0,7.0,36.0,294.0,2910.0,29048.0,14007.0
2015-11-11,2015,106381.0,189208.5,126139,94456.5,0.0,0.0,6.0,25.0,237.0,2287.0,22636.0,10673.0
2015-11-12,2015,4421.0,14557.5,9705,6599.5,0.0,0.0,0.0,2.0,16.0,210.0,1811.0,805.0
2015-11-13,2015,326859.0,577336.5,384891,258669.5,0.0,0.0,5.0,75.0,681.0,7001.0,69030.0,31323.0
2015-11-14,2015,228506.0,394512.0,263008,194555.0,0.0,1.0,3.0,46.0,460.0,4692.0,47266.0,21442.0
2015-11-15,2015,3037.0,9046.5,6031,4173.5,0.0,0.0,0.0,3.0,9.0,107.0,1070.0,479.0
2015-11-16,2015,3951.0,12499.5,8333,5625.5,0.0,0.0,0.0,3.0,10.0,139.0,1550.0,687.0
2015-11-17,2015,136223.0,246028.5,164019,111499.0,0.0,0.0,3.0,26.0,295.0,2928.0,29888.0,13322.0
2015-11-18,2015,138096.0,247300.5,164867,108113.5,0.0,0.0,2.0,25.0,307.0,2921.0,29270.0,13219.0
2015-11-19,2015,4283.0,13995.0,9330,8411.0,0.0,0.0,1.0,2.0,25.0,182.0,1702.0,798.0
2015-11-20,2015,198115.0,350383.5,233589,156232.0,0.0,0.0,4.0,32.0,406.0,4125.0,42016.0,19370.0
2015-11-21,2015,240919.0,417196.5,278131,189054.0,0.0,0.0,4.0,40.0,510.0,4942.0,49752.0,25760.0
2015-11-22,2015,2902.0,8574.0,5716,3743.0,0.0,0.0,0.0,1.0,10.0,99.0,1049.0,500.0
2015-11-23,2015,3879.0,12456.0,8304,6040.5,0.0,0.0,0.0,5.0,13.0,148.0,1532.0,651.0
2015-11-24,2015,86787.0,156657.0,104438,73044.5,0.0,0.0,2.0,23.0,179.0,1970.0,18677.0,9107.0
2015-11-25,2015,141469.0,255199.5,170133,117919.0,0.0,0.0,3.0,34.0,318.0,3086.0,30389.0,15034.0
2015-11-26,2015,4327.0,14265.0,9510,6015.5,0.0,0.0,0.0,1.0,20.0,163.0,1671.0,839.0
2015-11-27,2015,142765.0,250933.5,167289,114623.0,0.0,0.0,4.0,30.0,292.0,2935.0,29998.0,13408.0
2015-11-28,2015,248556.0,432603.0,288402,223508.0,0.0,1.0,7.0,55.0,469.0,5162.0,52276.0,25844.0
2015-11-29,2015,2913.0,9027.0,6018,3706.5,0.0,0.0,0.0,0.0,10.0,124.0,1102.0,455.0
2015-11-30,2015,3943.0,12759.0,8506,5317.0,0.0,0.0,0.0,0.0,15.0,148.0,1537.0,802.0
2015-12-01,2015,95603.0,172383.0,114922,83190.5,0.0,0.0,4.0,21.0,217.0,2055.0,20849.0,9785.0
2015-12-02,2015,119738.0,215047.5,143365,116926.5,0.0,1.0,2.0,27.0,253.0,2503.0,25858.0,12157.0
2015-12-03,2015,4584.0,15343.5,10229,26305.5,0.0,1.0,0.0,1.0,14.0,195.0,1820.0,807.0
2015-12-04,2015,152070.0,266979.0,177986,145700.0,0.0,1.0,5.0,30.0,332.0,3214.0,32008.0,15316.0
2015-12-05,2015,226008.0,390958.5,260639,577010.5,1.0,0.0,4.0,43.0,477.0,4667.0,47048.0,22293.0
2015-12-06,2015,2934.0,8649.0,5766,3770.0,0.0,0.0,0.0,1.0,15.0,98.0,1036.0,472.0
2015-12-07,2015,4168.0,13540.5,9027,8096.0,0.0,0.0,1.0,2.0,20.0,151.0,1666.0,806.0
2015-12-08,2015,96879.0,174084.0,116056,75723.0,0.0,0.0,0.0,21.0,212.0,2048.0,20981.0,10054.0
2015-12-09,2015,121713.0,217800.0,145200,105625.0,0.0,0.0,5.0,29.0,262.0,2698.0,26342.0,12274.0
2015-12-10,2015,4397.0,14361.0,9574,7550.5,0.0,0.0,1.0,0.0,13.0,165.0,1671.0,749.0
2015-12-11,2015,150431.0,264013.5,176009,124365.0,0.0,0.0,5.0,32.0,323.0,3187.0,31748.0,14716.0
2015-12-12,2015,226127.0,389973.0,259982,177326.5,0.0,0.0,5.0,43.0,476.0,4598.0,47182.0,21235.0
2015-12-13,2015,2899.0,8694.0,5796,3484.5,0.0,0.0,0.0,0.0,10.0,94.0,1012.0,527.0
2015-12-14,2015,3926.0,12355.5,8237,4903.0,0.0,0.0,0.0,0.0,11.0,128.0,1522.0,666.0
2015-12-15,2015,100713.0,181090.5,120727,81527.0,0.0,0.0,2.0,24.0,223.0,2134.0,21669.0,9506.0
2015-12-16,2015,123427.0,220729.5,147153,120825.0,0.0,1.0,3.0,30.0,259.0,2632.0,26298.0,11926.0
2015-12-17,2015,4227.0,13939.5,9293,5843.0,0.0,0.0,0.0,1.0,15.0,144.0,1671.0,854.0
2015-12-18,2015,157119.0,276481.5,184321,123156.0,0.0,0.0,3.0,29.0,314.0,3312.0,33101.0,14876.0
2015-12-19,2015,220820.0,379995.0,253330,191747.0,0.0,1.0,6.0,47.0,467.0,4544.0,45108.0,18714.0
2015-12-20,2015,2862.0,8487.0,5658,3756.0,0.0,0.0,0.0,1.0,14.0,104.0,1036.0,456.0
2015-12-21,2015,3972.0,13357.5,8905,5483.5,0.0,0.0,0.0,0.0,12.0,174.0,1586.0,801.0
2015-12-22,2015,93069.0,167215.5,111477,72161.0,0.0,0.0,0.0,21.0,198.0,1935.0,20281.0,9176.0
2015-12-23,2015,127398.0,227556.0,151704,103607.0,0.0,0.0,3.0,20.0,287.0,2793.0,27471.0,12640.0
2015-12-24,2015,141687.0,266451.0,177634,120802.0,0.0,0.0,4.0,31.0,296.0,3092.0,32132.0,13972.0
2015-12-25,2015,124892.0,217099.5,144733,94752.5,0.0,0.0,1.0,21.0,272.0,2639.0,25922.0,12049.0
2015-12-26,2015,206110.0,357115.5,238077,156554.0,0.0,0.0,2.0,48.0,415.0,4292.0,42650.0,18596.0
2015-12-27,2015,2881.0,8847.0,5898,5880.5,0.0,0.0,1.0,2.0,9.0,97.0,1065.0,457.0
2015-12-28,2015,3851.0,12562.5,8375,5749.0,0.0,0.0,0.0,2.0,17.0,163.0,1512.0,780.0
2015-12-29,2015,98999.0,178261.5,118841,78755.5,0.0,0.0,1.0,26.0,199.0,2093.0,21131.0,9899.0
2015-12-30,2015,129819.0,235210.5,156807,112383.0,0.0,0.0,3.0,40.0,302.0,2776.0,28271.0,14614.0
2015-12-31,2015,180797.0,337923.0,225282,158250.0,0.0,0.0,5.0,54.0,400.0,4039.0,40517.0,18814.0
2016-01-01,2016,140942.0,245992.5,163995,109809.0,0.0,0.0,2.0,29.0,304.0,2900.0,29357.0,13810.0
2016-01-02,2016,211047.0,366691.5,244461,169734.5,0.0,0.0,6.0,35.0,422.0,4309.0,44072.0,21737.0
2016-01-03,2016,2882.0,8667.0,5778,3435.0,0.0,0.0,0.0,0.0,10.0,120.0,965.0,470.0
2016-01-04,2016,3961.0,12652.5,8435,5426.0,0.0,0.0,0.0,1.0,9.0,167.0,1597.0,678.0
2016-01-05,2016,97968.0,176056.5,117371,76794.5,0.0,0.0,0.0,24.0,210.0,2131.0,21204.0,9821.0
2016-01-06,2016,125644.0,225349.5,150233,103560.5,0.0,0.0,2.0,34.0,272.0,2718.0,26825.0,13387.0
2016-01-07,2016,4266.0,13875.0,9250,6270.0,0.0,0.0,0.0,3.0,28.0,163.0,1627.0,694.0
2016-01-08,2016,152050.0,266766.0,177844,138582.5,0.0,1.0,2.0,26.0,337.0,3208.0,32091.0,14947.0
2016-01-09,2016,232615.0,402559.5,268373,184505.5,0.0,0.0,6.0,50.0,478.0,4878.0,48470.0,21077.0
2016-01-10,2016,3025.0,9121.5,6081,5987.0,0.0,0.0,1.0,1.0,11.0,117.0,1125.0,488.0
2016-01-11,2016,3971.0,12700.5,8467,5043.5,0.0,0.0,0.0,0.0,11.0,164.0,1527.0,633.0
2016-01-12,2016,101481.0,182307.0,121538,78905.5,0.0,0.0,0.0,25.0,218.0,2182.0,21688.0,10173.0
2016-01-13,2016,117387.0,210094.5,140063,95703.0,0.0,0.0,2.0,26.0,288.0,2520.0,25211.0,11814.0
2016-01-14,2016,4299.0,14371.5,9581,5959.5,0.0,0.0,0.0,1.0,19.0,169.0,1695.0,763.0
2016-01-15,2016,150999.0,266326.5,177551,122749.5,0.0,0.0,5.0,24.0,347.0,3188.0,31806.0,14305.0
2016-01-16,2016,219281.0,378205.5,252137,188446.0,0.0,1.0,3.0,44.0,481.0,4418.0,45737.0,20308.0
2016-01-17,2016,2882.0,8610.0,5740,3457.5,0.0,0.0,0.0,0.0,10.0,96.0,1055.0,445.0
2016-01-18,2016,3829.0,12306.0,8204,5396.5,0.0,0.0,0.0,1.0,19.0,144.0,1563.0,647.0
2016-01-19,2016,110018.0,197445.0,131630,93175.0,0.0,0.0,3.0,25.0,234.0,2290.0,23730.0,12390.0
2016-01-20,2016,114318.0,204381.0,136254,93458.0,0.0,0.0,2.0,26.0,269.0,2469.0,24679.0,11450.0
2016-01-21,2016,4359.0,14658.0,9772,7293.5,0.0,0.0,0.0,6.0,19.0,172.0,1787.0,853.0
2016-01-22,2016,168672.0,299017.5,199345,162657.5,0.0,1.0,5.0,40.0,393.0,3534.0,35604.0,18613.0
2016-01-23,2016,220193.0,380011.5,253341,175622.5,0.0,0.0,6.0,43.0,442.0,4509.0,45876.0,21257.0
2016-01-24,2016,2783.0,8199.0,5466,3314.5,0.0,0.0,0.0,0.0,7.0,112.0,969.0,451.0
2016-01-25,2016,4039.0,13294.5,8863,6121.0,0.0,0.0,0.0,3.0,16.0,165.0,1561.0,836.0
2016-01-26,2016,122960.0,222438.0,148292,100805.0,0.0,0.0,1.0,27.0,283.0,2600.0,26766.0,14142.0
2016-01-27,2016,117362.0,210756.0,140504,91134.0,0.0,0.0,1.0,23.0,249.0,2485.0,25127.0,11250.0
2016-01-28,2016,5949.0,18184.5,12123,7623.5,0.0,0.0,0.0,1.0,22.0,224.0,2205.0,969.0
2016-01-29,2016,187532.0,334300.5,222867,176323.0,0.0,1.0,5.0,49.0,417.0,4086.0,40228.0,18198.0
2016-01-30,2016,224111.0,387667.5,258445,180431.5,0.0,0.0,5.0,46.0,457.0,4723.0,46785.0,23271.0
2016-01-31,2016,3338.0,9847.5,6565,8335.5,0.0,0.0,2.0,1.0,23.0,122.0,1163.0,493.0
2016-02-01,2016,5512.0,16804.5,11203,9339.5,0.0,0.0,1.0,2.0,24.0,188.0,2069.0,921.0
2016-02-02,2016,95316.0,172123.5,114749,78578.5,0.0,0.0,2.0,23.0,217.0,2065.0,20528.0,9505.0
2016-02-03,2016,118374.0,212619.0,141746,109333.5,0.0,0.0,8.0,26.0,264.0,2499.0,25349.0,13107.0
2016-02-04,2016,5696.0,17863.5,11909,7172.0,0.0,0.0,0.0,0.0,14.0,208.0,2182.0,992.0
2016-02-05,2016,145555.0,255754.5,170503,124871.5,0.0,0.0,8.0,28.0,294.0,3031.0,30403.0,14287.0
2016-02-06,2016,223345.0,386250.0,257500,175117.5,0.0,0.0,5.0,52.0,481.0,4606.0,45637.0,20529.0
2016-02-07,2016,3289.0,9381.0,6254,3888.5,0.0,0.0,0.0,1.0,9.0,100.0,1142.0,483.0
2016-02-08,2016,4657.0,14599.5,9733,6577.0,0.0,0.0,0.0,3.0,20.0,163.0,1802.0,772.0
2016-02-09,2016,91235.0,164943.0,109962,73788.5,0.0,0.0,2.0,14.0,190.0,2030.0,19620.0,9199.0
2016-02-10,2016,118249.0,213202.5,142135,95504.0,0.0,0.0,3.0,25.0,261.0,2584.0,25304.0,10504.0
2016-02-11,2016,5293.0,17328.0,11552,7914.0,0.0,0.0,0.0,2.0,28.0,233.0,2104.0,1054.0
2016-02-12,2016,145138.0,255478.5,170319,129419.0,0.0,1.0,1.0,23.0,300.0,3074.0,30523.0,13602.0
2016-02-13,2016,225743.0,391386.0,260924,167894.5,0.0,0.0,1.0,42.0,478.0,4635.0,46608.0,21029.0
2016-02-14,2016,3460.0,10462.5,6975,6457.5,0.0,0.0,1.0,2.0,8.0,126.0,1228.0,541.0
2016-02-15,2016,4626.0,15238.5,10159,6104.0,0.0,0.0,0.0,0.0,16.0,160.0,1799.0,924.0
2016-02-16,2016,87998.0,159885.0,106590,73813.5,0.0,0.0,3.0,16.0,198.0,1967.0,18882.0,8703.0
2016-02-17,2016,114509.0,206784.0,137856,92198.5,0.0,0.0,2.0,25.0,248.0,2391.0,24849.0,11057.0
2016-02-18,2016,4959.0,16716.0,11144,6912.5,0.0,0.0,0.0,1.0,14.0,198.0,2038.0,911.0
2016-02-19,2016,138205.0,243867.0,162578,111768.0,0.0,0.0,4.0,23.0,311.0,2880.0,29029.0,13660.0
2016-02-20,2016,215636.0,374185.5,249457,171885.0,0.0,0.0,5.0,38.0,457.0,4565.0,44708.0,21936.0
2016-02-21,2016,3256.0,9894.0,6596,6364.5,0.0,0.0,1.0,1.0,12.0,136.0,1221.0,535.0
2016-02-22,2016,4461.0,15051.0,10034,8774.0,0.0,0.0,1.0,4.0,22.0,170.0,1778.0,752.0
2016-02-23,2016,91324.0,165994.5,110663,76586.5,0.0,0.0,2.0,24.0,203.0,2033.0,19910.0,9161.0
2016-02-24,2016,114499.0,207012.0,138008,94603.5,0.0,0.0,3.0,30.0,229.0,2431.0,24580.0,11139.0
2016-02-25,2016,5145.0,17430.0,11620,7335.5,0.0,0.0,0.0,1.0,22.0,206.0,2103.0,973.0
2016-02-26,2016,137889.0,244170.0,162780,117832.5,0.0,0.0,6.0,31.0,313.0,2910.0,29053.0,13811.0
2016-02-27,2016,218330.0,379623.0,253082,177312.5,0.0,0.0,6.0,48.0,452.0,4482.0,45437.0,22259.0
2016-02-28,2016,3319.0,10489.5,6993,4250.0,0.0,0.0,0.0,0.0,8.0,125.0,1257.0,634.0
2016-02-29,2016,71650.0,137293.5,91529,58359.5,0.0,0.0,0.0,13.0,148.0,1728.0,16454.0,7501.0
2016-03-01,2016,87044.0,158863.5,105909,70591.0,0.0,0.0,1.0,27.0,174.0,1892.0,18728.0,8530.0
2016-03-02,2016,120944.0,219379.5,146253,100204.0,0.0,0.0,3.0,29.0,261.0,2604.0,26250.0,11776.0
2016-03-03,2016,5001.0,17538.0,11692,7426.0,0.0,0.0,0.0,1.0,21.0,202.0,2154.0,992.0
2016-03-04,2016,139077.0,246433.5,164289,114677.0,0.0,0.0,5.0,28.0,291.0,3002.0,29528.0,12794.0
2016-03-05,2016,224273.0,390304.5,260203,177983.5,0.0,0.0,4.0,45.0,496.0,4642.0,46103.0,23765.0
2016-03-06,2016,3402.0,10537.5,7025,4699.0,0.0,0.0,0.0,2.0,10.0,133.0,1285.0,576.0
2016-03-07,2016,4670.0,15762.0,10508,6338.5,0.0,0.0,0.0,1.0,23.0,166.0,1774.0,867.0
2016-03-08,2016,91645.0,165768.0,110512,74102.5,0.0,0.0,1.0,25.0,177.0,2054.0,19756.0,9187.0
2016-03-09,2016,127945.0,230013.0,153342,102685.5,0.0,0.0,2.0,27.0,255.0,2714.0,27302.0,13341.0
2016-03-10,2016,4837.0,16536.0,11024,6949.0,0.0,0.0,0.0,3.0,22.0,170.0,1898.0,842.0
2016-03-11,2016,141598.0,249936.0,166624,114123.5,0.0,0.0,3.0,31.0,290.0,3028.0,29682.0,14413.0
2016-03-12,2016,229342.0,397395.0,264930,179944.5,0.0,0.0,2.0,48.0,489.0,4939.0,49080.0,22473.0
2016-03-13,2016,3231.0,9490.5,6327,6245.5,0.0,0.0,1.0,1.0,9.0,117.0,1158.0,643.0
2016-03-14,2016,4330.0,14265.0,9510,8529.5,0.0,0.0,1.0,3.0,7.0,183.0,1784.0,871.0
2016-03-15,2016,95687.0,172452.0,114968,79284.5,0.0,0.0,2.0,27.0,213.0,2007.0,20528.0,9689.0
2016-03-16,2016,130109.0,233851.5,155901,130112.5,0.0,1.0,5.0,27.0,292.0,2766.0,27733.0,13051.0
2016-03-17,2016,4682.0,15652.5,10435,6971.5,0.0,0.0,0.0,3.0,13.0,189.0,1948.0,847.0
2016-03-18,2016,146919.0,258559.5,172373,120360.5,0.0,0.0,5.0,29.0,320.0,3172.0,30735.0,13887.0
2016-03-19,2016,230743.0,399967.5,266645,189455.0,0.0,0.0,5.0,47.0,478.0,4971.0,49532.0,24384.0
2016-03-20,2016,3242.0,9886.5,6591,4552.0,0.0,0.0,0.0,2.0,16.0,136.0,1135.0,588.0
2016-03-21,2016,4373.0,14556.0,9704,6244.0,0.0,0.0,0.0,1.0,24.0,161.0,1748.0,842.0
2016-03-22,2016,82758.0,149968.5,99979,70999.0,0.0,0.0,3.0,19.0,186.0,1829.0,17939.0,8304.0
2016-03-23,2016,130047.0,234307.5,156205,104534.0,0.0,0.0,3.0,31.0,264.0,2780.0,27967.0,11480.0
2016-03-24,2016,4573.0,15577.5,10385,6197.5,0.0,0.0,0.0,0.0,15.0,171.0,1862.0,879.0
2016-03-25,2016,132939.0,233842.5,155895,105592.5,0.0,0.0,2.0,33.0,299.0,2805.0,27992.0,12669.0
2016-03-26,2016,243977.0,425250.0,283500,208923.5,0.0,1.0,4.0,47.0,495.0,5106.0,50778.0,23025.0
2016-03-27,2016,3363.0,10407.0,6938,4508.0,0.0,0.0,0.0,2.0,9.0,124.0,1222.0,576.0
2016-03-28,2016,3115.0,9460.5,6307,6366.5,0.0,0.0,1.0,3.0,16.0,96.0,1118.0,487.0
2016-03-29,2016,83127.0,151296.0,100864,68191.0,0.0,0.0,1.0,27.0,174.0,1732.0,17967.0,8478.0
2016-03-30,2016,112105.0,202629.0,135086,90015.0,0.0,0.0,2.0,23.0,248.0,2377.0,24140.0,10860.0
2016-03-31,2016,4736.0,16281.0,10854,7195.0,0.0,0.0,0.0,1.0,28.0,184.0,2021.0,982.0
2016-04-01,2016,139913.0,246688.5,164459,129603.5,0.0,1.0,2.0,24.0,297.0,2979.0,29491.0,13991.0
2016-04-02,2016,217261.0,376806.0,251204,169197.5,0.0,0.0,3.0,38.0,498.0,4411.0,45097.0,22259.0
2016-04-03,2016,3223.0,9652.5,6435,4408.0,0.0,0.0,0.0,3.0,9.0,132.0,1082.0,536.0
2016-04-04,2016,4413.0,14620.5,9747,6906.5,0.0,0.0,0.0,4.0,21.0,189.0,1788.0,777.0
2016-04-05,2016,92406.0,167158.5,111439,77695.0,0.0,0.0,3.0,22.0,205.0,1990.0,19649.0,9298.0
2016-04-06,2016,117474.0,211573.5,141049,99934.0,0.0,0.0,5.0,28.0,234.0,2465.0,25275.0,11186.0
2016-04-07,2016,4756.0,16476.0,10984,9208.0,0.0,0.0,1.0,2.0,15.0,199.0,2002.0,1006.0
2016-04-08,2016,143490.0,253587.0,169058,113367.5,0.0,0.0,3.0,22.0,295.0,2990.0,30303.0,14341.0
2016-04-09,2016,214604.0,372027.0,248018,174123.5,0.0,0.0,6.0,49.0,444.0,4545.0,44781.0,20771.0
2016-04-10,2016,3434.0,10120.5,6747,4433.0,0.0,0.0,0.0,2.0,12.0,113.0,1203.0,548.0
2016-04-11,2016,4237.0,13791.0,9194,5410.0,0.0,0.0,0.0,1.0,11.0,141.0,1601.0,722.0
2016-04-12,2016,96641.0,174889.5,116593,80734.0,0.0,0.0,2.0,29.0,195.0,1995.0,20965.0,10086.0
2016-04-13,2016,113979.0,205291.5,136861,91606.0,0.0,0.0,2.0,21.0,224.0,2518.0,24795.0,11164.0
2016-04-14,2016,4552.0,15465.0,10310,6160.0,0.0,0.0,0.0,0.0,12.0,187.0,1876.0,822.0
2016-04-15,2016,133224.0,234265.5,156177,114095.0,0.0,0.0,6.0,37.0,271.0,2734.0,28081.0,12962.0
2016-04-16,2016,234392.0,402124.5,268083,201206.0,0.0,1.0,3.0,46.0,483.0,4942.0,49531.0,21716.0
2016-04-17,2016,3073.0,9426.0,6284,3850.5,0.0,0.0,0.0,1.0,8.0,104.0,1123.0,483.0
2016-04-18,2016,4130.0,13443.0,8962,8093.5,0.0,0.0,1.0,2.0,19.0,170.0,1640.0,789.0
2016-04-19,2016,85875.0,155439.0,103626,91528.5,0.0,1.0,2.0,24.0,196.0,1886.0,18402.0,8383.0
2016-04-20,2016,114441.0,205218.0,136812,90913.5,0.0,0.0,1.0,18.0,272.0,2511.0,24528.0,12175.0
2016-04-21,2016,4503.0,15960.0,10640,6458.5,0.0,0.0,0.0,0.0,14.0,195.0,1959.0,857.0
2016-04-22,2016,134236.0,236391.0,157594,105557.5,0.0,0.0,1.0,28.0,279.0,2928.0,28914.0,13273.0
2016-04-23,2016,222601.0,383715.0,255810,177718.0,0.0,0.0,7.0,48.0,489.0,4565.0,45221.0,20714.0
2016-04-24,2016,3174.0,9750.0,6500,4636.5,0.0,0.0,0.0,3.0,13.0,100.0,1201.0,583.0
2016-04-25,2016,4218.0,14188.5,9459,6216.5,0.0,0.0,0.0,3.0,12.0,152.0,1691.0,823.0
2016-04-26,2016,91584.0,165541.5,110361,80368.0,0.0,0.0,5.0,13.0,202.0,1977.0,19807.0,9486.0
2016-04-27,2016,131941.0,234429.0,156286,104498.0,0.0,0.0,2.0,30.0,282.0,2824.0,28162.0,12276.0
2016-04-28,2016,4624.0,15882.0,10588,6883.5,0.0,0.0,0.0,2.0,18.0,160.0,1995.0,889.0
2016-04-29,2016,147628.0,264279.0,176186,111731.5,0.0,0.0,0.0,27.0,287.0,3219.0,31659.0,14119.0
2016-04-30,2016,258807.0,441891.0,294594,198004.0,0.0,0.0,5.0,51.0,523.0,5344.0,52849.0,23284.0
2016-05-01,2016,3198.0,9999.0,6666,4114.5,0.0,0.0,0.0,0.0,14.0,118.0,1209.0,551.0
2016-05-02,2016,4453.0,15375.0,10250,6669.5,0.0,0.0,0.0,1.0,19.0,222.0,1835.0,873.0
2016-05-03,2016,96807.0,175725.0,117150,99227.5,0.0,1.0,2.0,22.0,228.0,2055.0,20962.0,9379.0
2016-05-04,2016,133222.0,237520.5,158347,113162.5,0.0,0.0,5.0,27.0,270.0,2853.0,28566.0,13977.0
2016-05-05,2016,3413.0,11151.0,7434,6846.5,0.0,0.0,1.0,1.0,13.0,137.0,1376.0,633.0
2016-05-06,2016,133848.0,238000.5,158667,112691.5,0.0,0.0,4.0,22.0,277.0,2963.0,28746.0,14963.0
2016-05-07,2016,216809.0,374370.0,249580,169647.5,0.0,0.0,4.0,40.0,460.0,4497.0,44872.0,21479.0
2016-05-08,2016,3139.0,10128.0,6752,4134.5,0.0,0.0,0.0,0.0,11.0,121.0,1219.0,581.0
2016-05-09,2016,4244.0,14458.5,9639,6179.5,0.0,0.0,0.0,2.0,21.0,158.0,1711.0,765.0
2016-05-10,2016,102520.0,186349.5,124233,87148.5,0.0,0.0,2.0,25.0,217.0,2311.0,22267.0,11813.0
2016-05-11,2016,121356.0,217239.0,144826,102657.0,0.0,0.0,4.0,36.0,278.0,2684.0,26434.0,10406.0
2016-05-12,2016,4581.0,15405.0,10270,8404.5,0.0,0.0,1.0,0.0,6.0,207.0,1937.0,917.0
2016-05-13,2016,282380.0,497236.5,331491,238867.0,0.0,0.0,11.0,63.0,568.0,6004.0,60391.0,28070.0
2016-05-14,2016,232620.0,400722.0,267148,190915.0,0.0,0.0,6.0,47.0,487.0,4965.0,48977.0,24664.0
2016-05-15,2016,3390.0,10842.0,7228,8376.5,0.0,0.0,1.0,10.0,13.0,128.0,1289.0,599.0
2016-05-16,2016,3242.0,10182.0,6788,3912.0,0.0,0.0,0.0,0.0,10.0,120.0,1154.0,536.0
2016-05-17,2016,82568.0,151123.5,100749,67245.0,0.0,0.0,2.0,16.0,175.0,1851.0,18002.0,7524.0
2016-05-18,2016,137272.0,247545.0,165030,111679.5,0.0,0.0,3.0,25.0,287.0,2861.0,29611.0,14275.0
2016-05-19,2016,4671.0,16434.0,10956,7304.0,0.0,0.0,0.0,4.0,11.0,182.0,2036.0,868.0
2016-05-20,2016,139191.0,246223.5,164149,107133.5,0.0,0.0,1.0,28.0,287.0,2970.0,29430.0,13389.0
2016-05-21,2016,220332.0,381555.0,254370,182779.5,0.0,0.0,9.0,38.0,461.0,4611.0,46196.0,21675.0
2016-05-22,2016,3262.0,10477.5,6985,4362.5,0.0,0.0,0.0,0.0,14.0,147.0,1238.0,581.0
2016-05-23,2016,4460.0,15888.0,10592,6639.5,0.0,0.0,0.0,2.0,19.0,182.0,1835.0,853.0
2016-05-24,2016,95837.0,174781.5,116521,81558.0,0.0,0.0,3.0,23.0,219.0,2133.0,20806.0,9534.0
2016-05-25,2016,122577.0,221361.0,147574,103721.5,0.0,0.0,4.0,27.0,260.0,2665.0,27004.0,11859.0
2016-05-26,2016,4865.0,17407.5,11605,7030.0,0.0,0.0,0.0,0.0,17.0,193.0,2078.0,1046.0
2016-05-27,2016,144941.0,257242.5,171495,141468.0,0.0,1.0,5.0,32.0,305.0,2987.0,30921.0,14794.0
2016-05-28,2016,223399.0,387412.5,258275,168565.0,0.0,0.0,1.0,48.0,511.0,4718.0,46072.0,20674.0
2016-05-29,2016,3360.0,10839.0,7226,6663.5,0.0,0.0,1.0,1.0,17.0,123.0,1302.0,603.0
2016-05-30,2016,4576.0,16095.0,10730,6319.0,0.0,0.0,0.0,0.0,20.0,185.0,1852.0,860.0
2016-05-31,2016,99988.0,182244.0,121496,89451.0,0.0,0.0,6.0,20.0,239.0,2170.0,21763.0,9530.0
2016-06-01,2016,126962.0,229152.0,152768,101231.0,0.0,0.0,1.0,27.0,269.0,2688.0,27406.0,13466.0
2016-06-02,2016,4879.0,16908.0,11272,7067.0,0.0,0.0,0.0,2.0,24.0,171.0,1991.0,900.0
2016-06-03,2016,153578.0,272953.5,181969,165588.5,0.0,2.0,4.0,33.0,319.0,3345.0,32433.0,15345.0
2016-06-04,2016,230966.0,400951.5,267301,199980.5,0.0,1.0,3.0,55.0,477.0,4779.0,47711.0,22749.0
2016-06-05,2016,3394.0,10696.5,7131,4515.5,0.0,0.0,0.0,2.0,9.0,145.0,1219.0,515.0
2016-06-06,2016,4549.0,15688.5,10459,6440.0,0.0,0.0,0.0,1.0,11.0,169.0,1860.0,970.0
2016-06-07,2016,103524.0,189414.0,126276,86548.5,0.0,0.0,2.0,21.0,240.0,2328.0,22759.0,10927.0
2016-06-08,2016,118017.0,213435.0,142290,116455.5,0.0,1.0,2.0,30.0,271.0,2546.0,25539.0,11485.0
2016-06-09,2016,4939.0,17331.0,11554,7223.5,0.0,0.0,0.0,1.0,21.0,204.0,2041.0,1001.0
2016-06-10,2016,155171.0,276291.0,184194,121543.0,0.0,0.0,2.0,30.0,308.0,3294.0,33238.0,14958.0
2016-06-11,2016,216935.0,376383.0,250922,180458.0,0.0,0.0,8.0,50.0,459.0,4597.0,45137.0,21346.0
2016-06-12,2016,3354.0,10356.0,6904,4780.0,0.0,0.0,0.0,3.0,12.0,116.0,1299.0,508.0
2016-06-13,2016,4662.0,16065.0,10710,6933.0,0.0,0.0,0.0,2.0,21.0,192.0,1954.0,830.0
2016-06-14,2016,88842.0,162073.5,108049,73283.0,0.0,0.0,2.0,21.0,195.0,1988.0,19311.0,8414.0
2016-06-15,2016,119615.0,216565.5,144377,119102.0,0.0,1.0,3.0,25.0,274.0,2585.0,26111.0,11650.0
2016-06-16,2016,4740.0,16777.5,11185,6650.0,0.0,0.0,0.0,0.0,18.0,205.0,2004.0,838.0
2016-06-17,2016,138036.0,245079.0,163386,115404.5,0.0,0.0,5.0,26.0,289.0,2957.0,29451.0,13825.0
2016-06-18,2016,217440.0,377256.0,251504,167871.5,0.0,0.0,4.0,42.0,437.0,4555.0,44949.0,20039.0
2016-06-19,2016,3273.0,10425.0,6950,4370.5,0.0,0.0,0.0,1.0,8.0,137.0,1302.0,481.0
2016-06-20,2016,4336.0,14986.5,9991,6751.5,0.0,0.0,0.0,2.0,25.0,171.0,1782.0,955.0
2016-06-21,2016,93450.0,170424.0,113616,82115.0,0.0,0.0,4.0,19.0,210.0,2118.0,20666.0,9462.0
2016-06-22,2016,123800.0,223276.5,148851,99800.0,0.0,0.0,1.0,33.0,295.0,2618.0,27051.0,12072.0
2016-06-23,2016,4726.0,17136.0,11424,6724.0,0.0,0.0,0.0,0.0,16.0,200.0,2054.0,864.0
2016-06-24,2016,137230.0,243316.5,162211,109564.5,0.0,0.0,2.0,28.0,298.0,2902.0,29305.0,13923.0
2016-06-25,2016,216365.0,376185.0,250790,169067.0,0.0,0.0,2.0,50.0,467.0,4530.0,45202.0,21782.0
2016-06-26,2016,3430.0,10866.0,7244,4395.0,0.0,0.0,0.0,1.0,9.0,118.0,1315.0,530.0
2016-06-27,2016,4533.0,15718.5,10479,6532.0,0.0,0.0,0.0,1.0,22.0,191.0,1837.0,842.0
2016-06-28,2016,86906.0,159162.0,106108,70942.5,0.0,0.0,2.0,14.0,206.0,1886.0,19084.0,8283.0
2016-06-29,2016,120981.0,219246.0,146164,107726.5,0.0,0.0,6.0,22.0,271.0,2686.0,26453.0,13047.0
2016-06-30,2016,4926.0,18084.0,12056,10206.5,0.0,0.0,1.0,3.0,18.0,216.0,2232.0,1135.0
2016-07-01,2016,136072.0,241621.5,161081,103336.5,0.0,0.0,1.0,20.0,264.0,2858.0,29140.0,12991.0
2016-07-02,2016,217053.0,377724.0,251816,172998.0,0.0,0.0,3.0,46.0,468.0,4497.0,46262.0,22286.0
2016-07-03,2016,3422.0,10957.5,7305,4473.0,0.0,0.0,0.0,0.0,11.0,134.0,1307.0,646.0
2016-07-04,2016,4786.0,16788.0,11192,7582.5,0.0,0.0,0.0,3.0,22.0,206.0,2082.0,899.0
2016-07-05,2016,86498.0,157896.0,105264,69770.5,0.0,0.0,1.0,17.0,188.0,1861.0,19316.0,8449.0
2016-07-06,2016,119623.0,216190.5,144127,101899.5,0.0,0.0,4.0,22.0,259.0,2606.0,26092.0,12737.0
2016-07-07,2016,4814.0,17388.0,11592,7271.0,0.0,0.0,0.0,1.0,25.0,216.0,2072.0,898.0
2016-07-08,2016,133172.0,236797.5,157865,110643.5,0.0,0.0,4.0,24.0,279.0,2937.0,28845.0,13259.0
2016-07-09,2016,212459.0,369232.5,246155,176956.0,0.0,0.0,9.0,38.0,457.0,4417.0,44413.0,20870.0
2016-07-10,2016,3353.0,10647.0,7098,4297.0,0.0,0.0,0.0,0.0,9.0,128.0,1335.0,538.0
2016-07-11,2016,4417.0,15334.5,10223,6769.5,0.0,0.0,0.0,2.0,23.0,189.0,1820.0,883.0
2016-07-12,2016,89278.0,163441.5,108961,112920.5,0.0,2.0,2.0,13.0,202.0,2067.0,19666.0,8409.0
2016-07-13,2016,117777.0,214425.0,142950,96437.0,0.0,0.0,3.0,30.0,246.0,2562.0,25609.0,10326.0
2016-07-14,2016,5815.0,19926.0,13284,9334.0,0.0,0.0,0.0,5.0,22.0,256.0,2434.0,1164.0
2016-07-15,2016,131283.0,233586.0,155724,102329.0,0.0,0.0,1.0,27.0,268.0,2750.0,27945.0,13286.0
2016-07-16,2016,212181.0,369214.5,246143,175097.5,0.0,0.0,6.0,42.0,460.0,4549.0,44655.0,22295.0
2016-07-17,2016,3410.0,10825.5,7217,4449.5,0.0,0.0,0.0,0.0,14.0,139.0,1321.0,555.0
2016-07-18,2016,4698.0,16065.0,10710,6814.5,0.0,0.0,0.0,2.0,14.0,200.0,1911.0,875.0
2016-07-19,2016,86647.0,159319.5,106213,90414.0,0.0,1.0,2.0,16.0,172.0,1878.0,18922.0,8360.0
2016-07-20,2016,115597.0,209166.0,139444,93514.5,0.0,0.0,2.0,28.0,240.0,2517.0,25035.0,10973.0
2016-07-21,2016,3958.0,12631.5,8421,5374.5,0.0,0.0,0.0,1.0,13.0,148.0,1524.0,751.0
2016-07-22,2016,121363.0,218227.5,145485,93783.0,0.0,0.0,1.0,20.0,248.0,2568.0,26104.0,11850.0
2016-07-23,2016,198930.0,347086.5,231391,151646.5,0.0,0.0,1.0,33.0,424.0,4168.0,41159.0,20939.0
2016-07-24,2016,3334.0,11052.0,7368,6746.0,0.0,0.0,1.0,0.0,10.0,133.0,1429.0,682.0
2016-07-25,2016,4718.0,16374.0,10916,9886.0,0.0,0.0,1.0,6.0,20.0,190.0,2005.0,884.0
2016-07-26,2016,90628.0,166435.5,110957,74002.5,0.0,0.0,2.0,16.0,193.0,2014.0,19936.0,8667.0
2016-07-27,2016,116308.0,210982.5,140655,119346.5,0.0,1.0,4.0,27.0,255.0,2506.0,25267.0,11855.0
2016-07-28,2016,5184.0,19015.5,12677,8078.0,0.0,0.0,0.0,1.0,26.0,242.0,2309.0,1020.0
2016-07-29,2016,135544.0,242701.5,161801,114340.5,0.0,0.0,4.0,37.0,277.0,2900.0,29245.0,13607.0
2016-07-30,2016,206687.0,361239.0,240826,166758.0,0.0,0.0,4.0,42.0,432.0,4286.0,43011.0,22844.0
2016-07-31,2016,3518.0,11581.5,7721,4889.5,0.0,0.0,0.0,1.0,14.0,137.0,1344.0,691.0
2016-08-01,2016,5115.0,18234.0,12156,7876.5,0.0,0.0,0.0,2.0,23.0,233.0,2190.0,981.0
2016-08-02,2016,85469.0,157564.5,105043,71997.0,0.0,0.0,2.0,24.0,184.0,1866.0,18759.0,8446.0
2016-08-03,2016,126085.0,229357.5,152905,100703.0,0.0,0.0,1.0,30.0,270.0,2810.0,27394.0,12310.0
2016-08-04,2016,5528.0,19353.0,12902,8374.5,0.0,0.0,0.0,1.0,27.0,251.0,2361.0,1105.0
2016-08-05,2016,132225.0,235585.5,157057,113222.0,0.0,0.0,5.0,32.0,281.0,3013.0,28182.0,13182.0
2016-08-06,2016,222692.0,388671.0,259114,173017.5,0.0,0.0,4.0,44.0,462.0,4610.0,46597.0,20489.0
2016-08-07,2016,3577.0,11250.0,7500,4648.5,0.0,0.0,0.0,0.0,16.0,137.0,1389.0,577.0
2016-08-08,2016,4775.0,16596.0,11064,6797.5,0.0,0.0,0.0,1.0,17.0,204.0,1988.0,841.0
2016-08-09,2016,89147.0,163486.5,108991,75056.5,0.0,0.0,2.0,22.0,190.0,1976.0,19841.0,8863.0
2016-08-10,2016,126783.0,230788.5,153859,103814.0,0.0,0.0,3.0,23.0,273.0,2775.0,27632.0,12410.0
2016-08-11,2016,5225.0,18451.5,12301,7556.5,0.0,0.0,0.0,1.0,22.0,235.0,2114.0,1009.0
2016-08-12,2016,134756.0,240607.5,160405,109493.0,0.0,0.0,2.0,38.0,301.0,2825.0,28698.0,13568.0
2016-08-13,2016,221470.0,386127.0,257418,173725.5,0.0,0.0,4.0,52.0,460.0,4573.0,46205.0,20567.0
2016-08-14,2016,3688.0,11578.5,7719,4995.5,0.0,0.0,0.0,2.0,15.0,120.0,1436.0,549.0
2016-08-15,2016,3703.0,11854.5,7903,5345.0,0.0,0.0,0.0,3.0,12.0,143.0,1361.0,712.0
2016-08-16,2016,84258.0,155160.0,103440,68393.0,0.0,0.0,1.0,18.0,203.0,1852.0,18561.0,8234.0
2016-08-17,2016,122179.0,222129.0,148086,120095.5,0.0,1.0,2.0,24.0,294.0,2658.0,26714.0,12465.0
2016-08-18,2016,4930.0,17868.0,11912,7762.0,0.0,0.0,0.0,2.0,23.0,212.0,2135.0,1048.0
2016-08-19,2016,135024.0,241263.0,160842,125356.5,0.0,1.0,1.0,33.0,289.0,2862.0,29205.0,12171.0
2016-08-20,2016,212887.0,371041.5,247361,167775.5,0.0,0.0,3.0,46.0,459.0,4404.0,44361.0,21769.0
2016-08-21,2016,3539.0,11778.0,7852,5445.5,0.0,0.0,0.0,3.0,16.0,143.0,1399.0,675.0
2016-08-22,2016,4891.0,18028.5,12019,10353.5,0.0,0.0,1.0,4.0,20.0,208.0,2228.0,1105.0
2016-08-23,2016,84027.0,154608.0,103072,66529.0,0.0,0.0,0.0,17.0,166.0,1884.0,18503.0,8922.0
2016-08-24,2016,124699.0,226669.5,151113,99001.0,0.0,0.0,0.0,37.0,276.0,2704.0,27195.0,12114.0
2016-08-25,2016,5037.0,18226.5,12151,7565.5,0.0,0.0,0.0,2.0,14.0,218.0,2153.0,993.0
2016-08-26,2016,127917.0,228594.0,152396,99583.0,0.0,0.0,2.0,18.0,298.0,2711.0,27300.0,11912.0
2016-08-27,2016,215549.0,376707.0,251138,166628.0,0.0,0.0,1.0,45.0,423.0,4532.0,45247.0,22676.0
2016-08-28,2016,3517.0,11811.0,7874,4865.5,0.0,0.0,0.0,1.0,13.0,152.0,1375.0,597.0
2016-08-29,2016,4777.0,16989.0,11326,7738.5,0.0,0.0,0.0,1.0,33.0,226.0,2023.0,1135.0
2016-08-30,2016,87856.0,164575.5,109717,73293.0,0.0,0.0,1.0,19.0,212.0,1969.0,19918.0,9048.0
2016-08-31,2016,126064.0,229684.5,153123,105306.0,0.0,0.0,3.0,25.0,269.0,2818.0,27548.0,13160.0
2016-09-01,2016,5122.0,18546.0,12364,8082.5,0.0,0.0,0.0,3.0,29.0,217.0,2191.0,957.0
2016-09-02,2016,136866.0,244150.5,162767,115560.0,0.0,0.0,6.0,18.0,305.0,2929.0,29361.0,13662.0
2016-09-03,2016,222599.0,388431.0,258954,168167.0,0.0,0.0,2.0,44.0,424.0,4620.0,46172.0,20962.0
2016-09-04,2016,3596.0,11737.5,7825,7289.5,0.0,0.0,1.0,1.0,22.0,158.0,1416.0,685.0
2016-09-05,2016,5115.0,18573.0,12382,7844.5,0.0,0.0,0.0,2.0,25.0,192.0,2189.0,1071.0
2016-09-06,2016,86575.0,159688.5,106459,73074.0,0.0,0.0,2.0,21.0,174.0,1960.0,19254.0,8724.0
2016-09-07,2016,118917.0,216723.0,144482,99257.0,0.0,0.0,3.0,20.0,283.0,2623.0,25986.0,12340.0
2016-09-08,2016,5200.0,19248.0,12832,7613.0,0.0,0.0,0.0,0.0,25.0,227.0,2209.0,1040.0
2016-09-09,2016,132294.0,236128.5,157419,107888.0,0.0,0.0,4.0,33.0,252.0,2842.0,27812.0,12276.0
2016-09-10,2016,215533.0,376656.0,251104,174381.0,0.0,0.0,6.0,41.0,445.0,4477.0,45230.0,21624.0
2016-09-11,2016,3483.0,11728.5,7819,4807.5,0.0,0.0,0.0,0.0,12.0,150.0,1416.0,657.0
2016-09-12,2016,4618.0,16521.0,11014,7262.5,0.0,0.0,0.0,4.0,18.0,193.0,1923.0,861.0
2016-09-13,2016,88437.0,162211.5,108141,73494.0,0.0,0.0,2.0,17.0,189.0,2028.0,19577.0,8680.0
2016-09-14,2016,121113.0,220065.0,146710,107106.5,0.0,0.0,5.0,36.0,260.0,2696.0,26350.0,12351.0
2016-09-15,2016,4836.0,17148.0,11432,7498.0,0.0,0.0,0.0,3.0,22.0,187.0,2085.0,902.0
2016-09-16,2016,136030.0,242623.5,161749,113235.5,0.0,0.0,5.0,25.0,302.0,2931.0,29078.0,12923.0
2016-09-17,2016,219147.0,381960.0,254640,197787.5,0.0,1.0,8.0,35.0,474.0,4653.0,45746.0,20367.0
2016-09-18,2016,3557.0,11763.0,7842,5213.5,0.0,0.0,0.0,3.0,10.0,133.0,1392.0,643.0
2016-09-19,2016,4605.0,16329.0,10886,7224.0,0.0,0.0,0.0,2.0,22.0,185.0,2038.0,922.0
2016-09-20,2016,85014.0,155488.5,103659,69969.0,0.0,0.0,1.0,21.0,202.0,1912.0,18624.0,8614.0
2016-09-21,2016,126456.0,230524.5,153683,110627.5,0.0,0.0,5.0,28.0,276.0,2842.0,27685.0,13285.0
2016-09-22,2016,4843.0,17739.0,11826,7268.0,0.0,0.0,0.0,0.0,21.0,207.0,2074.0,1110.0
2016-09-23,2016,132388.0,234903.0,156602,109602.0,0.0,0.0,4.0,32.0,270.0,2875.0,28112.0,12802.0
2016-09-24,2016,223035.0,388956.0,259304,173141.5,0.0,0.0,4.0,45.0,490.0,4649.0,46279.0,20359.0
2016-09-25,2016,3390.0,11187.0,7458,5173.0,0.0,0.0,0.0,2.0,12.0,124.0,1361.0,794.0
2016-09-26,2016,4615.0,16476.0,10984,7404.0,0.0,0.0,0.0,3.0,26.0,196.0,1911.0,988.0
2016-09-27,2016,81594.0,149787.0,99858,67257.5,0.0,0.0,1.0,20.0,186.0,1811.0,18053.0,8251.0
2016-09-28,2016,114546.0,208300.5,138867,92712.0,0.0,0.0,1.0,31.0,267.0,2555.0,24908.0,11054.0
2016-09-29,2016,4850.0,17092.5,11395,7209.0,0.0,0.0,0.0,0.0,31.0,193.0,2044.0,1024.0
2016-09-30,2016,220221.0,396073.5,264049,180156.5,0.0,0.0,6.0,38.0,463.0,4772.0,47633.0,21447.0
2016-10-01,2016,219035.0,381337.5,254225,198895.5,0.0,1.0,6.0,46.0,477.0,4648.0,46125.0,21777.0
2016-10-02,2016,3469.0,11191.5,7461,4467.5,0.0,0.0,0.0,1.0,8.0,121.0,1266.0,647.0
2016-10-03,2016,4729.0,16918.5,11279,7692.5,0.0,0.0,0.0,3.0,21.0,225.0,1996.0,1037.0
2016-10-04,2016,140422.0,259711.5,173141,118598.5,0.0,0.0,4.0,25.0,315.0,3161.0,30751.0,14661.0
2016-10-05,2016,122135.0,221098.5,147399,102116.5,0.0,0.0,4.0,25.0,251.0,2621.0,26585.0,11881.0
2016-10-06,2016,4847.0,16966.5,11311,7256.0,0.0,0.0,0.0,2.0,20.0,226.0,2015.0,864.0
2016-10-07,2016,200009.0,360873.0,240582,166307.0,0.0,0.0,7.0,35.0,410.0,4298.0,43224.0,19446.0
2016-10-08,2016,222744.0,387466.5,258311,175386.0,0.0,0.0,5.0,45.0,441.0,4643.0,46676.0,20666.0
2016-10-09,2016,3457.0,11029.5,7353,5052.5,0.0,0.0,0.0,2.0,19.0,145.0,1365.0,545.0
2016-10-10,2016,4536.0,15927.0,10618,6942.5,0.0,0.0,0.0,2.0,17.0,174.0,1899.0,1023.0
2016-10-11,2016,150143.0,275797.5,183865,160804.5,0.0,2.0,1.0,36.0,338.0,3371.0,32894.0,14801.0
2016-10-12,2016,129139.0,235071.0,156714,106810.5,0.0,0.0,3.0,29.0,279.0,2796.0,28192.0,12711.0
2016-10-13,2016,4942.0,17650.5,11767,9809.0,0.0,0.0,1.0,3.0,23.0,204.0,2122.0,990.0
2016-10-14,2016,142204.0,254505.0,169670,117335.5,0.0,0.0,3.0,38.0,310.0,3084.0,30623.0,13913.0
2016-10-15,2016,232379.0,406182.0,270788,200904.0,0.0,1.0,2.0,56.0,461.0,4873.0,48637.0,23230.0
2016-10-16,2016,3591.0,11712.0,7808,7465.0,0.0,0.0,1.0,3.0,13.0,129.0,1404.0,768.0
2016-10-17,2016,4963.0,17521.5,11681,8249.0,0.0,0.0,0.0,5.0,22.0,229.0,2100.0,976.0
2016-10-18,2016,95119.0,176424.0,117616,81465.5,0.0,0.0,3.0,20.0,214.0,2081.0,21362.0,9371.0
2016-10-19,2016,117995.0,215104.5,143403,95543.0,0.0,0.0,2.0,21.0,266.0,2669.0,25648.0,11588.0
2016-10-20,2016,5084.0,18144.0,12096,7496.0,0.0,0.0,0.0,1.0,32.0,214.0,2118.0,900.0
2016-10-21,2016,144581.0,260058.0,173372,113748.5,0.0,0.0,1.0,28.0,330.0,3123.0,31241.0,14301.0
2016-10-22,2016,218551.0,382276.5,254851,175316.5,0.0,0.0,3.0,53.0,482.0,4498.0,45684.0,23479.0
2016-10-23,2016,3586.0,11410.5,7607,7355.5,0.0,0.0,1.0,3.0,15.0,133.0,1437.0,611.0
2016-10-24,2016,5066.0,18321.0,12214,7716.5,0.0,0.0,0.0,1.0,15.0,229.0,2285.0,1001.0
2016-10-25,2016,104437.0,192771.0,128514,89058.5,0.0,0.0,3.0,20.0,254.0,2363.0,23095.0,10649.0
2016-10-26,2016,119941.0,219396.0,146264,98461.5,0.0,0.0,2.0,24.0,268.0,2600.0,26422.0,12305.0
2016-10-27,2016,5449.0,19717.5,13145,8277.0,0.0,0.0,0.0,2.0,23.0,229.0,2356.0,1040.0
2016-10-28,2016,214237.0,383964.0,255976,191232.5,0.0,1.0,4.0,44.0,448.0,4551.0,46151.0,20277.0
2016-10-29,2016,227515.0,399088.5,266059,182214.0,0.0,0.0,4.0,39.0,495.0,4873.0,47758.0,24422.0
2016-10-30,2016,3911.0,13089.0,8726,5812.0,0.0,0.0,0.0,1.0,20.0,157.0,1621.0,790.0
2016-10-31,2016,5592.0,20727.0,13818,10332.5,0.0,0.0,1.0,1.0,18.0,259.0,2437.0,1069.0
2016-11-01,2016,89305.0,164725.5,109817,73778.5,0.0,0.0,2.0,14.0,171.0,1975.0,19926.0,9221.0
2016-11-02,2016,125957.0,230826.0,153884,107496.5,0.0,0.0,4.0,33.0,283.0,2656.0,28018.0,11947.0
2016-11-03,2016,5394.0,19428.0,12952,8075.0,0.0,0.0,0.0,2.0,20.0,225.0,2322.0,1004.0
2016-11-04,2016,155275.0,278254.5,185503,141361.5,0.0,1.0,1.0,29.0,350.0,3396.0,33300.0,15321.0
2016-11-05,2016,232422.0,407172.0,271448,225765.5,0.0,2.0,6.0,46.0,458.0,4936.0,49171.0,21589.0
2016-11-06,2016,3735.0,12136.5,8091,5231.0,0.0,0.0,0.0,2.0,13.0,140.0,1412.0,698.0
2016-11-07,2016,5253.0,19324.5,12883,8008.0,0.0,0.0,0.0,3.0,22.0,212.0,2210.0,992.0
2016-11-08,2016,105401.0,194218.5,129479,86591.0,0.0,0.0,1.0,29.0,241.0,2254.0,23321.0,10706.0
2016-11-09,2016,134341.0,244720.5,163147,115370.5,0.0,0.0,4.0,29.0,297.0,2977.0,29110.0,15017.0
2016-11-10,2016,5833.0,21442.5,14295,9564.0,0.0,0.0,0.0,3.0,21.0,270.0,2718.0,1172.0
2016-11-11,2016,128183.0,227349.0,151566,99650.5,0.0,0.0,2.0,23.0,266.0,2718.0,26927.0,12191.0
2016-11-12,2016,227481.0,399877.5,266585,215599.5,0.0,1.0,9.0,62.0,481.0,4805.0,48444.0,23111.0
2016-11-13,2016,3682.0,12333.0,8222,5177.5,0.0,0.0,0.0,2.0,18.0,148.0,1385.0,605.0
2016-11-14,2016,4787.0,17136.0,11424,9680.0,0.0,0.0,1.0,2.0,22.0,205.0,2132.0,1034.0
2016-11-15,2016,97102.0,178567.5,119045,81051.5,0.0,0.0,2.0,21.0,212.0,2035.0,21320.0,10531.0
2016-11-16,2016,139535.0,254313.0,169542,116412.5,0.0,0.0,3.0,33.0,310.0,2988.0,30555.0,14375.0
2016-11-17,2016,4996.0,17764.5,11843,7229.0,0.0,0.0,0.0,2.0,18.0,200.0,2004.0,974.0
2016-11-18,2016,142889.0,254775.0,169850,116091.0,0.0,0.0,3.0,31.0,310.0,3040.0,30450.0,14394.0
2016-11-19,2016,239845.0,420912.0,280608,215542.5,0.0,0.0,14.0,54.0,531.0,5101.0,50892.0,25889.0
2016-11-20,2016,3467.0,11364.0,7576,5056.0,0.0,0.0,0.0,3.0,13.0,133.0,1296.0,626.0
2016-11-21,2016,4690.0,16548.0,11032,7534.0,0.0,0.0,0.0,3.0,16.0,217.0,2109.0,874.0
2016-11-22,2016,99514.0,182995.5,121997,83266.0,0.0,0.0,2.0,26.0,197.0,2224.0,21850.0,10204.0
2016-11-23,2016,146156.0,266871.0,177914,122940.0,0.0,0.0,2.0,43.0,300.0,3147.0,32064.0,16318.0
2016-11-24,2016,5048.0,17826.0,11884,7495.0,0.0,0.0,0.0,1.0,18.0,215.0,2201.0,972.0
2016-11-25,2016,149525.0,266419.5,177613,125390.0,0.0,0.0,4.0,36.0,349.0,3142.0,31813.0,15916.0
2016-11-26,2016,248919.0,437736.0,291824,197983.5,0.0,0.0,3.0,49.0,567.0,5358.0,52370.0,26209.0
2016-11-27,2016,3580.0,12001.5,8001,5333.0,0.0,0.0,0.0,1.0,14.0,142.0,1497.0,766.0
2016-11-28,2016,4809.0,17008.5,11339,6919.0,0.0,0.0,0.0,0.0,15.0,199.0,2098.0,952.0
2016-11-29,2016,90656.0,167350.5,111567,74825.5,0.0,0.0,1.0,22.0,206.0,2021.0,20021.0,9439.0
2016-11-30,2016,124503.0,227262.0,151508,98592.5,0.0,0.0,1.0,23.0,280.0,2763.0,27189.0,12133.0
2016-12-01,2016,5304.0,19578.0,13052,8885.0,0.0,0.0,0.0,4.0,22.0,233.0,2478.0,1016.0
2016-12-02,2016,142113.0,254061.0,169374,115954.0,0.0,0.0,1.0,48.0,277.0,3155.0,30451.0,14758.0
2016-12-03,2016,224407.0,393009.0,262006,177345.0,0.0,0.0,4.0,46.0,448.0,4738.0,47261.0,21982.0
2016-12-04,2016,3751.0,12199.5,8133,6014.0,0.0,0.0,0.0,4.0,21.0,142.0,1526.0,688.0
2016-12-05,2016,5092.0,18586.5,12391,7691.0,0.0,0.0,0.0,0.0,24.0,210.0,2296.0,1046.0
2016-12-06,2016,91107.0,168133.5,112089,72856.5,0.0,0.0,0.0,22.0,189.0,2017.0,20173.0,9497.0
2016-12-07,2016,122307.0,223807.5,149205,103643.0,0.0,0.0,3.0,36.0,298.0,2617.0,26840.0,11812.0
2016-12-08,2016,5285.0,18882.0,12588,7884.0,0.0,0.0,0.0,1.0,31.0,226.0,2160.0,1076.0
2016-12-09,2016,138839.0,248773.5,165849,112929.0,0.0,0.0,3.0,22.0,329.0,3055.0,30269.0,13424.0
2016-12-10,2016,222803.0,390304.5,260203,177462.5,0.0,0.0,4.0,49.0,464.0,4727.0,46684.0,22253.0
2016-12-11,2016,3674.0,12214.5,8143,5194.5,0.0,0.0,0.0,1.0,11.0,136.0,1574.0,631.0
2016-12-12,2016,4913.0,17694.0,11796,7596.0,0.0,0.0,0.0,3.0,20.0,205.0,2010.0,1034.0
2016-12-13,2016,94411.0,174261.0,116174,81389.0,0.0,0.0,4.0,10.0,195.0,2155.0,21037.0,9760.0
2016-12-14,2016,126059.0,229189.5,152793,100529.0,0.0,0.0,2.0,20.0,283.0,2678.0,27318.0,12562.0
2016-12-15,2016,7441.0,27889.5,18593,11166.5,0.0,0.0,0.0,1.0,31.0,313.0,3322.0,1425.0
2016-12-16,2016,143364.0,258523.5,172349,118442.5,0.0,0.0,3.0,35.0,313.0,3128.0,31119.0,14203.0
2016-12-17,2016,226633.0,396760.5,264507,190023.0,0.0,0.0,7.0,49.0,461.0,4671.0,48362.0,24616.0
2016-12-18,2016,3703.0,12334.5,8223,4957.0,0.0,0.0,0.0,0.0,12.0,155.0,1467.0,672.0
2016-12-19,2016,4924.0,17838.0,11892,8363.5,0.0,0.0,0.0,4.0,24.0,217.0,2256.0,991.0
2016-12-20,2016,99346.0,184315.5,122877,86410.5,0.0,0.0,4.0,21.0,226.0,2201.0,21731.0,10149.0
2016-12-21,2016,130649.0,237723.0,158482,125290.5,0.0,1.0,2.0,31.0,285.0,2850.0,28748.0,11763.0
2016-12-22,2016,5231.0,18900.0,12600,8271.5,0.0,0.0,0.0,3.0,27.0,247.0,2202.0,995.0
2016-12-23,2016,145696.0,260814.0,173876,118592.0,0.0,0.0,3.0,29.0,334.0,3106.0,31254.0,14716.0
2016-12-24,2016,362927.0,641683.5,427789,2785680.0,1.0,0.0,6.0,75.0,770.0,7694.0,76890.0,34020.0
2016-12-25,2016,3282.0,10425.0,6950,6181.0,0.0,0.0,1.0,0.0,10.0,134.0,1192.0,618.0
2016-12-26,2016,4043.0,13741.5,9161,6011.0,0.0,0.0,0.0,3.0,13.0,158.0,1648.0,710.0
2016-12-27,2016,88757.0,161871.0,107914,94737.5,0.0,1.0,3.0,18.0,176.0,2001.0,19222.0,8779.0
2016-12-28,2016,132715.0,238884.0,159256,110819.5,0.0,0.0,3.0,34.0,289.0,2809.0,28754.0,13791.0
2016-12-29,2016,4365.0,14529.0,9686,8257.5,0.0,0.0,1.0,1.0,15.0,180.0,1864.0,753.0
2016-12-30,2016,143988.0,254887.5,169925,113437.5,0.0,0.0,1.0,32.0,283.0,3075.0,30500.0,15335.0
2016-12-31,2016,405461.0,714864.0,476576,334167.5,0.0,0.0,13.0,86.0,847.0,8557.0,85397.0,40299.0
2017-01-01,2017,2922.0,8973.0,5982,4268.0,0.0,0.0,0.0,3.0,12.0,97.0,1068.0,538.0
2017-01-02,2017,3793.0,12390.0,8260,5112.0,0.0,0.0,0.0,1.0,13.0,144.0,1453.0,684.0
2017-01-03,2017,85220.0,154677.0,103118,72778.0,0.0,0.0,3.0,19.0,166.0,1841.0,18673.0,8738.0
2017-01-04,2017,116034.0,207903.0,138602,93286.0,0.0,0.0,2.0,27.0,223.0,2373.0,24950.0,11774.0
2017-01-05,2017,4190.0,13750.5,9167,5948.0,0.0,0.0,0.0,1.0,23.0,180.0,1666.0,704.0
2017-01-06,2017,131472.0,231516.0,154344,125142.5,0.0,1.0,4.0,25.0,277.0,2650.0,27503.0,12231.0
2017-01-07,2017,211826.0,365578.5,243719,189216.5,0.0,1.0,6.0,58.0,432.0,4249.0,43636.0,18973.0
2017-01-08,2017,2898.0,8578.5,5719,3608.5,0.0,0.0,0.0,1.0,10.0,114.0,984.0,447.0
2017-01-09,2017,3791.0,12169.5,8113,7184.5,0.0,0.0,1.0,0.0,18.0,156.0,1489.0,711.0
2017-01-10,2017,88224.0,159708.0,106472,68197.5,0.0,0.0,1.0,14.0,164.0,1959.0,18787.0,8499.0
2017-01-11,2017,117199.0,209218.5,139479,94628.5,0.0,0.0,3.0,22.0,224.0,2419.0,24979.0,11797.0
2017-01-12,2017,4001.0,12904.5,8603,5301.0,0.0,0.0,0.0,0.0,14.0,149.0,1538.0,800.0
2017-01-13,2017,285168.0,502231.5,334821,224397.0,0.0,0.0,4.0,63.0,570.0,6008.0,60459.0,27626.0
2017-01-14,2017,223270.0,386287.5,257525,172812.5,0.0,0.0,3.0,46.0,481.0,4683.0,47099.0,20253.0
2017-01-15,2017,3059.0,9064.5,6043,4468.0,0.0,0.0,0.0,4.0,9.0,114.0,1102.0,476.0
2017-01-16,2017,3815.0,11980.5,7987,7411.0,0.0,0.0,1.0,2.0,16.0,142.0,1506.0,646.0
2017-01-17,2017,95859.0,174373.5,116249,77146.5,0.0,0.0,1.0,24.0,195.0,2064.0,20939.0,9499.0
2017-01-18,2017,121867.0,217917.0,145278,98958.5,0.0,0.0,3.0,27.0,247.0,2617.0,25991.0,11701.0
2017-01-19,2017,4018.0,13146.0,8764,7385.0,0.0,0.0,1.0,0.0,13.0,143.0,1644.0,748.0
2017-01-20,2017,144570.0,255930.0,170620,119974.0,0.0,0.0,4.0,36.0,325.0,3039.0,30933.0,14142.0
2017-01-21,2017,221932.0,383659.5,255773,177731.0,0.0,0.0,5.0,48.0,461.0,4604.0,46162.0,22378.0
2017-01-22,2017,2945.0,8830.5,5887,3649.0,0.0,0.0,0.0,0.0,9.0,109.0,1093.0,492.0
2017-01-23,2017,3766.0,11950.5,7967,5053.0,0.0,0.0,0.0,1.0,12.0,143.0,1457.0,656.0
2017-01-24,2017,99927.0,182172.0,121448,80738.5,0.0,0.0,1.0,19.0,219.0,2164.0,21578.0,11055.0
2017-01-25,2017,128505.0,230094.0,153396,97864.0,0.0,0.0,1.0,21.0,255.0,2809.0,27804.0,11274.0
2017-01-26,2017,4052.0,13695.0,9130,6313.0,0.0,0.0,0.0,3.0,12.0,184.0,1648.0,838.0
2017-01-27,2017,128998.0,227581.5,151721,119089.0,0.0,1.0,1.0,21.0,292.0,2696.0,27306.0,12638.0
2017-01-28,2017,231642.0,401661.0,267774,179522.0,0.0,0.0,3.0,50.0,477.0,4773.0,48785.0,21698.0
2017-01-29,2017,3005.0,9087.0,6058,3995.5,0.0,0.0,0.0,1.0,10.0,117.0,1116.0,519.0
2017-01-30,2017,3958.0,13324.5,8883,7673.0,0.0,0.0,1.0,1.0,16.0,163.0,1644.0,700.0
2017-01-31,2017,86234.0,157867.5,105245,73101.0,0.0,0.0,2.0,22.0,214.0,1970.0,18858.0,8570.0
2017-02-01,2017,137409.0,247134.0,164756,134774.0,0.0,1.0,4.0,34.0,295.0,2975.0,29683.0,13222.0
2017-02-02,2017,4389.0,15006.0,10004,7186.5,0.0,0.0,0.0,6.0,15.0,188.0,1765.0,811.0
2017-02-03,2017,130226.0,230719.5,153813,106414.0,0.0,0.0,3.0,35.0,280.0,2708.0,27762.0,12500.0
2017-02-04,2017,238876.0,416329.5,277553,205791.0,0.0,1.0,3.0,53.0,514.0,5054.0,50253.0,22090.0
2017-02-05,2017,3134.0,10312.5,6875,4795.5,0.0,0.0,0.0,3.0,14.0,111.0,1261.0,559.0
2017-02-06,2017,4258.0,14422.5,9615,6334.0,0.0,0.0,0.0,2.0,19.0,195.0,1685.0,806.0
2017-02-07,2017,88484.0,161224.5,107483,70333.5,0.0,0.0,0.0,24.0,208.0,1961.0,19362.0,8563.0
2017-02-08,2017,119525.0,214813.5,143209,101381.5,0.0,0.0,5.0,22.0,259.0,2542.0,25965.0,11441.0
2017-02-09,2017,4383.0,15358.5,10239,6637.0,0.0,0.0,0.0,2.0,19.0,186.0,1823.0,854.0
2017-02-10,2017,137157.0,242005.5,161337,111163.5,0.0,0.0,3.0,35.0,269.0,2962.0,29116.0,13161.0
2017-02-11,2017,218348.0,377413.5,251609,163919.5,0.0,0.0,1.0,39.0,415.0,4525.0,45254.0,21791.0
2017-02-12,2017,3041.0,9397.5,6265,4145.0,0.0,0.0,0.0,1.0,12.0,116.0,1108.0,606.0
2017-02-13,2017,3990.0,13270.5,8847,5552.0,0.0,0.0,0.0,1.0,15.0,164.0,1522.0,792.0
2017-02-14,2017,94763.0,171618.0,114412,76421.0,0.0,0.0,3.0,10.0,163.0,2046.0,20519.0,9262.0
2017-02-15,2017,120883.0,216642.0,144428,100113.5,0.0,0.0,3.0,24.0,278.0,2661.0,25841.0,12511.0
2017-02-16,2017,5355.0,17652.0,11768,9712.0,0.0,0.0,1.0,2.0,28.0,182.0,2114.0,1076.0
2017-02-17,2017,135827.0,247060.5,164707,131380.0,0.0,1.0,2.0,33.0,313.0,2956.0,29379.0,13988.0
2017-02-18,2017,221677.0,390883.5,260589,178750.0,0.0,0.0,6.0,46.0,444.0,4649.0,46943.0,21026.0
2017-02-19,2017,3457.0,10417.5,6945,4153.0,0.0,0.0,0.0,0.0,16.0,117.0,1222.0,536.0
2017-02-20,2017,5996.0,19189.5,12793,7732.5,0.0,0.0,0.0,1.0,15.0,212.0,2301.0,1047.0
2017-02-21,2017,88212.0,163843.5,109229,74472.5,0.0,0.0,2.0,22.0,184.0,1948.0,19514.0,9083.0
2017-02-22,2017,120420.0,218773.5,145849,102271.0,0.0,0.0,4.0,28.0,260.0,2723.0,26096.0,11776.0
2017-02-23,2017,7888.0,24954.0,16636,10936.5,0.0,0.0,0.0,6.0,24.0,272.0,2896.0,1403.0
2017-02-24,2017,134955.0,242910.0,161940,115517.0,0.0,0.0,5.0,31.0,304.0,2874.0,29145.0,13718.0
2017-02-25,2017,217891.0,380232.0,253488,177040.0,0.0,0.0,5.0,46.0,448.0,4665.0,46411.0,21822.0
2017-02-26,2017,3281.0,10236.0,6824,4946.5,0.0,0.0,0.0,3.0,11.0,136.0,1340.0,511.0
2017-02-27,2017,4661.0,15534.0,10356,6497.5,0.0,0.0,0.0,2.0,9.0,179.0,1903.0,811.0
2017-02-28,2017,93583.0,170629.5,113753,73062.5,0.0,0.0,0.0,19.0,202.0,2027.0,20469.0,9433.0
2017-03-01,2017,119538.0,216031.5,144021,99227.5,0.0,0.0,4.0,21.0,227.0,2515.0,26236.0,11627.0
2017-03-02,2017,5623.0,18508.5,12339,7981.5,0.0,0.0,0.0,2.0,23.0,197.0,2310.0,1011.0
2017-03-03,2017,144394.0,256908.0,171272,114970.0,0.0,0.0,2.0,33.0,285.0,3065.0,30787.0,14514.0
2017-03-04,2017,221174.0,384459.0,256306,178669.0,0.0,0.0,4.0,51.0,450.0,4647.0,46393.0,23632.0
2017-03-05,2017,3328.0,10158.0,6772,4436.5,0.0,0.0,0.0,2.0,12.0,118.0,1238.0,487.0
2017-03-06,2017,4579.0,15133.5,10089,28317.5,0.0,1.0,1.0,1.0,19.0,194.0,1747.0,849.0
2017-03-07,2017,99063.0,180639.0,120426,78345.5,0.0,0.0,0.0,17.0,249.0,2283.0,22142.0,9511.0
2017-03-08,2017,124265.0,224064.0,149376,94908.0,0.0,0.0,1.0,31.0,228.0,2536.0,25998.0,11648.0
2017-03-09,2017,5305.0,17566.5,11711,9982.5,0.0,0.0,1.0,2.0,20.0,250.0,2229.0,983.0
2017-03-10,2017,147607.0,262680.0,175120,114181.5,0.0,0.0,2.0,33.0,316.0,3027.0,29733.0,15107.0
2017-03-11,2017,225360.0,391587.0,261058,173578.5,0.0,0.0,3.0,47.0,471.0,4641.0,45952.0,22433.0
2017-03-12,2017,3229.0,9972.0,6648,4092.0,0.0,0.0,0.0,0.0,13.0,108.0,1163.0,644.0
2017-03-13,2017,4484.0,14472.0,9648,6147.0,0.0,0.0,0.0,2.0,15.0,175.0,1689.0,796.0
2017-03-14,2017,104768.0,191166.0,127444,86848.0,0.0,0.0,2.0,22.0,229.0,2344.0,22884.0,10920.0
2017-03-15,2017,118228.0,212556.0,141704,99068.5,0.0,0.0,3.0,29.0,255.0,2646.0,25614.0,11807.0
2017-03-16,2017,4467.0,14776.5,9851,8406.0,0.0,0.0,1.0,1.0,23.0,164.0,1851.0,816.0
2017-03-17,2017,131826.0,232620.0,155080,103788.0,0.0,0.0,2.0,23.0,291.0,2780.0,27696.0,13384.0
2017-03-18,2017,213687.0,369205.5,246137,161602.0,0.0,0.0,3.0,25.0,458.0,4508.0,44553.0,19864.0
2017-03-19,2017,3175.0,9468.0,6312,4766.5,0.0,0.0,0.0,4.0,11.0,129.0,1160.0,521.0
2017-03-20,2017,4118.0,13563.0,9042,6608.5,0.0,0.0,0.0,6.0,12.0,154.0,1645.0,739.0
2017-03-21,2017,88451.0,160917.0,107278,873417.0,1.0,0.0,2.0,15.0,199.0,1840.0,19291.0,9770.0
2017-03-22,2017,117164.0,209172.0,139448,89820.0,0.0,0.0,0.0,20.0,266.0,2602.0,25228.0,11356.0
2017-03-23,2017,4109.0,13368.0,8912,5389.5,0.0,0.0,0.0,1.0,20.0,133.0,1529.0,711.0
2017-03-24,2017,130588.0,229540.5,153027,99528.0,0.0,0.0,1.0,18.0,267.0,2720.0,27624.0,13160.0
2017-03-25,2017,215154.0,371142.0,247428,166507.0,0.0,0.0,3.0,43.0,433.0,4496.0,44236.0,21530.0
2017-03-26,2017,2876.0,8413.5,5609,3755.0,0.0,0.0,0.0,1.0,15.0,103.0,1031.0,452.0
2017-03-27,2017,3606.0,11077.5,7385,4812.5,0.0,0.0,0.0,1.0,12.0,141.0,1371.0,617.0
2017-03-28,2017,86930.0,157135.5,104757,69341.5,0.0,0.0,1.0,17.0,189.0,1945.0,18904.0,8419.0
2017-03-29,2017,118630.0,211599.0,141066,98216.5,0.0,0.0,4.0,20.0,264.0,2450.0,25401.0,11923.0
2017-03-30,2017,3940.0,12792.0,8528,5248.0,0.0,0.0,0.0,1.0,14.0,141.0,1469.0,750.0
2017-03-31,2017,135712.0,238561.5,159041,110978.5,0.0,0.0,4.0,38.0,292.0,2882.0,28493.0,12095.0
2017-04-01,2017,220438.0,380460.0,253640,190793.0,0.0,1.0,4.0,44.0,472.0,4528.0,45613.0,20458.0
2017-04-02,2017,2906.0,8776.5,5851,3702.5,0.0,0.0,0.0,1.0,6.0,104.0,1063.0,491.0
2017-04-03,2017,3765.0,11863.5,7909,5250.0,0.0,0.0,0.0,2.0,17.0,127.0,1408.0,706.0
2017-04-04,2017,94889.0,171621.0,114414,79933.5,0.0,0.0,2.0,26.0,197.0,2206.0,20612.0,9693.0
2017-04-05,2017,123124.0,219511.5,146341,137541.5,0.0,2.0,2.0,27.0,233.0,2569.0,25878.0,12587.0
2017-04-06,2017,4014.0,13219.5,8813,7611.5,0.0,0.0,1.0,1.0,20.0,154.0,1580.0,721.0
2017-04-07,2017,142279.0,251325.0,167550,109870.5,0.0,0.0,1.0,31.0,296.0,3036.0,30248.0,13383.0
2017-04-08,2017,220022.0,379684.5,253123,176681.0,0.0,0.0,7.0,42.0,439.0,4635.0,45746.0,20556.0
2017-04-09,2017,2851.0,8329.5,5553,5697.0,0.0,0.0,1.0,2.0,7.0,102.0,983.0,454.0
2017-04-10,2017,3660.0,11344.5,7563,5223.5,0.0,0.0,0.0,3.0,15.0,126.0,1363.0,645.0
2017-04-11,2017,105447.0,190396.5,126931,84972.0,0.0,0.0,2.0,21.0,221.0,2273.0,22638.0,10474.0
2017-04-12,2017,114060.0,203284.5,135523,290746.0,1.0,0.0,2.0,23.0,215.0,2357.0,24533.0,11330.0
2017-04-13,2017,4062.0,13194.0,8796,5638.0,0.0,0.0,0.0,2.0,12.0,164.0,1546.0,724.0
2017-04-14,2017,129072.0,226372.5,150915,106188.5,0.0,0.0,4.0,25.0,285.0,2748.0,26939.0,13247.0
2017-04-15,2017,212076.0,365181.0,243454,164805.0,0.0,0.0,3.0,42.0,461.0,4395.0,44185.0,20560.0
2017-04-16,2017,2982.0,8764.5,5843,4094.5,0.0,0.0,0.0,3.0,12.0,101.0,1035.0,453.0
2017-04-17,2017,2870.0,8634.0,5756,3736.0,0.0,0.0,0.0,0.0,13.0,118.0,1092.0,468.0
2017-04-18,2017,78651.0,142852.5,95235,66968.5,0.0,0.0,3.0,16.0,183.0,1625.0,16997.0,7993.0
2017-04-19,2017,112098.0,200004.0,133336,86450.5,0.0,0.0,1.0,21.0,225.0,2422.0,23805.0,10687.0
2017-04-20,2017,3796.0,12279.0,8186,5884.5,0.0,0.0,0.0,5.0,8.0,178.0,1414.0,671.0
2017-04-21,2017,129467.0,227998.5,151999,119086.5,0.0,1.0,1.0,25.0,243.0,2686.0,27365.0,12711.0
2017-04-22,2017,211186.0,364489.5,242993,169424.5,0.0,0.0,7.0,35.0,427.0,4372.0,43482.0,20707.0
2017-04-23,2017,2955.0,8826.0,5884,4104.0,0.0,0.0,0.0,2.0,12.0,103.0,1101.0,498.0
2017-04-24,2017,3800.0,12172.5,8115,5393.5,0.0,0.0,0.0,3.0,14.0,142.0,1421.0,641.0
2017-04-25,2017,91773.0,165447.0,110298,69882.5,0.0,0.0,0.0,18.0,210.0,1987.0,19740.0,8445.0
2017-04-26,2017,112592.0,200790.0,133860,92019.0,0.0,0.0,3.0,19.0,243.0,2339.0,24138.0,11592.0
2017-04-27,2017,4114.0,13602.0,9068,25893.5,0.0,1.0,0.0,2.0,17.0,164.0,1599.0,757.0
2017-04-28,2017,148101.0,261495.0,174330,114528.0,0.0,0.0,1.0,32.0,327.0,3088.0,30986.0,14784.0
2017-04-29,2017,212774.0,366916.5,244611,172079.0,0.0,0.0,7.0,48.0,445.0,4359.0,43937.0,19940.0
2017-04-30,2017,3081.0,9601.5,6401,4284.5,0.0,0.0,0.0,2.0,9.0,122.0,1143.0,539.0
2017-05-01,2017,3407.0,10615.5,7077,4354.5,0.0,0.0,0.0,0.0,16.0,154.0,1219.0,551.0
2017-05-02,2017,89817.0,163633.5,109089,71612.0,0.0,0.0,1.0,19.0,197.0,1947.0,19548.0,8694.0
2017-05-03,2017,115102.0,206398.5,137599,91519.0,0.0,0.0,1.0,21.0,244.0,2496.0,24990.0,11986.0
2017-05-04,2017,4220.0,13608.0,9072,6548.5,0.0,0.0,0.0,5.0,17.0,139.0,1650.0,809.0
2017-05-05,2017,144717.0,255934.5,170623,113544.0,0.0,0.0,2.0,32.0,362.0,3104.0,30409.0,13044.0
2017-05-06,2017,212072.0,366307.5,244205,163569.5,0.0,0.0,2.0,44.0,452.0,4349.0,43898.0,21459.0
2017-05-07,2017,3022.0,9060.0,6040,4666.0,0.0,0.0,0.0,4.0,18.0,106.0,1053.0,580.0
2017-05-08,2017,4000.0,12565.5,8377,5612.5,0.0,0.0,0.0,1.0,17.0,148.0,1582.0,779.0
2017-05-09,2017,104438.0,189754.5,126503,83989.0,0.0,0.0,1.0,22.0,236.0,2304.0,22807.0,10490.0
2017-05-10,2017,121889.0,218223.0,145482,102398.0,0.0,0.0,4.0,30.0,269.0,2609.0,26099.0,11850.0
2017-05-11,2017,4069.0,13074.0,8716,5264.5,0.0,0.0,0.0,0.0,21.0,147.0,1529.0,701.0
2017-05-12,2017,151195.0,268336.5,178891,131096.5,0.0,0.0,7.0,33.0,330.0,3199.0,32283.0,15557.0
2017-05-13,2017,208269.0,358692.0,239128,168811.5,0.0,0.0,5.0,55.0,409.0,4300.0,43270.0,21061.0
2017-05-14,2017,2982.0,8859.0,5906,3490.0,0.0,0.0,0.0,0.0,11.0,95.0,1006.0,522.0
2017-05-15,2017,3780.0,11926.5,7951,5465.5,0.0,0.0,0.0,3.0,19.0,150.0,1396.0,629.0
2017-05-16,2017,111681.0,202527.0,135018,97959.5,0.0,0.0,5.0,25.0,244.0,2460.0,24564.0,11101.0
2017-05-17,2017,113481.0,202140.0,134760,89065.5,0.0,0.0,2.0,20.0,212.0,2436.0,24303.0,10693.0
2017-05-18,2017,3992.0,12960.0,8640,5806.5,0.0,0.0,0.0,2.0,18.0,179.0,1574.0,669.0
2017-05-19,2017,169796.0,302979.0,201986,140574.0,0.0,0.0,4.0,42.0,353.0,3708.0,36345.0,17256.0
2017-05-20,2017,206233.0,355161.0,236774,152969.0,0.0,0.0,2.0,44.0,409.0,4295.0,42546.0,16948.0
2017-05-21,2017,3077.0,9556.5,6371,4324.5,0.0,0.0,0.0,2.0,14.0,128.0,1140.0,483.0
2017-05-22,2017,3857.0,12307.5,8205,5951.0,0.0,0.0,0.0,3.0,25.0,161.0,1519.0,672.0
2017-05-23,2017,128129.0,234862.5,156575,111295.0,0.0,0.0,5.0,29.0,303.0,2860.0,27828.0,12986.0
2017-05-24,2017,117338.0,209571.0,139714,93465.0,0.0,0.0,1.0,29.0,248.0,2507.0,24905.0,12240.0
2017-05-25,2017,3197.0,10141.5,6761,4299.0,0.0,0.0,0.0,0.0,15.0,119.0,1258.0,592.0
2017-05-26,2017,159238.0,285879.0,190586,129033.0,0.0,0.0,4.0,32.0,357.0,3458.0,34246.0,14474.0
2017-05-27,2017,194576.0,336495.0,224330,189032.5,0.0,2.0,2.0,39.0,398.0,4030.0,39760.0,19735.0
2017-05-28,2017,2891.0,8908.5,5939,3852.5,0.0,0.0,0.0,1.0,7.0,87.0,1160.0,505.0
2017-05-29,2017,3797.0,12766.5,8511,5861.0,0.0,0.0,0.0,4.0,11.0,151.0,1530.0,684.0
2017-05-30,2017,138490.0,252672.0,168448,115139.5,0.0,0.0,3.0,19.0,307.0,3113.0,30274.0,15391.0
2017-05-31,2017,118657.0,212466.0,141644,97614.5,0.0,0.0,3.0,19.0,260.0,2534.0,25616.0,12475.0
2017-06-01,2017,4397.0,15282.0,10188,6868.0,0.0,0.0,0.0,2.0,14.0,193.0,1902.0,946.0
2017-06-02,2017,194888.0,351081.0,234054,161144.5,0.0,0.0,4.0,53.0,412.0,4121.0,42290.0,19413.0
2017-06-03,2017,210349.0,364177.5,242785,174058.0,0.0,0.0,9.0,47.0,424.0,4426.0,43168.0,19808.0
2017-06-04,2017,3350.0,10495.5,6997,4236.5,0.0,0.0,0.0,0.0,14.0,120.0,1232.0,595.0
2017-06-05,2017,3546.0,11788.5,7859,5472.5,0.0,0.0,0.0,3.0,11.0,148.0,1387.0,759.0
2017-06-06,2017,91482.0,167728.5,111819,93300.5,0.0,1.0,0.0,24.0,225.0,2015.0,20185.0,9037.0
2017-06-07,2017,116030.0,208656.0,139104,114846.5,0.0,1.0,3.0,29.0,270.0,2508.0,24955.0,10131.0
2017-06-08,2017,4448.0,15166.5,10111,6531.0,0.0,0.0,0.0,2.0,15.0,181.0,1836.0,836.0
2017-06-09,2017,152165.0,269674.5,179783,123443.5,0.0,0.0,5.0,26.0,311.0,3139.0,32122.0,14723.0
2017-06-10,2017,211054.0,365400.0,243600,174362.5,0.0,0.0,8.0,56.0,462.0,4257.0,43843.0,19301.0
2017-06-11,2017,3304.0,10213.5,6809,4279.0,0.0,0.0,0.0,0.0,12.0,119.0,1233.0,652.0
2017-06-12,2017,4159.0,14061.0,9374,6448.5,0.0,0.0,0.0,3.0,20.0,163.0,1683.0,845.0
2017-06-13,2017,101666.0,184908.0,123272,79667.5,0.0,0.0,1.0,18.0,207.0,2232.0,22213.0,9561.0
2017-06-14,2017,115269.0,206446.5,137631,117495.5,0.0,1.0,3.0,28.0,241.0,2589.0,25054.0,12015.0
2017-06-15,2017,4335.0,14650.5,9767,5972.5,0.0,0.0,0.0,0.0,18.0,157.0,1738.0,901.0
2017-06-16,2017,147073.0,260860.5,173907,116507.0,0.0,0.0,3.0,20.0,317.0,3192.0,31407.0,14262.0
2017-06-17,2017,209226.0,361644.0,241096,172063.5,0.0,0.0,8.0,41.0,482.0,4416.0,43449.0,19497.0
2017-06-18,2017,3151.0,10035.0,6690,6581.5,0.0,0.0,1.0,3.0,11.0,119.0,1179.0,539.0
2017-06-19,2017,3957.0,13407.0,8938,5595.0,0.0,0.0,0.0,0.0,13.0,171.0,1622.0,824.0
2017-06-20,2017,98860.0,179614.5,119743,85576.5,0.0,0.0,4.0,19.0,224.0,2093.0,21720.0,10261.0
2017-06-21,2017,112230.0,202144.5,134763,87657.5,0.0,0.0,1.0,20.0,245.0,2426.0,23880.0,11245.0
2017-06-22,2017,4267.0,14728.5,9819,6336.0,0.0,0.0,0.0,3.0,16.0,170.0,1704.0,772.0
2017-06-23,2017,146902.0,261525.0,174350,133330.0,0.0,1.0,2.0,28.0,291.0,3105.0,31069.0,13498.0
2017-06-24,2017,205853.0,356250.0,237500,162734.5,0.0,0.0,4.0,48.0,391.0,4200.0,42204.0,21271.0
2017-06-25,2017,3338.0,10693.5,7129,4397.0,0.0,0.0,0.0,1.0,12.0,132.0,1236.0,550.0
2017-06-26,2017,4205.0,14086.5,9391,6116.0,0.0,0.0,0.0,1.0,19.0,169.0,1750.0,794.0
2017-06-27,2017,107163.0,195205.5,130137,83471.5,0.0,0.0,1.0,14.0,239.0,2333.0,23296.0,10423.0
2017-06-28,2017,115616.0,207793.5,138529,91600.0,0.0,0.0,2.0,15.0,243.0,2481.0,24834.0,11778.0
2017-06-29,2017,4876.0,21144.0,14096,8377.0,0.0,0.0,0.0,0.0,21.0,272.0,2442.0,1142.0
2017-06-30,2017,221678.0,398743.5,265829,178383.0,0.0,0.0,3.0,52.0,461.0,4756.0,47984.0,22010.0
2017-07-01,2017,218846.0,380536.5,253691,166517.0,0.0,0.0,2.0,42.0,461.0,4593.0,45570.0,20528.0
2017-07-02,2017,3455.0,10981.5,7321,4471.5,0.0,0.0,0.0,0.0,16.0,138.0,1292.0,585.0
2017-07-03,2017,4431.0,14661.0,9774,6264.0,0.0,0.0,0.0,1.0,20.0,180.0,1704.0,904.0
2017-07-04,2017,95820.0,174795.0,116530,77106.5,0.0,0.0,1.0,18.0,228.0,2109.0,20958.0,9657.0
2017-07-05,2017,123461.0,221905.5,147937,120532.0,0.0,1.0,2.0,34.0,262.0,2646.0,26592.0,12052.0
2017-07-06,2017,4511.0,15015.0,10010,5859.5,0.0,0.0,0.0,0.0,13.0,162.0,1809.0,781.0
2017-07-07,2017,141853.0,252309.0,168206,111737.5,0.0,0.0,2.0,17.0,323.0,3115.0,30418.0,14311.0
2017-07-08,2017,207338.0,359310.0,239540,191454.0,0.0,1.0,7.0,43.0,436.0,4462.0,43174.0,20984.0
2017-07-09,2017,3416.0,10518.0,7012,4419.0,0.0,0.0,0.0,2.0,6.0,130.0,1209.0,554.0
2017-07-10,2017,4249.0,14325.0,9550,5885.5,0.0,0.0,0.0,1.0,19.0,151.0,1715.0,747.0
2017-07-11,2017,91246.0,166675.5,111117,70736.0,0.0,0.0,0.0,17.0,215.0,2020.0,19991.0,8636.0
2017-07-12,2017,115711.0,208291.5,138861,95219.0,0.0,0.0,3.0,21.0,241.0,2466.0,25464.0,11294.0
2017-07-13,2017,4472.0,15171.0,10114,6666.5,0.0,0.0,0.0,3.0,20.0,178.0,1729.0,879.0
2017-07-14,2017,132601.0,235264.5,156843,105304.0,0.0,0.0,3.0,20.0,306.0,2900.0,28336.0,12008.0
2017-07-15,2017,206417.0,357796.5,238531,178623.0,0.0,1.0,2.0,43.0,420.0,4363.0,42850.0,20072.0
2017-07-16,2017,3255.0,10197.0,6798,4344.0,0.0,0.0,0.0,1.0,7.0,96.0,1252.0,680.0
2017-07-17,2017,4066.0,13456.5,8971,5446.5,0.0,0.0,0.0,0.0,11.0,159.0,1642.0,765.0
2017-07-18,2017,88165.0,160294.5,106863,74723.0,0.0,0.0,2.0,23.0,215.0,1928.0,19493.0,8798.0
2017-07-19,2017,111946.0,200761.5,133841,94271.0,0.0,0.0,2.0,32.0,237.0,2436.0,24123.0,12470.0
2017-07-20,2017,4601.0,15666.0,10444,7164.0,0.0,0.0,0.0,4.0,12.0,215.0,1881.0,858.0
2017-07-21,2017,113058.0,200073.0,133382,94828.5,0.0,0.0,4.0,26.0,242.0,2463.0,23926.0,11081.0
2017-07-22,2017,193971.0,336765.0,224510,152748.0,0.0,0.0,3.0,35.0,375.0,4047.0,40303.0,20938.0
2017-07-23,2017,3266.0,10402.5,6935,4536.5,0.0,0.0,0.0,2.0,15.0,106.0,1213.0,587.0
2017-07-24,2017,4083.0,13633.5,9089,6716.0,0.0,0.0,0.0,5.0,17.0,169.0,1643.0,830.0
2017-07-25,2017,92106.0,168330.0,112220,81834.0,0.0,0.0,4.0,27.0,198.0,2043.0,20216.0,9218.0
2017-07-26,2017,115029.0,207171.0,138114,100156.0,0.0,0.0,5.0,32.0,240.0,2511.0,24790.0,11214.0
2017-07-27,2017,4239.0,14424.0,9616,6068.5,0.0,0.0,0.0,1.0,14.0,154.0,1741.0,891.0
2017-07-28,2017,135729.0,241680.0,161120,123366.0,0.0,1.0,0.0,28.0,279.0,2822.0,29045.0,13324.0
2017-07-29,2017,207147.0,359695.5,239797,168991.5,0.0,0.0,6.0,41.0,473.0,4305.0,43310.0,20791.0
2017-07-30,2017,3215.0,10102.5,6735,4422.5,0.0,0.0,0.0,2.0,8.0,129.0,1188.0,561.0
2017-07-31,2017,4136.0,13600.5,9067,5973.0,0.0,0.0,0.0,2.0,15.0,184.0,1623.0,738.0
2017-08-01,2017,86987.0,158953.5,105969,71742.0,0.0,0.0,2.0,18.0,205.0,1901.0,19078.0,8254.0
2017-08-02,2017,126186.0,227419.5,151613,108537.5,0.0,0.0,4.0,25.0,275.0,2780.0,27073.0,14661.0
2017-08-03,2017,4384.0,14788.5,9859,6265.0,0.0,0.0,0.0,3.0,6.0,182.0,1719.0,798.0
2017-08-04,2017,130914.0,232285.5,154857,107333.0,0.0,0.0,4.0,32.0,283.0,2695.0,27878.0,12028.0
2017-08-05,2017,217049.0,377544.0,251696,172314.0,0.0,0.0,5.0,48.0,461.0,4582.0,44995.0,20396.0
2017-08-06,2017,3525.0,10474.5,6983,6434.5,0.0,0.0,1.0,1.0,13.0,133.0,1252.0,537.0
2017-08-07,2017,4563.0,14704.5,9803,6387.5,0.0,0.0,0.0,2.0,18.0,195.0,1703.0,831.0
2017-08-08,2017,90628.0,165336.0,110224,76211.5,0.0,0.0,2.0,23.0,216.0,1972.0,19893.0,9097.0
2017-08-09,2017,120972.0,217093.5,144729,93270.5,0.0,0.0,0.0,19.0,274.0,2689.0,26161.0,12149.0
2017-08-10,2017,4790.0,15924.0,10616,9013.0,0.0,0.0,1.0,2.0,21.0,202.0,1942.0,866.0
2017-08-11,2017,129232.0,228610.5,152407,100247.0,0.0,0.0,1.0,25.0,273.0,2715.0,27845.0,12348.0
2017-08-12,2017,211192.0,365937.0,243958,157051.0,0.0,0.0,1.0,36.0,397.0,4472.0,44089.0,19582.0
2017-08-13,2017,3490.0,10366.5,6911,4240.5,0.0,0.0,0.0,0.0,8.0,132.0,1249.0,615.0
2017-08-14,2017,4526.0,14545.5,9697,7919.5,0.0,0.0,1.0,1.0,20.0,171.0,1654.0,771.0
2017-08-15,2017,78744.0,142996.5,95331,63275.0,0.0,0.0,1.0,18.0,169.0,1645.0,17095.0,7920.0
2017-08-16,2017,114257.0,205642.5,137095,88845.0,0.0,0.0,1.0,25.0,233.0,2495.0,24249.0,10808.0
2017-08-17,2017,4535.0,15223.5,10149,6368.5,0.0,0.0,0.0,1.0,17.0,190.0,1816.0,831.0
2017-08-18,2017,152989.0,271389.0,180926,120889.0,0.0,0.0,2.0,28.0,344.0,3256.0,32933.0,14842.0
2017-08-19,2017,211746.0,367276.5,244851,167030.5,0.0,0.0,4.0,41.0,457.0,4443.0,43963.0,21033.0
2017-08-20,2017,3355.0,10131.0,6754,4097.5,0.0,0.0,0.0,0.0,12.0,135.0,1181.0,547.0
2017-08-21,2017,4310.0,14032.5,9355,6195.5,0.0,0.0,0.0,3.0,20.0,167.0,1638.0,723.0
2017-08-22,2017,93931.0,171190.5,114127,74996.0,0.0,0.0,0.0,27.0,212.0,1957.0,20470.0,9754.0
2017-08-23,2017,120575.0,218295.0,145530,98638.5,0.0,0.0,3.0,21.0,244.0,2612.0,25935.0,12419.0
2017-08-24,2017,4783.0,16573.5,11049,8991.0,0.0,0.0,1.0,1.0,23.0,182.0,1950.0,1014.0
2017-08-25,2017,131008.0,232401.0,154934,100158.5,0.0,0.0,0.0,32.0,295.0,2704.0,27339.0,13107.0
2017-08-26,2017,212013.0,368895.0,245930,184339.5,0.0,1.0,2.0,48.0,420.0,4436.0,44461.0,20825.0
2017-08-27,2017,3451.0,10768.5,7179,4344.5,0.0,0.0,0.0,0.0,10.0,128.0,1339.0,551.0
2017-08-28,2017,4296.0,14298.0,9532,6284.5,0.0,0.0,0.0,2.0,28.0,169.0,1693.0,729.0
2017-08-29,2017,86205.0,157662.0,105108,72500.5,0.0,0.0,1.0,28.0,182.0,1900.0,19116.0,9019.0
2017-08-30,2017,121427.0,218980.5,145987,97714.5,0.0,0.0,2.0,22.0,248.0,2608.0,26523.0,12179.0
2017-08-31,2017,4778.0,16345.5,10897,6702.5,0.0,0.0,0.0,1.0,17.0,192.0,1936.0,887.0
2017-09-01,2017,135587.0,240526.5,160351,106951.5,0.0,0.0,2.0,23.0,270.0,2990.0,29046.0,13273.0
2017-09-02,2017,215588.0,373936.5,249291,167271.0,0.0,0.0,3.0,52.0,458.0,4555.0,44444.0,20032.0
2017-09-03,2017,3501.0,11260.5,7507,4536.5,0.0,0.0,0.0,0.0,16.0,146.0,1288.0,607.0
2017-09-04,2017,4619.0,15463.5,10309,7105.0,0.0,0.0,0.0,2.0,20.0,216.0,1837.0,1034.0
2017-09-05,2017,88344.0,161158.5,107439,73796.0,0.0,0.0,2.0,22.0,193.0,1971.0,19098.0,8990.0
2017-09-06,2017,117578.0,211839.0,141226,89825.5,0.0,0.0,0.0,21.0,241.0,2500.0,25041.0,12149.0
2017-09-07,2017,4788.0,16462.5,10975,6971.0,0.0,0.0,0.0,2.0,22.0,196.0,1920.0,874.0
2017-09-08,2017,135073.0,240328.5,160219,111237.5,0.0,0.0,4.0,24.0,299.0,2872.0,29163.0,13181.0
2017-09-09,2017,207033.0,359985.0,239990,157723.5,0.0,0.0,2.0,44.0,449.0,4356.0,43020.0,18749.0
2017-09-10,2017,3494.0,10812.0,7208,4757.5,0.0,0.0,0.0,0.0,19.0,151.0,1320.0,655.0
2017-09-11,2017,4461.0,14970.0,9980,6342.0,0.0,0.0,0.0,2.0,14.0,170.0,1752.0,872.0
2017-09-12,2017,95508.0,173979.0,115986,75515.0,0.0,0.0,1.0,16.0,202.0,2168.0,20618.0,9466.0
2017-09-13,2017,115100.0,207291.0,138194,114745.0,0.0,1.0,3.0,26.0,277.0,2577.0,24847.0,10284.0
2017-09-14,2017,4613.0,15987.0,10658,9093.0,0.0,0.0,1.0,1.0,31.0,185.0,1930.0,992.0
2017-09-15,2017,227191.0,408403.5,272269,180967.0,0.0,0.0,4.0,42.0,498.0,4732.0,48900.0,22098.0
2017-09-16,2017,211023.0,365352.0,243568,1373912.5,1.0,0.0,9.0,42.0,437.0,4370.0,44326.0,18847.0
2017-09-17,2017,3158.0,9433.5,6289,3753.5,0.0,0.0,0.0,0.0,6.0,107.0,1196.0,471.0
2017-09-18,2017,3827.0,12054.0,8036,5120.0,0.0,0.0,0.0,1.0,14.0,151.0,1440.0,670.0
2017-09-19,2017,139037.0,253776.0,169184,115967.0,0.0,0.0,3.0,34.0,297.0,3114.0,30216.0,14150.0
2017-09-20,2017,119408.0,213243.0,142162,100783.5,0.0,0.0,4.0,26.0,234.0,2639.0,25561.0,12391.0
2017-09-21,2017,4059.0,12874.5,8583,5537.0,0.0,0.0,0.0,0.0,19.0,189.0,1563.0,724.0
2017-09-22,2017,196605.0,352201.5,234801,157940.5,0.0,0.0,4.0,33.0,419.0,4186.0,42151.0,19819.0
2017-09-23,2017,217030.0,374845.5,249897,179569.0,0.0,0.0,7.0,51.0,479.0,4456.0,45412.0,21790.0
2017-09-24,2017,3067.0,9234.0,6156,3754.0,0.0,0.0,0.0,0.0,9.0,102.0,1181.0,468.0
2017-09-25,2017,3790.0,11851.5,7901,5161.0,0.0,0.0,0.0,1.0,18.0,140.0,1445.0,674.0
2017-09-26,2017,150834.0,275458.5,183639,149265.0,0.0,1.0,4.0,35.0,347.0,3244.0,33212.0,16454.0
2017-09-27,2017,129025.0,230935.5,153957,104710.0,0.0,0.0,2.0,31.0,258.0,2761.0,27943.0,13106.0
2017-09-28,2017,4343.0,14424.0,9616,8143.5,0.0,0.0,1.0,1.0,12.0,186.0,1807.0,773.0
2017-09-29,2017,235077.0,422416.5,281611,215054.5,0.0,1.0,7.0,60.0,481.0,5031.0,50627.0,22017.0
2017-09-30,2017,230935.0,399984.0,266656,175888.0,0.0,0.0,2.0,50.0,480.0,4626.0,48511.0,21424.0
2017-10-01,2017,3995.0,12036.0,8024,5243.5,0.0,0.0,0.0,2.0,8.0,155.0,1421.0,711.0
2017-10-02,2017,4300.0,14052.0,9368,5747.0,0.0,0.0,0.0,0.0,16.0,166.0,1643.0,874.0
2017-10-03,2017,208336.0,380703.0,253802,195278.5,0.0,1.0,7.0,37.0,511.0,4541.0,45683.0,19725.0
2017-10-04,2017,140773.0,251779.5,167853,128810.5,0.0,1.0,0.0,33.0,291.0,2949.0,30025.0,14397.0
2017-10-05,2017,4258.0,13906.5,9271,6353.5,0.0,0.0,0.0,3.0,15.0,184.0,1678.0,785.0
2017-10-06,2017,248365.0,447492.0,298328,197064.0,0.0,0.0,3.0,42.0,526.0,5547.0,53801.0,24538.0
2017-10-07,2017,236520.0,410362.5,273575,188194.5,0.0,0.0,3.0,47.0,507.0,5029.0,49518.0,25649.0
2017-10-08,2017,3159.0,9549.0,6366,4571.0,0.0,0.0,0.0,3.0,10.0,122.0,1171.0,546.0
2017-10-09,2017,4119.0,13405.5,8937,5825.5,0.0,0.0,0.0,2.0,11.0,158.0,1637.0,761.0
2017-10-10,2017,100610.0,182512.5,121675,84877.0,0.0,0.0,3.0,24.0,199.0,2202.0,21862.0,10242.0
2017-10-11,2017,142952.0,256204.5,170803,116061.0,0.0,0.0,2.0,32.0,312.0,3102.0,30845.0,14814.0
2017-10-12,2017,4215.0,13672.5,9115,6082.0,0.0,0.0,0.0,2.0,19.0,164.0,1662.0,772.0
2017-10-13,2017,268261.0,472371.0,314914,220133.5,0.0,0.0,7.0,67.0,535.0,5603.0,56946.0,26751.0
2017-10-14,2017,240824.0,418806.0,279204,189955.5,0.0,0.0,4.0,41.0,494.0,4985.0,50612.0,25151.0
2017-10-15,2017,3063.0,9024.0,6016,4172.5,0.0,0.0,0.0,1.0,18.0,122.0,1088.0,551.0
2017-10-16,2017,3898.0,12015.0,8010,7330.0,0.0,0.0,1.0,2.0,13.0,143.0,1433.0,726.0
2017-10-17,2017,97532.0,176782.5,117855,79854.0,0.0,0.0,1.0,23.0,233.0,2133.0,21148.0,10422.0
2017-10-18,2017,130535.0,232875.0,155250,99106.5,0.0,0.0,0.0,18.0,278.0,2791.0,28035.0,13281.0
2017-10-19,2017,4093.0,13366.5,8911,9955.5,0.0,0.0,2.0,2.0,24.0,161.0,1593.0,723.0
2017-10-20,2017,146815.0,259428.0,172952,137201.5,0.0,1.0,3.0,24.0,326.0,3094.0,31162.0,14725.0
2017-10-21,2017,211322.0,364539.0,243026,163740.5,0.0,0.0,4.0,45.0,437.0,4290.0,43624.0,19535.0
2017-10-22,2017,3051.0,9153.0,6102,3713.5,0.0,0.0,0.0,0.0,16.0,110.0,1067.0,473.0
2017-10-23,2017,3928.0,12720.0,8480,4934.5,0.0,0.0,0.0,0.0,11.0,143.0,1492.0,677.0
2017-10-24,2017,101192.0,185455.5,123637,84559.5,0.0,0.0,2.0,19.0,212.0,2230.0,22290.0,11193.0
2017-10-25,2017,116067.0,207933.0,138622,91088.5,0.0,0.0,0.0,34.0,239.0,2573.0,25011.0,11081.0
2017-10-26,2017,4309.0,14215.5,9477,8274.5,0.0,0.0,1.0,2.0,17.0,194.0,1668.0,819.0
2017-10-27,2017,137345.0,243828.0,162552,105728.5,0.0,0.0,1.0,20.0,310.0,3041.0,29129.0,13377.0
2017-10-28,2017,211807.0,366291.0,244194,170875.0,0.0,0.0,7.0,36.0,491.0,4496.0,43878.0,19746.0
2017-10-29,2017,3223.0,9814.5,6543,3979.0,0.0,0.0,0.0,0.0,11.0,104.0,1213.0,542.0
2017-10-30,2017,4089.0,13123.5,8749,5817.0,0.0,0.0,0.0,2.0,21.0,172.0,1560.0,678.0
2017-10-31,2017,95482.0,174316.5,116211,79011.0,0.0,0.0,3.0,15.0,201.0,2065.0,20747.0,9448.0
2017-11-01,2017,113300.0,202320.0,134880,90872.5,0.0,0.0,2.0,23.0,219.0,2435.0,24350.0,11345.0
2017-11-02,2017,4447.0,14755.5,9837,6841.0,0.0,0.0,0.0,5.0,13.0,166.0,1786.0,786.0
2017-11-03,2017,134031.0,238060.5,158707,106160.5,0.0,0.0,2.0,24.0,289.0,2923.0,28504.0,13305.0
2017-11-04,2017,209666.0,362473.5,241649,761414.5,1.0,0.0,3.0,44.0,429.0,4387.0,43598.0,19269.0
2017-11-05,2017,3220.0,9363.0,6242,4173.5,0.0,0.0,0.0,1.0,13.0,122.0,1146.0,541.0
2017-11-06,2017,4151.0,13135.5,8757,7714.0,0.0,0.0,1.0,3.0,11.0,150.0,1535.0,716.0
2017-11-07,2017,92725.0,167332.5,111555,80017.0,0.0,0.0,4.0,18.0,182.0,2013.0,20231.0,9500.0
2017-11-08,2017,115929.0,206734.5,137823,88784.0,0.0,0.0,0.0,30.0,230.0,2351.0,24735.0,11306.0
2017-11-09,2017,4397.0,14152.5,9435,8236.0,0.0,0.0,1.0,3.0,12.0,172.0,1674.0,792.0
2017-11-10,2017,149885.0,264447.0,176298,117999.0,0.0,0.0,1.0,38.0,321.0,3171.0,31824.0,14984.0
2017-11-11,2017,191782.0,329427.0,219618,150170.5,0.0,0.0,5.0,42.0,385.0,3895.0,39052.0,17661.0
2017-11-12,2017,2983.0,8463.0,5642,5879.5,0.0,0.0,1.0,2.0,15.0,115.0,964.0,451.0
2017-11-13,2017,3941.0,12210.0,8140,5571.0,0.0,0.0,0.0,3.0,14.0,147.0,1495.0,644.0
2017-11-14,2017,90439.0,163695.0,109130,74547.0,0.0,0.0,2.0,23.0,197.0,1929.0,19425.0,9008.0
2017-11-15,2017,120055.0,213706.5,142471,97849.5,0.0,0.0,3.0,24.0,281.0,2542.0,25347.0,12017.0
2017-11-16,2017,4058.0,13098.0,8732,5478.5,0.0,0.0,0.0,1.0,23.0,154.0,1545.0,639.0
2017-11-17,2017,142732.0,251523.0,167682,112063.0,0.0,0.0,1.0,39.0,303.0,2951.0,30212.0,14016.0
2017-11-18,2017,212166.0,365107.5,243405,166973.0,0.0,0.0,3.0,45.0,454.0,4349.0,43492.0,22776.0
2017-11-19,2017,2952.0,8431.5,5621,5454.0,0.0,0.0,1.0,0.0,12.0,111.0,1007.0,430.0
2017-11-20,2017,3747.0,11362.5,7575,4481.5,0.0,0.0,0.0,0.0,12.0,128.0,1365.0,581.0
2017-11-21,2017,100573.0,182173.5,121449,86779.5,0.0,0.0,4.0,24.0,213.0,2192.0,21708.0,10229.0
2017-11-22,2017,121980.0,217204.5,144803,93574.0,0.0,0.0,2.0,21.0,239.0,2590.0,25884.0,10584.0
2017-11-23,2017,4076.0,13243.5,8829,7211.0,0.0,0.0,1.0,0.0,10.0,146.0,1617.0,698.0
2017-11-24,2017,152938.0,269790.0,179860,121065.0,0.0,0.0,3.0,25.0,369.0,3310.0,32533.0,14046.0
2017-11-25,2017,215145.0,371032.5,247355,171958.0,0.0,0.0,6.0,49.0,433.0,4459.0,44546.0,20074.0
2017-11-26,2017,2986.0,8668.5,5779,3728.0,0.0,0.0,0.0,2.0,6.0,96.0,1022.0,456.0
2017-11-27,2017,8071.0,24135.0,16090,12661.0,0.0,0.0,1.0,4.0,31.0,291.0,2948.0,1260.0
2017-11-28,2017,109503.0,199578.0,133052,88018.5,0.0,0.0,1.0,19.0,267.0,2458.0,23850.0,11259.0
2017-11-29,2017,114949.0,204922.5,136615,95685.5,0.0,0.0,3.0,27.0,236.0,2552.0,24567.0,11781.0
2017-11-30,2017,4196.0,13705.5,9137,5496.5,0.0,0.0,0.0,0.0,16.0,150.0,1626.0,783.0
2017-12-01,2017,161836.0,287329.5,191553,128583.0,0.0,0.0,2.0,41.0,359.0,3391.0,34316.0,15744.0
2017-12-02,2017,208861.0,360337.5,240225,160669.5,0.0,0.0,2.0,47.0,434.0,4247.0,43003.0,20899.0
2017-12-03,2017,3072.0,9058.5,6039,4561.5,0.0,0.0,0.0,4.0,20.0,108.0,1047.0,485.0
2017-12-04,2017,4182.0,13305.0,8870,5512.5,0.0,0.0,0.0,0.0,15.0,161.0,1555.0,865.0
2017-12-05,2017,119477.0,216711.0,144474,96489.5,0.0,0.0,2.0,23.0,252.0,2567.0,25780.0,12303.0
2017-12-06,2017,116304.0,207099.0,138066,102227.0,0.0,0.0,5.0,25.0,249.0,2523.0,24985.0,13108.0
2017-12-07,2017,4190.0,13602.0,9068,8728.0,0.0,0.0,1.0,5.0,19.0,183.0,1690.0,702.0
2017-12-08,2017,173108.0,307633.5,205089,161576.0,0.0,1.0,6.0,32.0,348.0,3682.0,36960.0,15924.0
2017-12-09,2017,209151.0,360786.0,240524,165533.5,0.0,0.0,5.0,46.0,412.0,4351.0,43395.0,19699.0
2017-12-10,2017,2993.0,8817.0,5878,5478.0,0.0,0.0,1.0,0.0,9.0,95.0,1065.0,462.0
2017-12-11,2017,3786.0,11724.0,7816,5101.5,0.0,0.0,0.0,1.0,16.0,150.0,1456.0,613.0
2017-12-12,2017,118648.0,216550.5,144367,98536.0,0.0,0.0,3.0,21.0,255.0,2565.0,25973.0,12310.0
2017-12-13,2017,113273.0,202854.0,135236,90160.0,0.0,0.0,2.0,17.0,238.0,2504.0,24493.0,10996.0
2017-12-14,2017,4107.0,13399.5,8933,7673.5,0.0,0.0,1.0,0.0,18.0,169.0,1677.0,743.0
2017-12-15,2017,174998.0,312844.5,208563,166494.0,0.0,1.0,5.0,48.0,368.0,3767.0,37607.0,16990.0
2017-12-16,2017,210133.0,362307.0,241538,165012.0,0.0,0.0,3.0,43.0,398.0,4364.0,43369.0,22596.0
2017-12-17,2017,3039.0,9058.5,6039,3760.5,0.0,0.0,0.0,0.0,13.0,105.0,1049.0,585.0
2017-12-18,2017,3919.0,12057.0,8038,5603.0,0.0,0.0,0.0,4.0,17.0,136.0,1437.0,606.0
2017-12-19,2017,128183.0,234609.0,156406,109838.5,0.0,0.0,6.0,21.0,240.0,2773.0,28303.0,12245.0
2017-12-20,2017,117448.0,209799.0,139866,93113.0,0.0,0.0,2.0,19.0,254.0,2529.0,25124.0,11560.0
2017-12-21,2017,4459.0,14688.0,9792,6430.0,0.0,0.0,0.0,3.0,12.0,163.0,1777.0,814.0
2017-12-22,2017,149659.0,265698.0,177132,121704.0,0.0,0.0,3.0,39.0,325.0,3106.0,31888.0,14732.0
2017-12-23,2017,221318.0,384186.0,256124,205126.0,0.0,1.0,9.0,54.0,484.0,4713.0,45828.0,20950.0
2017-12-24,2017,135191.0,247485.0,164990,117715.5,0.0,0.0,4.0,41.0,321.0,2948.0,30112.0,13421.0
2017-12-25,2017,3468.0,11202.0,7468,4628.0,0.0,0.0,0.0,1.0,8.0,128.0,1370.0,592.0
2017-12-26,2017,89738.0,165171.0,110114,95642.5,0.0,1.0,1.0,28.0,207.0,1991.0,20025.0,9265.0
2017-12-27,2017,112842.0,203374.5,135583,95532.0,0.0,0.0,3.0,26.0,245.0,2364.0,24248.0,12744.0
2017-12-28,2017,4741.0,15991.5,10661,6887.0,0.0,0.0,0.0,1.0,29.0,215.0,1895.0,828.0
2017-12-29,2017,150565.0,269295.0,179530,121755.5,0.0,0.0,4.0,28.0,299.0,3145.0,32024.0,14935.0
2017-12-30,2017,223286.0,388701.0,259134,204588.5,0.0,1.0,7.0,45.0,538.0,4725.0,46642.0,22613.0
2017-12-31,2017,175953.0,325642.5,217095,150995.0,0.0,0.0,6.0,34.0,395.0,3874.0,39057.0,17874.0
2018-01-01,2018,3655.0,11712.0,7808,5285.0,0.0,0.0,0.0,1.0,19.0,151.0,1417.0,744.0
2018-01-02,2018,87242.0,160549.5,107033,75826.5,0.0,0.0,3.0,18.0,226.0,1956.0,19298.0,8887.0
2018-01-03,2018,132465.0,240649.5,160433,142692.5,0.0,2.0,1.0,15.0,287.0,2809.0,29152.0,13069.0
2018-01-04,2018,4594.0,15025.5,10017,6308.0,0.0,0.0,0.0,2.0,17.0,171.0,1758.0,798.0
2018-01-05,2018,134271.0,238872.0,159248,129048.5,0.0,1.0,3.0,32.0,285.0,2839.0,28716.0,12881.0
2018-01-06,2018,210336.0,365361.0,243574,183597.5,0.0,1.0,3.0,45.0,470.0,4372.0,43683.0,19981.0
2018-01-07,2018,3343.0,10215.0,6810,4408.0,0.0,0.0,0.0,2.0,13.0,120.0,1190.0,512.0
2018-01-08,2018,4346.0,14193.0,9462,7744.0,0.0,0.0,1.0,0.0,18.0,164.0,1721.0,748.0
2018-01-09,2018,93803.0,170946.0,113964,81947.0,0.0,0.0,3.0,34.0,192.0,2075.0,20491.0,9300.0
2018-01-10,2018,116973.0,208941.0,139294,99695.5,0.0,0.0,5.0,25.0,238.0,2490.0,24940.0,11737.0
2018-01-11,2018,4380.0,14410.5,9607,8141.5,0.0,0.0,1.0,2.0,18.0,158.0,1737.0,745.0
2018-01-12,2018,140584.0,248878.5,165919,114564.0,0.0,0.0,4.0,23.0,300.0,3021.0,30105.0,13766.0
2018-01-13,2018,210111.0,363255.0,242170,157429.5,0.0,0.0,1.0,54.0,398.0,4249.0,43130.0,19443.0
2018-01-14,2018,3225.0,9940.5,6627,4028.5,0.0,0.0,0.0,1.0,10.0,124.0,1109.0,527.0
2018-01-15,2018,4222.0,13651.5,9101,5946.0,0.0,0.0,0.0,2.0,19.0,158.0,1654.0,712.0
2018-01-16,2018,103059.0,187111.5,124741,103509.0,0.0,1.0,1.0,30.0,239.0,2254.0,22234.0,9994.0
2018-01-17,2018,116424.0,207943.5,138629,94416.5,0.0,0.0,2.0,26.0,237.0,2471.0,24943.0,12157.0
2018-01-18,2018,4230.0,14133.0,9422,5855.0,0.0,0.0,0.0,0.0,23.0,183.0,1622.0,824.0
2018-01-19,2018,149946.0,265740.0,177160,723261.5,1.0,0.0,4.0,33.0,323.0,3242.0,31919.0,14769.0
2018-01-20,2018,209814.0,362107.5,241405,163365.5,0.0,0.0,4.0,55.0,424.0,4322.0,43160.0,18637.0
2018-01-21,2018,3064.0,9033.0,6022,3992.0,0.0,0.0,0.0,1.0,12.0,116.0,1126.0,480.0
2018-01-22,2018,3866.0,12033.0,8022,5072.0,0.0,0.0,0.0,1.0,14.0,141.0,1450.0,658.0
2018-01-23,2018,103590.0,187848.0,125232,80711.0,0.0,0.0,1.0,19.0,203.0,2197.0,22379.0,10072.0
2018-01-24,2018,113328.0,202152.0,134768,92062.5,0.0,0.0,2.0,30.0,254.0,2394.0,24419.0,10783.0
2018-01-25,2018,4216.0,13489.5,8993,7663.0,0.0,0.0,1.0,1.0,20.0,153.0,1612.0,716.0
2018-01-26,2018,157477.0,281218.5,187479,134864.5,0.0,0.0,5.0,45.0,328.0,3455.0,33864.0,16201.0
2018-01-27,2018,205569.0,354354.0,236236,188646.0,0.0,1.0,7.0,42.0,420.0,4235.0,42668.0,20890.0
2018-01-28,2018,3138.0,9211.5,6141,4288.5,0.0,0.0,0.0,2.0,9.0,114.0,1111.0,611.0
2018-01-29,2018,3945.0,12429.0,8286,5040.0,0.0,0.0,0.0,0.0,15.0,158.0,1480.0,660.0
2018-01-30,2018,113855.0,208620.0,139080,104599.0,0.0,0.0,6.0,34.0,244.0,2559.0,25110.0,11936.0
2018-01-31,2018,113669.0,203209.5,135473,87126.0,0.0,0.0,1.0,19.0,243.0,2459.0,24605.0,9974.0
2018-02-01,2018,4325.0,14478.0,9652,8300.5,0.0,0.0,1.0,1.0,23.0,202.0,1764.0,735.0
2018-02-02,2018,166416.0,298591.5,199061,136124.0,0.0,0.0,4.0,35.0,353.0,3703.0,35641.0,16178.0
2018-02-03,2018,207639.0,358326.0,238884,156634.0,0.0,0.0,2.0,42.0,381.0,4335.0,43380.0,18786.0
2018-02-04,2018,3210.0,9420.0,6280,3772.0,0.0,0.0,0.0,0.0,12.0,101.0,1149.0,486.0
2018-02-05,2018,4229.0,13206.0,8804,6241.5,0.0,0.0,0.0,3.0,16.0,171.0,1652.0,775.0
2018-02-06,2018,130976.0,238788.0,159192,105814.5,0.0,0.0,2.0,23.0,294.0,2881.0,28858.0,12809.0
2018-02-07,2018,115109.0,205254.0,136836,97105.5,0.0,0.0,5.0,24.0,228.0,2329.0,24159.0,11855.0
2018-02-08,2018,4372.0,14005.5,9337,5788.0,0.0,0.0,0.0,1.0,17.0,172.0,1639.0,740.0
2018-02-09,2018,179333.0,320574.0,213716,166450.5,0.0,1.0,5.0,34.0,367.0,3941.0,38768.0,16713.0
2018-02-10,2018,207872.0,359127.0,239418,167780.0,0.0,0.0,6.0,47.0,453.0,4297.0,43171.0,19662.0
2018-02-11,2018,3215.0,9468.0,6312,4145.0,0.0,0.0,0.0,1.0,11.0,124.0,1161.0,522.0
2018-02-12,2018,4075.0,12511.5,8341,5183.0,0.0,0.0,0.0,0.0,16.0,178.0,1487.0,666.0
2018-02-13,2018,131131.0,238518.0,159012,107256.5,0.0,0.0,3.0,27.0,242.0,2901.0,28571.0,12913.0
2018-02-14,2018,119598.0,213007.5,142005,99213.0,0.0,0.0,2.0,30.0,264.0,2529.0,25702.0,13256.0
2018-02-15,2018,4192.0,13737.0,9158,6364.5,0.0,0.0,0.0,4.0,18.0,162.0,1577.0,827.0
2018-02-16,2018,185667.0,332149.5,221433,153661.0,0.0,0.0,4.0,48.0,455.0,4068.0,39617.0,18258.0
2018-02-17,2018,210897.0,363910.5,242607,167630.5,0.0,0.0,6.0,41.0,435.0,4345.0,43649.0,19805.0
2018-02-18,2018,3112.0,9174.0,6116,4144.0,0.0,0.0,0.0,2.0,12.0,119.0,1081.0,498.0
2018-02-19,2018,3964.0,12232.5,8155,4919.5,0.0,0.0,0.0,0.0,13.0,148.0,1488.0,629.0
2018-02-20,2018,154020.0,280194.0,186796,125358.0,0.0,0.0,3.0,31.0,338.0,3287.0,33850.0,14842.0
2018-02-21,2018,124406.0,222553.5,148369,101493.5,0.0,0.0,2.0,29.0,269.0,2632.0,26970.0,12809.0
2018-02-22,2018,4475.0,14617.5,9745,6003.0,0.0,0.0,0.0,1.0,9.0,183.0,1754.0,800.0
2018-02-23,2018,271848.0,494532.0,329688,221852.0,0.0,0.0,6.0,57.0,572.0,5895.0,59075.0,26258.0
2018-02-24,2018,224491.0,390325.5,260217,181682.0,0.0,0.0,5.0,48.0,481.0,4764.0,47170.0,22868.0
2018-02-25,2018,3281.0,9757.5,6505,4239.5,0.0,0.0,0.0,0.0,17.0,114.0,1223.0,589.0
2018-02-26,2018,4173.0,13242.0,8828,8181.0,0.0,0.0,1.0,3.0,17.0,181.0,1589.0,772.0
2018-02-27,2018,103063.0,188574.0,125716,85229.0,0.0,0.0,2.0,25.0,211.0,2229.0,22476.0,10608.0
2018-02-28,2018,133301.0,240382.5,160255,106267.5,0.0,0.0,1.0,42.0,311.0,2895.0,28746.0,11787.0
2018-03-01,2018,4483.0,15001.5,10001,6492.5,0.0,0.0,0.0,2.0,27.0,160.0,1783.0,791.0
2018-03-02,2018,144706.0,257137.5,171425,119394.0,0.0,0.0,4.0,40.0,303.0,3011.0,30539.0,14134.0
2018-03-03,2018,224225.0,389526.0,259684,173921.0,0.0,0.0,3.0,47.0,487.0,4751.0,46739.0,21032.0
2018-03-04,2018,3259.0,9933.0,6622,4216.5,0.0,0.0,0.0,1.0,11.0,113.0,1210.0,541.0
2018-03-05,2018,4239.0,13423.5,8949,5814.0,0.0,0.0,0.0,1.0,19.0,184.0,1596.0,748.0
2018-03-06,2018,103392.0,187498.5,124999,86535.5,0.0,0.0,3.0,24.0,202.0,2200.0,22448.0,10533.0
2018-03-07,2018,138287.0,247957.5,165305,125941.5,0.0,1.0,1.0,25.0,268.0,2938.0,29527.0,13225.0
2018-03-08,2018,4404.0,14299.5,9533,8090.5,0.0,0.0,1.0,2.0,21.0,166.0,1645.0,767.0
2018-03-09,2018,150586.0,266515.5,177677,117705.0,0.0,0.0,2.0,25.0,319.0,3164.0,31944.0,15078.0
2018-03-10,2018,229740.0,398682.0,265788,181804.0,0.0,0.0,5.0,49.0,467.0,4808.0,47908.0,21872.0
2018-03-11,2018,3285.0,9621.0,6414,4480.5,0.0,0.0,0.0,2.0,12.0,128.0,1220.0,507.0
2018-03-12,2018,4075.0,12784.5,8523,5398.5,0.0,0.0,0.0,1.0,13.0,155.0,1565.0,689.0
2018-03-13,2018,104496.0,190282.5,126855,86953.0,0.0,0.0,2.0,22.0,225.0,2211.0,22817.0,11576.0
2018-03-14,2018,118650.0,211591.5,141061,94658.5,0.0,0.0,2.0,21.0,237.0,2520.0,25377.0,12243.0
2018-03-15,2018,4253.0,13564.5,9043,5783.0,0.0,0.0,0.0,2.0,14.0,159.0,1641.0,684.0
2018-03-16,2018,138274.0,244065.0,162710,112902.0,0.0,0.0,3.0,29.0,321.0,3005.0,29240.0,14118.0
2018-03-17,2018,210593.0,363258.0,242172,165598.5,0.0,0.0,4.0,51.0,405.0,4305.0,43682.0,20273.0
2018-03-18,2018,3152.0,9286.5,6191,4197.0,0.0,0.0,0.0,2.0,13.0,109.0,1115.0,508.0
2018-03-19,2018,4031.0,12960.0,8640,6351.0,0.0,0.0,0.0,4.0,18.0,162.0,1574.0,822.0
2018-03-20,2018,92430.0,167850.0,111900,77635.5,0.0,0.0,3.0,20.0,193.0,2103.0,19869.0,9015.0
2018-03-21,2018,120867.0,216546.0,144364,97276.5,0.0,0.0,2.0,30.0,226.0,2601.0,26070.0,11741.0
2018-03-22,2018,4435.0,14874.0,9916,6588.0,0.0,0.0,0.0,3.0,14.0,176.0,1784.0,840.0
2018-03-23,2018,139993.0,249408.0,166272,115946.0,0.0,0.0,4.0,28.0,288.0,3009.0,29828.0,14590.0
2018-03-24,2018,206712.0,357516.0,238344,157697.5,0.0,0.0,3.0,46.0,438.0,4227.0,42235.0,18755.0
2018-03-25,2018,3147.0,9466.5,6311,4465.0,0.0,0.0,0.0,3.0,14.0,112.0,1121.0,522.0
2018-03-26,2018,4048.0,13072.5,8715,5357.0,0.0,0.0,0.0,0.0,13.0,163.0,1607.0,712.0
2018-03-27,2018,94633.0,172599.0,115066,92832.5,0.0,1.0,0.0,12.0,204.0,2084.0,20947.0,9359.0
2018-03-28,2018,116456.0,208456.5,138971,92085.5,0.0,0.0,0.0,28.0,250.0,2553.0,25286.0,12099.0
2018-03-29,2018,4440.0,14674.5,9783,6223.5,0.0,0.0,0.0,0.0,29.0,186.0,1741.0,821.0
2018-03-30,2018,144477.0,256587.0,171058,116367.5,0.0,0.0,2.0,31.0,319.0,3086.0,30649.0,15373.0
2018-03-31,2018,210690.0,364792.5,243195,184325.0,0.0,1.0,4.0,37.0,427.0,4450.0,44177.0,19854.0
2018-04-01,2018,3448.0,10510.5,7007,4441.0,0.0,0.0,0.0,0.0,16.0,138.0,1261.0,606.0
2018-04-02,2018,3913.0,12262.5,8175,5248.5,0.0,0.0,0.0,1.0,12.0,142.0,1543.0,675.0
2018-04-03,2018,95568.0,174876.0,116584,83146.0,0.0,0.0,4.0,19.0,212.0,2112.0,21340.0,9244.0
2018-04-04,2018,111188.0,199573.5,133049,89333.0,0.0,0.0,1.0,25.0,245.0,2381.0,24019.0,11660.0
2018-04-05,2018,4609.0,15442.5,10295,6122.5,0.0,0.0,0.0,0.0,15.0,159.0,1871.0,857.0
2018-04-06,2018,148070.0,264465.0,176310,117845.0,0.0,0.0,2.0,30.0,315.0,3174.0,31838.0,14666.0
2018-04-07,2018,203013.0,351031.5,234021,156058.0,0.0,0.0,4.0,36.0,435.0,4256.0,41810.0,18172.0
2018-04-08,2018,3274.0,9832.5,6555,6220.0,0.0,0.0,1.0,0.0,16.0,110.0,1219.0,608.0
2018-04-09,2018,4237.0,13305.0,8870,6050.0,0.0,0.0,0.0,2.0,14.0,172.0,1622.0,844.0
2018-04-10,2018,89365.0,162768.0,108512,75948.5,0.0,0.0,3.0,20.0,202.0,1950.0,19462.0,8823.0
2018-04-11,2018,114814.0,206206.5,137471,94915.0,0.0,0.0,3.0,29.0,230.0,2457.0,24775.0,11120.0
2018-04-12,2018,4385.0,14730.0,9820,6054.5,0.0,0.0,0.0,0.0,18.0,187.0,1776.0,805.0
2018-04-13,2018,273458.0,485923.5,323949,222195.5,0.0,0.0,5.0,67.0,610.0,5803.0,58079.0,27615.0
2018-04-14,2018,215363.0,374064.0,249376,172941.0,0.0,0.0,6.0,39.0,504.0,4529.0,45094.0,20152.0
2018-04-15,2018,3287.0,10023.0,6682,4357.0,0.0,0.0,0.0,1.0,11.0,125.0,1251.0,540.0
2018-04-16,2018,4020.0,12606.0,8404,5120.5,0.0,0.0,0.0,0.0,17.0,161.0,1462.0,701.0
2018-04-17,2018,91739.0,166482.0,110988,72431.0,0.0,0.0,1.0,17.0,177.0,1976.0,19754.0,9402.0
2018-04-18,2018,131125.0,236223.0,157482,102928.5,0.0,0.0,0.0,25.0,297.0,2877.0,28547.0,13673.0
2018-04-19,2018,4208.0,13902.0,9268,6118.5,0.0,0.0,0.0,2.0,10.0,161.0,1723.0,845.0
2018-04-20,2018,190501.0,341263.5,227509,156413.0,0.0,0.0,4.0,43.0,391.0,4155.0,40873.0,19648.0
2018-04-21,2018,218954.0,380773.5,253849,167961.5,0.0,0.0,3.0,42.0,453.0,4616.0,45581.0,20173.0
2018-04-22,2018,3288.0,10026.0,6684,4937.5,0.0,0.0,0.0,3.0,15.0,123.0,1286.0,567.0
2018-04-23,2018,4142.0,13470.0,8980,5681.5,0.0,0.0,0.0,2.0,20.0,142.0,1557.0,705.0
2018-04-24,2018,123573.0,226599.0,151066,102234.0,0.0,0.0,3.0,20.0,282.0,2627.0,27377.0,12470.0
2018-04-25,2018,137440.0,248031.0,165354,105056.5,0.0,0.0,0.0,28.0,319.0,2916.0,29883.0,12487.0
2018-04-26,2018,4650.0,15703.5,10469,6921.0,0.0,0.0,0.0,1.0,18.0,192.0,1961.0,986.0
2018-04-27,2018,142380.0,252847.5,168565,137681.5,0.0,1.0,4.0,30.0,330.0,3010.0,30122.0,14525.0
2018-04-28,2018,206799.0,358743.0,239162,162898.0,0.0,0.0,3.0,40.0,427.0,4289.0,43633.0,21098.0
2018-04-29,2018,3426.0,10815.0,7210,4419.0,0.0,0.0,0.0,1.0,11.0,142.0,1235.0,546.0
2018-04-30,2018,4739.0,15877.5,10585,8319.5,0.0,0.0,1.0,0.0,11.0,190.0,1902.0,897.0
2018-05-01,2018,84639.0,154894.5,103263,68388.5,0.0,0.0,0.0,17.0,193.0,1926.0,18682.0,9423.0
2018-05-02,2018,112615.0,202777.5,135185,100542.5,0.0,0.0,5.0,34.0,245.0,2417.0,24564.0,11753.0
2018-05-03,2018,4859.0,16503.0,11002,7088.5,0.0,0.0,0.0,2.0,22.0,212.0,1899.0,927.0
2018-05-04,2018,150503.0,267540.0,178360,121310.5,0.0,0.0,2.0,35.0,325.0,3206.0,32242.0,15531.0
2018-05-05,2018,211489.0,367290.0,244860,171229.5,0.0,0.0,6.0,54.0,447.0,4465.0,43748.0,19779.0
2018-05-06,2018,3443.0,10651.5,7101,4674.5,0.0,0.0,0.0,2.0,12.0,120.0,1238.0,639.0
2018-05-07,2018,4406.0,14959.5,9973,6599.5,0.0,0.0,0.0,2.0,16.0,198.0,1808.0,849.0
2018-05-08,2018,101418.0,185529.0,123686,114732.0,0.0,1.0,7.0,28.0,237.0,2183.0,22063.0,10234.0
2018-05-09,2018,119558.0,214788.0,143192,94248.5,0.0,0.0,2.0,22.0,250.0,2570.0,25423.0,11435.0
2018-05-10,2018,3890.0,12525.0,8350,5452.0,0.0,0.0,0.0,1.0,18.0,143.0,1598.0,654.0
2018-05-11,2018,128001.0,227974.5,151983,108227.0,0.0,0.0,5.0,25.0,292.0,2783.0,27265.0,12628.0
2018-05-12,2018,194006.0,337299.0,224866,153488.5,0.0,0.0,5.0,32.0,392.0,4215.0,39845.0,18989.0
2018-05-13,2018,3403.0,10611.0,7074,4659.0,0.0,0.0,0.0,2.0,14.0,136.0,1273.0,502.0
2018-05-14,2018,4334.0,14472.0,9648,6334.5,0.0,0.0,0.0,2.0,22.0,191.0,1678.0,789.0
2018-05-15,2018,92959.0,169167.0,112778,77646.5,0.0,0.0,3.0,17.0,211.0,2056.0,19818.0,9407.0
2018-05-16,2018,116116.0,208743.0,139162,97509.5,0.0,0.0,3.0,29.0,295.0,2521.0,24696.0,11875.0
2018-05-17,2018,4573.0,15645.0,10430,7312.0,0.0,0.0,0.0,5.0,14.0,194.0,1877.0,872.0
2018-05-18,2018,138227.0,245629.5,163753,1112595.0,1.0,0.0,4.0,24.0,278.0,2995.0,29397.0,13644.0
2018-05-19,2018,205873.0,354958.5,236639,163801.5,0.0,0.0,6.0,46.0,424.0,4286.0,42566.0,18373.0
2018-05-20,2018,3098.0,9078.0,6052,3486.0,0.0,0.0,0.0,0.0,7.0,103.0,1066.0,466.0
2018-05-21,2018,3234.0,9844.5,6563,4170.5,0.0,0.0,0.0,1.0,17.0,105.0,1186.0,489.0
2018-05-22,2018,86926.0,158331.0,105554,93887.5,0.0,1.0,3.0,19.0,206.0,1863.0,18934.0,8523.0
2018-05-23,2018,111419.0,199453.5,132969,89710.5,0.0,0.0,2.0,25.0,228.0,2349.0,24084.0,10825.0
2018-05-24,2018,4312.0,13896.0,9264,8032.0,0.0,0.0,1.0,1.0,25.0,156.0,1664.0,816.0
2018-05-25,2018,137378.0,242437.5,161625,105116.5,0.0,0.0,0.0,27.0,278.0,2791.0,29264.0,14449.0
2018-05-26,2018,207264.0,358791.0,239194,159686.0,0.0,0.0,2.0,48.0,440.0,4277.0,43288.0,19550.0
2018-05-27,2018,3090.0,9234.0,6156,3623.5,0.0,0.0,0.0,0.0,12.0,105.0,1070.0,479.0
2018-05-28,2018,3837.0,12222.0,8148,5756.5,0.0,0.0,0.0,3.0,16.0,150.0,1453.0,787.0
2018-05-29,2018,96095.0,174523.5,116349,80230.5,0.0,0.0,2.0,23.0,214.0,2096.0,21035.0,9867.0
2018-05-30,2018,125026.0,224433.0,149622,121755.0,0.0,1.0,3.0,22.0,287.0,2684.0,26850.0,12330.0
2018-05-31,2018,4203.0,14068.5,9379,5520.5,0.0,0.0,0.0,0.0,17.0,164.0,1647.0,711.0
2018-06-01,2018,144158.0,255997.5,170665,112454.0,0.0,0.0,2.0,20.0,285.0,3130.0,30713.0,14452.0
2018-06-02,2018,216899.0,377017.5,251345,170956.5,0.0,0.0,4.0,44.0,399.0,4449.0,44541.0,23233.0
2018-06-03,2018,3141.0,9492.0,6328,4108.5,0.0,0.0,0.0,1.0,13.0,117.0,1153.0,505.0
2018-06-04,2018,4097.0,13117.5,8745,5821.0,0.0,0.0,0.0,3.0,12.0,151.0,1531.0,776.0
2018-06-05,2018,89939.0,162993.0,108662,69770.0,0.0,0.0,0.0,19.0,185.0,1899.0,19666.0,8962.0
2018-06-06,2018,134187.0,241741.5,161161,108176.5,0.0,0.0,2.0,27.0,283.0,2950.0,28705.0,13971.0
2018-06-07,2018,4291.0,14212.5,9475,6544.5,0.0,0.0,0.0,4.0,14.0,177.0,1635.0,873.0
2018-06-08,2018,134074.0,236739.0,157826,107484.5,0.0,0.0,4.0,19.0,283.0,2827.0,28074.0,13161.0
2018-06-09,2018,208526.0,360862.5,240575,165379.5,0.0,0.0,6.0,41.0,439.0,4236.0,43320.0,19053.0
2018-06-10,2018,3201.0,9406.5,6271,4226.0,0.0,0.0,0.0,2.0,13.0,112.0,1101.0,536.0
2018-06-11,2018,3994.0,12855.0,8570,5175.5,0.0,0.0,0.0,0.0,16.0,143.0,1528.0,723.0
2018-06-12,2018,89754.0,162186.0,108124,74707.5,0.0,0.0,2.0,17.0,223.0,1936.0,19551.0,9377.0
2018-06-13,2018,123359.0,220905.0,147270,100557.0,0.0,0.0,3.0,35.0,263.0,2652.0,26264.0,11006.0
2018-06-14,2018,4226.0,13785.0,9190,6454.5,0.0,0.0,0.0,4.0,15.0,187.0,1654.0,741.0
2018-06-15,2018,132126.0,233098.5,155399,104523.5,0.0,0.0,1.0,33.0,295.0,2851.0,28294.0,12787.0
2018-06-16,2018,215568.0,373347.0,248898,162555.0,0.0,0.0,1.0,48.0,454.0,4366.0,44904.0,20158.0
2018-06-17,2018,3166.0,9126.0,6084,3739.5,0.0,0.0,0.0,1.0,3.0,116.0,1086.0,485.0
2018-06-18,2018,3890.0,12147.0,8098,4969.5,0.0,0.0,0.0,0.0,7.0,152.0,1521.0,685.0
2018-06-19,2018,92410.0,166866.0,111244,75874.0,0.0,0.0,2.0,21.0,199.0,1999.0,20044.0,9074.0
2018-06-20,2018,127106.0,227092.5,151395,105720.5,0.0,0.0,3.0,38.0,282.0,2762.0,27630.0,11607.0
2018-06-21,2018,4211.0,13951.5,9301,8183.5,0.0,0.0,1.0,2.0,15.0,187.0,1630.0,859.0
2018-06-22,2018,130182.0,230340.0,153560,128999.5,0.0,1.0,6.0,23.0,263.0,2619.0,27447.0,12767.0
2018-06-23,2018,214857.0,372654.0,248436,172682.0,0.0,0.0,7.0,39.0,458.0,4403.0,45032.0,19762.0
2018-06-24,2018,3166.0,9690.0,6460,4195.0,0.0,0.0,0.0,1.0,10.0,128.0,1159.0,558.0
2018-06-25,2018,3873.0,12544.5,8363,4831.0,0.0,0.0,0.0,0.0,8.0,134.0,1477.0,698.0
2018-06-26,2018,88917.0,161185.5,107457,79487.0,0.0,0.0,4.0,27.0,198.0,1934.0,19345.0,9178.0
2018-06-27,2018,118453.0,213213.0,142142,99500.5,0.0,0.0,3.0,25.0,239.0,2553.0,25490.0,13317.0
2018-06-28,2018,4217.0,14076.0,9384,5729.5,0.0,0.0,0.0,0.0,23.0,156.0,1683.0,749.0
2018-06-29,2018,132652.0,235045.5,156697,102341.5,0.0,0.0,0.0,25.0,290.0,2832.0,28127.0,14085.0
2018-06-30,2018,205874.0,357160.5,238107,167400.5,0.0,0.0,7.0,34.0,428.0,4343.0,42685.0,20637.0
2018-07-01,2018,3141.0,9478.5,6319,3970.0,0.0,0.0,0.0,1.0,11.0,107.0,1110.0,530.0
2018-07-02,2018,4033.0,13116.0,8744,5619.5,0.0,0.0,0.0,2.0,19.0,171.0,1495.0,663.0
2018-07-03,2018,90723.0,163831.5,109221,73462.0,0.0,0.0,2.0,16.0,166.0,1934.0,19640.0,9328.0
2018-07-04,2018,118009.0,211603.5,141069,94991.0,0.0,0.0,3.0,25.0,241.0,2502.0,25259.0,10762.0
2018-07-05,2018,4166.0,13578.0,9052,5983.0,0.0,0.0,0.0,1.0,19.0,209.0,1600.0,772.0
2018-07-06,2018,137766.0,244740.0,163160,106644.5,0.0,0.0,1.0,25.0,327.0,2870.0,29301.0,13435.0
2018-07-07,2018,203308.0,352561.5,235041,177191.5,0.0,1.0,4.0,34.0,396.0,4256.0,42186.0,19213.0
2018-07-08,2018,3140.0,9468.0,6312,4217.0,0.0,0.0,0.0,1.0,13.0,111.0,1175.0,568.0
2018-07-09,2018,3834.0,12321.0,8214,5089.5,0.0,0.0,0.0,0.0,19.0,167.0,1446.0,655.0
2018-07-10,2018,95935.0,174259.5,116173,75751.5,0.0,0.0,1.0,19.0,179.0,2119.0,20899.0,9319.0
2018-07-11,2018,112031.0,200656.5,133771,94420.5,0.0,0.0,4.0,24.0,237.0,2354.0,24267.0,11051.0
2018-07-12,2018,5681.0,19612.5,13075,29281.0,0.0,1.0,0.0,6.0,18.0,250.0,2412.0,1098.0
2018-07-13,2018,252972.0,468757.5,312505,216535.0,0.0,0.0,8.0,55.0,531.0,5535.0,56177.0,25924.0
2018-07-14,2018,207320.0,368895.0,245930,169568.5,0.0,0.0,2.0,54.0,466.0,4515.0,44243.0,22925.0
2018-07-15,2018,3314.0,10278.0,6852,4245.0,0.0,0.0,0.0,1.0,13.0,124.0,1146.0,582.0
2018-07-16,2018,5499.0,18861.0,12574,8679.0,0.0,0.0,0.0,4.0,27.0,220.0,2338.0,1042.0
2018-07-17,2018,86027.0,161340.0,107560,87640.5,0.0,1.0,0.0,13.0,187.0,1903.0,19118.0,9033.0
2018-07-18,2018,112587.0,206646.0,137764,92286.0,0.0,0.0,2.0,27.0,254.0,2451.0,24836.0,10586.0
2018-07-19,2018,7304.0,26067.0,17378,11063.0,0.0,0.0,0.0,3.0,37.0,301.0,3023.0,1448.0
2018-07-20,2018,128808.0,235774.5,157183,111227.5,0.0,0.0,5.0,25.0,302.0,2836.0,28061.0,13257.0
2018-07-21,2018,178414.0,310284.0,206856,138179.0,0.0,0.0,1.0,44.0,381.0,3789.0,37231.0,17568.0
2018-07-22,2018,3060.0,9303.0,6202,3654.0,0.0,0.0,0.0,0.0,8.0,93.0,1135.0,506.0
2018-07-23,2018,4664.0,15556.5,10371,6697.0,0.0,0.0,0.0,2.0,24.0,189.0,1851.0,780.0
2018-07-24,2018,82626.0,153865.5,102577,67805.0,0.0,0.0,1.0,16.0,195.0,1816.0,18394.0,8558.0
2018-07-25,2018,111809.0,202752.0,135168,90879.0,0.0,0.0,2.0,22.0,254.0,2452.0,24147.0,11230.0
2018-07-26,2018,5191.0,18235.5,12157,7886.5,0.0,0.0,0.0,3.0,20.0,227.0,2161.0,953.0
2018-07-27,2018,122774.0,222487.5,148325,102292.0,0.0,0.0,3.0,21.0,306.0,2601.0,26720.0,13018.0
2018-07-28,2018,189073.0,330936.0,220624,165805.5,0.0,1.0,1.0,42.0,402.0,4007.0,39656.0,18679.0
2018-07-29,2018,3243.0,9697.5,6465,5778.0,0.0,0.0,1.0,0.0,9.0,99.0,1142.0,546.0
2018-07-30,2018,4475.0,14761.5,9841,6752.0,0.0,0.0,0.0,4.0,12.0,191.0,1786.0,790.0
2018-07-31,2018,90513.0,167452.5,111635,94203.5,0.0,1.0,1.0,17.0,196.0,2023.0,20293.0,9455.0
2018-08-01,2018,112679.0,204367.5,136245,91726.0,0.0,0.0,1.0,29.0,262.0,2338.0,24624.0,11832.0
2018-08-02,2018,5109.0,17745.0,11830,8056.5,0.0,0.0,0.0,4.0,21.0,217.0,2089.0,1049.0
2018-08-03,2018,133831.0,241339.5,160893,104760.0,0.0,0.0,2.0,17.0,302.0,2921.0,28840.0,12690.0
2018-08-04,2018,192879.0,336894.0,224596,153816.0,0.0,0.0,4.0,45.0,404.0,4069.0,40031.0,18886.0
2018-08-05,2018,3290.0,9802.5,6535,4181.0,0.0,0.0,0.0,2.0,13.0,100.0,1116.0,526.0
2018-08-06,2018,4541.0,14902.5,9935,6850.0,0.0,0.0,0.0,3.0,24.0,199.0,1747.0,854.0
2018-08-07,2018,94596.0,174798.0,116532,75137.5,0.0,0.0,1.0,14.0,200.0,2076.0,20655.0,9765.0
2018-08-08,2018,112277.0,202978.5,135319,95734.0,0.0,0.0,4.0,29.0,236.0,2453.0,24577.0,10530.0
2018-08-09,2018,4958.0,17047.5,11365,7074.5,0.0,0.0,0.0,2.0,22.0,191.0,1934.0,941.0
2018-08-10,2018,135970.0,245101.5,163401,110415.5,0.0,0.0,2.0,32.0,296.0,2941.0,29379.0,13755.0
2018-08-11,2018,199865.0,348003.0,232002,147914.5,0.0,0.0,1.0,39.0,430.0,4217.0,41596.0,16825.0
2018-08-12,2018,3182.0,9504.0,6336,4325.5,0.0,0.0,0.0,3.0,8.0,114.0,1134.0,485.0
2018-08-13,2018,4310.0,14181.0,9454,8267.0,0.0,0.0,1.0,1.0,25.0,173.0,1733.0,824.0
2018-08-14,2018,110902.0,203740.5,135827,95493.0,0.0,0.0,4.0,25.0,243.0,2430.0,24364.0,11170.0
2018-08-15,2018,103601.0,184950.0,123300,109088.5,0.0,1.0,4.0,20.0,226.0,2187.0,21837.0,11973.0
2018-08-16,2018,4528.0,15390.0,10260,6431.0,0.0,0.0,0.0,1.0,22.0,149.0,1803.0,960.0
2018-08-17,2018,146874.0,265147.5,176765,125433.0,0.0,0.0,5.0,31.0,345.0,3071.0,32212.0,15036.0
2018-08-18,2018,196693.0,340923.0,227282,151209.5,0.0,0.0,2.0,35.0,384.0,4194.0,41073.0,19609.0
2018-08-19,2018,3125.0,9535.5,6357,3774.5,0.0,0.0,0.0,0.0,10.0,121.0,1109.0,501.0
2018-08-20,2018,4048.0,13162.5,8775,5923.0,0.0,0.0,0.0,3.0,17.0,156.0,1521.0,774.0
2018-08-21,2018,111813.0,206845.5,137897,90926.0,0.0,0.0,2.0,16.0,261.0,2584.0,24660.0,10844.0
2018-08-22,2018,115847.0,209202.0,139468,90407.5,0.0,0.0,1.0,21.0,254.0,2532.0,24797.0,11249.0
2018-08-23,2018,4753.0,16645.5,11097,7143.5,0.0,0.0,0.0,0.0,24.0,226.0,2085.0,909.0
2018-08-24,2018,128690.0,229447.5,152965,103328.5,0.0,0.0,2.0,32.0,272.0,2774.0,27492.0,12423.0
2018-08-25,2018,196533.0,341755.5,227837,160610.5,0.0,0.0,7.0,31.0,410.0,4127.0,41075.0,19617.0
2018-08-26,2018,3291.0,10227.0,6818,4150.0,0.0,0.0,0.0,0.0,9.0,127.0,1210.0,610.0
2018-08-27,2018,4360.0,14343.0,9562,6256.5,0.0,0.0,0.0,3.0,14.0,151.0,1731.0,773.0
2018-08-28,2018,89433.0,164398.5,109599,69693.5,0.0,0.0,0.0,18.0,188.0,2020.0,19453.0,8885.0
2018-08-29,2018,115990.0,210160.5,140107,93049.5,0.0,0.0,1.0,26.0,235.0,2479.0,25348.0,12039.0
2018-08-30,2018,4917.0,17331.0,11554,9117.5,0.0,0.0,1.0,0.0,19.0,209.0,2028.0,1091.0
2018-08-31,2018,134356.0,240336.0,160224,130460.5,0.0,1.0,4.0,25.0,278.0,2893.0,28775.0,13257.0
2018-09-01,2018,200983.0,349282.5,232855,175123.5,0.0,1.0,2.0,36.0,414.0,4315.0,42074.0,19947.0
2018-09-02,2018,3376.0,10485.0,6990,4578.0,0.0,0.0,0.0,1.0,16.0,136.0,1251.0,584.0
2018-09-03,2018,4471.0,14346.0,9564,5605.5,0.0,0.0,0.0,0.0,17.0,169.0,1656.0,739.0
2018-09-04,2018,96808.0,176896.5,117931,78637.0,0.0,0.0,2.0,13.0,214.0,2118.0,21187.0,9862.0
2018-09-05,2018,117604.0,211855.5,141237,118605.5,0.0,1.0,5.0,21.0,272.0,2507.0,25470.0,10327.0
2018-09-06,2018,4637.0,16044.0,10696,6744.0,0.0,0.0,0.0,1.0,22.0,206.0,1856.0,908.0
2018-09-07,2018,131728.0,233746.5,155831,102690.0,0.0,0.0,1.0,28.0,277.0,2777.0,27940.0,13190.0
2018-09-08,2018,207668.0,361197.0,240798,158027.5,0.0,0.0,2.0,49.0,423.0,4324.0,43009.0,18753.0
2018-09-09,2018,3361.0,10509.0,7006,4734.0,0.0,0.0,0.0,2.0,13.0,131.0,1222.0,650.0
2018-09-10,2018,4220.0,13935.0,9290,1006372.5,1.0,0.0,0.0,2.0,22.0,203.0,1658.0,801.0
2018-09-11,2018,91309.0,165226.5,110151,78360.0,0.0,0.0,2.0,24.0,228.0,1953.0,19981.0,10182.0
2018-09-12,2018,112036.0,200328.0,133552,88905.5,0.0,0.0,1.0,27.0,242.0,2331.0,24214.0,11055.0
2018-09-13,2018,4335.0,14212.5,9475,6110.0,0.0,0.0,0.0,3.0,12.0,160.0,1701.0,712.0
2018-09-14,2018,150008.0,264648.0,176432,120601.0,0.0,0.0,3.0,38.0,299.0,3223.0,31743.0,14280.0
2018-09-15,2018,198082.0,341508.0,227672,173169.5,0.0,1.0,5.0,41.0,404.0,4099.0,40934.0,16351.0
2018-09-16,2018,3089.0,9174.0,6116,3975.5,0.0,0.0,0.0,1.0,9.0,114.0,1101.0,549.0
2018-09-17,2018,3824.0,11887.5,7925,5056.0,0.0,0.0,0.0,1.0,11.0,140.0,1464.0,672.0
2018-09-18,2018,96805.0,175374.0,116916,81516.5,0.0,0.0,3.0,18.0,200.0,2125.0,21274.0,9829.0
2018-09-19,2018,111944.0,199800.0,133200,89954.5,0.0,0.0,3.0,13.0,257.0,2438.0,23889.0,10831.0
2018-09-20,2018,3997.0,12360.0,8240,5211.5,0.0,0.0,0.0,1.0,14.0,142.0,1512.0,665.0
2018-09-21,2018,236024.0,425952.0,283968,201301.5,0.0,0.0,7.0,58.0,529.0,5161.0,50789.0,25159.0
2018-09-22,2018,198612.0,343708.5,229139,159821.5,0.0,0.0,6.0,41.0,400.0,4188.0,41279.0,18749.0
2018-09-23,2018,3063.0,9327.0,6218,4022.5,0.0,0.0,0.0,0.0,11.0,140.0,1174.0,503.0
2018-09-24,2018,3899.0,12499.5,8333,5457.0,0.0,0.0,0.0,1.0,15.0,163.0,1543.0,704.0
2018-09-25,2018,143052.0,262590.0,175060,112558.5,0.0,0.0,1.0,21.0,301.0,3129.0,31246.0,14801.0
2018-09-26,2018,113042.0,202053.0,134702,90554.5,0.0,0.0,2.0,32.0,227.0,2494.0,24223.0,9799.0
2018-09-27,2018,4049.0,13282.5,8855,5686.0,0.0,0.0,0.0,2.0,15.0,142.0,1610.0,704.0
2018-09-28,2018,199370.0,359653.5,239769,161045.5,0.0,0.0,4.0,33.0,453.0,4166.0,43313.0,19953.0
2018-09-29,2018,198712.0,343255.5,228837,198455.0,0.0,2.0,5.0,34.0,421.0,4104.0,41302.0,20074.0
2018-09-30,2018,3091.0,9330.0,6220,3642.0,0.0,0.0,0.0,0.0,5.0,116.0,1103.0,504.0
2018-10-01,2018,4109.0,13159.5,8773,5109.5,0.0,0.0,0.0,0.0,8.0,150.0,1568.0,709.0
2018-10-02,2018,156001.0,287206.5,191471,130335.5,0.0,0.0,3.0,33.0,330.0,3428.0,34865.0,16177.0
2018-10-03,2018,119944.0,214572.0,143048,97295.0,0.0,0.0,2.0,29.0,253.0,2431.0,25618.0,12696.0
2018-10-04,2018,4363.0,14184.0,9456,5780.0,0.0,0.0,0.0,0.0,15.0,167.0,1706.0,822.0
2018-10-05,2018,145046.0,256750.5,171167,122299.5,0.0,0.0,6.0,31.0,294.0,3077.0,30522.0,14527.0
2018-10-06,2018,207871.0,359137.5,239425,163264.0,0.0,0.0,4.0,40.0,415.0,4264.0,43210.0,20816.0
2018-10-07,2018,3210.0,9619.5,6413,4069.5,0.0,0.0,0.0,1.0,14.0,111.0,1113.0,539.0
2018-10-08,2018,3990.0,12544.5,8363,5018.5,0.0,0.0,0.0,1.0,9.0,125.0,1508.0,665.0
2018-10-09,2018,96675.0,175207.5,116805,82262.5,0.0,0.0,3.0,21.0,247.0,2106.0,20923.0,9831.0
2018-10-10,2018,121091.0,216426.0,144284,101146.0,0.0,0.0,4.0,18.0,278.0,2637.0,26132.0,12358.0
2018-10-11,2018,4249.0,14022.0,9348,5994.0,0.0,0.0,0.0,1.0,18.0,172.0,1621.0,888.0
2018-10-12,2018,141061.0,249103.5,166069,119402.0,0.0,0.0,6.0,37.0,305.0,3020.0,29738.0,12884.0
2018-10-13,2018,213375.0,369832.5,246555,168465.0,0.0,0.0,5.0,52.0,433.0,4500.0,44045.0,19210.0
2018-10-14,2018,3076.0,9574.5,6383,5932.5,0.0,0.0,1.0,0.0,11.0,107.0,1189.0,533.0
2018-10-15,2018,3776.0,11923.5,7949,4749.5,0.0,0.0,0.0,0.0,16.0,152.0,1372.0,617.0
2018-10-16,2018,99800.0,180382.5,120255,106541.5,0.0,1.0,3.0,33.0,218.0,2119.0,21928.0,10087.0
2018-10-17,2018,124057.0,221881.5,147921,100479.0,0.0,0.0,4.0,17.0,245.0,2579.0,26180.0,12616.0
2018-10-18,2018,4011.0,13008.0,8672,5471.0,0.0,0.0,0.0,2.0,16.0,153.0,1492.0,668.0
2018-10-19,2018,145214.0,256275.0,170850,111671.5,0.0,0.0,0.0,35.0,279.0,3018.0,30939.0,14749.0
2018-10-20,2018,210318.0,364882.5,243255,190353.0,0.0,1.0,6.0,47.0,426.0,4453.0,43727.0,20476.0
2018-10-21,2018,3116.0,9460.5,6307,3911.5,0.0,0.0,0.0,1.0,11.0,96.0,1127.0,505.0
2018-10-22,2018,3923.0,12888.0,8592,5365.5,0.0,0.0,0.0,1.0,11.0,155.0,1570.0,687.0
2018-10-23,2018,102431.0,186369.0,124246,81953.0,0.0,0.0,0.0,26.0,245.0,2241.0,22494.0,10440.0
2018-10-24,2018,112925.0,202098.0,134732,116061.5,0.0,1.0,3.0,31.0,253.0,2501.0,24329.0,11759.0
2018-10-25,2018,4197.0,14014.5,9343,5572.0,0.0,0.0,0.0,0.0,12.0,163.0,1720.0,718.0
2018-10-26,2018,148318.0,262612.5,175075,119224.5,0.0,0.0,3.0,38.0,328.0,3129.0,31563.0,13529.0
2018-10-27,2018,201358.0,347521.5,231681,155834.5,0.0,0.0,3.0,41.0,388.0,4170.0,41774.0,19651.0
2018-10-28,2018,3054.0,9312.0,6208,4522.5,0.0,0.0,0.0,4.0,8.0,105.0,1158.0,481.0
2018-10-29,2018,3791.0,12387.0,8258,5841.5,0.0,0.0,0.0,4.0,16.0,133.0,1447.0,775.0
2018-10-30,2018,104849.0,191821.5,127881,89425.0,0.0,0.0,4.0,17.0,235.0,2335.0,23037.0,10384.0
2018-10-31,2018,118664.0,213153.0,142102,93640.0,0.0,0.0,1.0,22.0,267.0,2542.0,25307.0,12384.0
2018-11-01,2018,3537.0,11308.5,7539,4571.0,0.0,0.0,0.0,0.0,14.0,153.0,1298.0,620.0
2018-11-02,2018,144312.0,258885.0,172590,121840.5,0.0,0.0,6.0,26.0,305.0,3129.0,31385.0,13417.0
2018-11-03,2018,193181.0,335122.5,223415,150392.5,0.0,0.0,4.0,41.0,399.0,3871.0,40504.0,17233.0
2018-11-04,2018,3174.0,9405.0,6270,4211.5,0.0,0.0,0.0,1.0,15.0,134.0,1130.0,521.0
2018-11-05,2018,4290.0,14148.0,9432,5626.5,0.0,0.0,0.0,0.0,15.0,189.0,1641.0,733.0
2018-11-06,2018,96198.0,173923.5,115949,79241.0,0.0,0.0,3.0,11.0,224.0,2047.0,21068.0,9460.0
2018-11-07,2018,119069.0,212632.5,141755,95461.0,0.0,0.0,1.0,25.0,247.0,2518.0,25432.0,13378.0
2018-11-08,2018,4365.0,14796.0,9864,6254.5,0.0,0.0,0.0,1.0,15.0,181.0,1779.0,861.0
2018-11-09,2018,143647.0,254269.5,169513,712158.5,1.0,0.0,2.0,22.0,309.0,3077.0,30491.0,14141.0
2018-11-10,2018,207498.0,358045.5,238697,161721.0,0.0,0.0,4.0,41.0,442.0,4377.0,43403.0,18660.0
2018-11-11,2018,3030.0,9094.5,6063,4109.5,0.0,0.0,0.0,3.0,7.0,100.0,1071.0,485.0
2018-11-12,2018,3783.0,11946.0,7964,5413.5,0.0,0.0,0.0,3.0,13.0,144.0,1427.0,653.0
2018-11-13,2018,98284.0,178069.5,118713,79529.5,0.0,0.0,2.0,13.0,232.0,2134.0,21255.0,10073.0
2018-11-14,2018,122264.0,217492.5,144995,100270.0,0.0,0.0,4.0,23.0,248.0,2542.0,26273.0,11636.0
2018-11-15,2018,3991.0,12781.5,8521,5210.5,0.0,0.0,0.0,0.0,16.0,149.0,1490.0,777.0
2018-11-16,2018,142683.0,252987.0,168658,107689.0,0.0,0.0,0.0,27.0,279.0,2943.0,30440.0,14076.0
2018-11-17,2018,197540.0,340456.5,226971,154528.5,0.0,0.0,5.0,44.0,386.0,4031.0,40597.0,17773.0
2018-11-18,2018,2897.0,8643.0,5762,3737.0,0.0,0.0,0.0,1.0,16.0,110.0,1008.0,434.0
2018-11-19,2018,3667.0,11622.0,7748,5111.0,0.0,0.0,0.0,2.0,11.0,131.0,1402.0,688.0
2018-11-20,2018,89957.0,162310.5,108207,75853.5,0.0,0.0,2.0,19.0,219.0,2025.0,19776.0,9331.0
2018-11-21,2018,112242.0,199758.0,133172,86454.5,0.0,0.0,1.0,20.0,242.0,2481.0,24191.0,9885.0
2018-11-22,2018,3931.0,12595.5,8397,5127.0,0.0,0.0,0.0,0.0,13.0,148.0,1537.0,702.0
2018-11-23,2018,140311.0,248793.0,165862,119049.5,0.0,0.0,4.0,45.0,300.0,3059.0,29572.0,14407.0
2018-11-24,2018,201303.0,347200.5,231467,160645.0,0.0,0.0,6.0,39.0,392.0,4065.0,41646.0,19592.0
2018-11-25,2018,3016.0,8992.5,5995,3552.0,0.0,0.0,0.0,0.0,10.0,102.0,1073.0,464.0
2018-11-26,2018,8932.0,26328.0,17552,15082.5,0.0,0.0,2.0,1.0,37.0,280.0,3253.0,1491.0
2018-11-27,2018,124983.0,228619.5,152413,103925.0,0.0,0.0,3.0,23.0,271.0,2756.0,27587.0,12634.0
2018-11-28,2018,119442.0,213201.0,142134,91123.5,0.0,0.0,0.0,25.0,274.0,2488.0,25278.0,11765.0
2018-11-29,2018,4158.0,13476.0,8984,5676.5,0.0,0.0,0.0,2.0,11.0,137.0,1633.0,737.0
2018-11-30,2018,177496.0,316630.5,211087,142651.5,0.0,0.0,2.0,38.0,405.0,3819.0,37748.0,18907.0
2018-12-01,2018,202161.0,349204.5,232803,160919.0,0.0,0.0,5.0,46.0,414.0,4223.0,42029.0,18844.0
2018-12-02,2018,3162.0,9483.0,6322,4278.0,0.0,0.0,0.0,3.0,8.0,104.0,1121.0,504.0
2018-12-03,2018,4283.0,13840.5,9227,6363.0,0.0,0.0,0.0,4.0,17.0,167.0,1633.0,748.0
2018-12-04,2018,109906.0,199678.5,133119,127816.5,0.0,2.0,1.0,20.0,272.0,2454.0,24068.0,10647.0
2018-12-05,2018,117042.0,208662.0,139108,94377.5,0.0,0.0,2.0,28.0,237.0,2538.0,25078.0,11461.0
2018-12-06,2018,4415.0,14631.0,9754,6790.5,0.0,0.0,0.0,4.0,21.0,172.0,1741.0,819.0
2018-12-07,2018,154619.0,273903.0,182602,128516.5,0.0,0.0,6.0,29.0,319.0,3357.0,32726.0,14733.0
2018-12-08,2018,204215.0,352431.0,234954,151753.5,0.0,0.0,1.0,47.0,443.0,4216.0,42309.0,17197.0
2018-12-09,2018,3140.0,9286.5,6191,4373.5,0.0,0.0,0.0,3.0,18.0,96.0,1094.0,497.0
2018-12-10,2018,4032.0,13134.0,8756,5043.0,0.0,0.0,0.0,0.0,9.0,159.0,1521.0,684.0
2018-12-11,2018,111200.0,202753.5,135169,90505.0,0.0,0.0,1.0,27.0,235.0,2440.0,24620.0,11310.0
2018-12-12,2018,114004.0,203430.0,135620,94519.5,0.0,0.0,4.0,21.0,259.0,2436.0,24505.0,10633.0
2018-12-13,2018,4213.0,13573.5,9049,6218.0,0.0,0.0,0.0,3.0,14.0,176.0,1659.0,760.0
2018-12-14,2018,157038.0,279835.5,186557,124519.0,0.0,0.0,3.0,23.0,326.0,3350.0,33917.0,15210.0
2018-12-15,2018,201448.0,347772.0,231848,187042.5,0.0,1.0,7.0,48.0,409.0,4158.0,41976.0,20347.0
2018-12-16,2018,3109.0,9384.0,6256,3844.5,0.0,0.0,0.0,1.0,4.0,109.0,1119.0,521.0
2018-12-17,2018,4039.0,12771.0,8514,5291.5,0.0,0.0,0.0,1.0,10.0,157.0,1496.0,743.0
2018-12-18,2018,118324.0,216667.5,144445,103470.5,0.0,0.0,5.0,24.0,279.0,2676.0,26168.0,11583.0
2018-12-19,2018,120065.0,214008.0,142672,95781.0,0.0,0.0,3.0,19.0,252.0,2517.0,25589.0,11452.0
2018-12-20,2018,4183.0,14110.5,9407,6309.0,0.0,0.0,0.0,3.0,14.0,169.0,1692.0,800.0
2018-12-21,2018,178386.0,322606.5,215071,150843.5,0.0,0.0,5.0,44.0,391.0,4008.0,38660.0,17909.0
2018-12-22,2018,212132.0,367768.5,245179,161215.5,0.0,0.0,3.0,43.0,433.0,4453.0,44304.0,18055.0
2018-12-23,2018,3382.0,10552.5,7035,4627.0,0.0,0.0,0.0,1.0,14.0,134.0,1290.0,598.0
2018-12-24,2018,149423.0,273549.0,182366,128410.5,0.0,0.0,5.0,27.0,352.0,3390.0,32925.0,15447.0
2018-12-25,2018,123808.0,228022.5,152015,98395.0,0.0,0.0,1.0,24.0,275.0,2794.0,26998.0,12086.0
2018-12-26,2018,122049.0,221376.0,147584,108833.0,0.0,0.0,6.0,32.0,243.0,2666.0,26418.0,12938.0
2018-12-27,2018,4687.0,16321.5,10881,10810.0,0.0,0.0,2.0,1.0,18.0,194.0,1953.0,916.0
2018-12-28,2018,182699.0,332305.5,221537,158235.0,0.0,0.0,7.0,46.0,408.0,3995.0,40103.0,17796.0
2018-12-29,2018,216643.0,377767.5,251845,168202.5,0.0,0.0,2.0,45.0,461.0,4486.0,45268.0,22011.0
2018-12-30,2018,3657.0,11562.0,7708,4814.5,0.0,0.0,0.0,1.0,9.0,136.0,1404.0,631.0
2018-12-31,2018,187239.0,345697.5,230465,152803.5,0.0,0.0,2.0,44.0,400.0,4166.0,41459.0,18837.0
2019-01-01,2019,143095.0,264573.0,176382,727444.5,1.0,0.0,6.0,31.0,332.0,3235.0,31871.0,15125.0
2019-01-02,2019,147118.0,268984.5,179323,147921.5,0.0,1.0,5.0,40.0,340.0,3153.0,31787.0,15855.0
2019-01-03,2019,4556.0,14895.0,9930,6793.0,0.0,0.0,0.0,3.0,19.0,170.0,1781.0,934.0
2019-01-04,2019,138246.0,244882.5,163255,114307.5,0.0,0.0,4.0,32.0,282.0,2988.0,29844.0,13093.0
2019-01-05,2019,200938.0,347989.5,231993,155921.5,0.0,0.0,3.0,42.0,413.0,4267.0,41744.0,18959.0
2019-01-06,2019,3216.0,9531.0,6354,3999.0,0.0,0.0,0.0,1.0,6.0,120.0,1157.0,510.0
2019-01-07,2019,4320.0,13605.0,9070,5778.5,0.0,0.0,0.0,2.0,16.0,161.0,1589.0,717.0
2019-01-08,2019,100174.0,182034.0,121356,86541.0,0.0,0.0,4.0,16.0,233.0,2218.0,22009.0,10382.0
2019-01-09,2019,115764.0,206638.5,137759,91737.0,0.0,0.0,2.0,25.0,238.0,2459.0,25059.0,10376.0
2019-01-10,2019,4295.0,13774.5,9183,7858.0,0.0,0.0,1.0,1.0,15.0,176.0,1648.0,788.0
2019-01-11,2019,142733.0,252558.0,168372,112349.5,0.0,0.0,1.0,34.0,313.0,3065.0,30417.0,14087.0
2019-01-12,2019,201864.0,348393.0,232262,158170.5,0.0,0.0,4.0,44.0,402.0,4152.0,42255.0,18707.0
2019-01-13,2019,3213.0,9577.5,6385,4605.0,0.0,0.0,0.0,4.0,6.0,119.0,1137.0,544.0
2019-01-14,2019,3964.0,12648.0,8432,5029.0,0.0,0.0,0.0,0.0,17.0,145.0,1502.0,640.0
2019-01-15,2019,100328.0,181866.0,121244,87377.0,0.0,0.0,4.0,26.0,222.0,2186.0,22064.0,9786.0
2019-01-16,2019,115757.0,206002.5,137335,118289.0,0.0,1.0,5.0,17.0,274.0,2488.0,24666.0,11758.0
2019-01-17,2019,4030.0,13420.5,8947,5779.5,0.0,0.0,0.0,2.0,10.0,169.0,1604.0,751.0
2019-01-18,2019,143206.0,253741.5,169161,116282.0,0.0,0.0,3.0,30.0,310.0,3108.0,30501.0,14360.0
2019-01-19,2019,202706.0,349117.5,232745,161443.0,0.0,0.0,4.0,53.0,387.0,4204.0,41983.0,20078.0
2019-01-20,2019,3065.0,8980.5,5987,3478.5,0.0,0.0,0.0,0.0,8.0,107.0,1058.0,445.0
2019-01-21,2019,3979.0,12754.5,8503,5316.5,0.0,0.0,0.0,0.0,14.0,156.0,1565.0,751.0
2019-01-22,2019,99116.0,180580.5,120387,80817.0,0.0,0.0,1.0,24.0,211.0,2233.0,21657.0,10212.0
2019-01-23,2019,108219.0,193443.0,128962,85691.5,0.0,0.0,0.0,23.0,256.0,2368.0,23497.0,11425.0
2019-01-24,2019,4233.0,13845.0,9230,6165.0,0.0,0.0,0.0,3.0,16.0,149.0,1698.0,736.0
2019-01-25,2019,152733.0,272439.0,181626,142793.0,0.0,1.0,2.0,44.0,333.0,3305.0,32340.0,14752.0
2019-01-26,2019,199965.0,345231.0,230154,172456.5,0.0,1.0,2.0,34.0,394.0,4100.0,41246.0,20523.0
2019-01-27,2019,3188.0,9666.0,6444,4369.0,0.0,0.0,0.0,1.0,18.0,122.0,1196.0,538.0
2019-01-28,2019,3921.0,12811.5,8541,5304.5,0.0,0.0,0.0,0.0,12.0,135.0,1618.0,769.0
2019-01-29,2019,108830.0,199005.0,132670,84824.0,0.0,0.0,1.0,17.0,209.0,2318.0,23448.0,11172.0
2019-01-30,2019,109846.0,196692.0,131128,86966.0,0.0,0.0,2.0,17.0,221.0,2259.0,23692.0,10978.0
2019-01-31,2019,4209.0,13524.0,9016,6546.5,0.0,0.0,0.0,4.0,30.0,167.0,1573.0,777.0
2019-02-01,2019,230976.0,419658.0,279772,195289.0,0.0,0.0,6.0,45.0,514.0,5050.0,50586.0,25058.0
2019-02-02,2019,202297.0,350280.0,233520,178670.0,0.0,1.0,4.0,42.0,401.0,4323.0,42447.0,18494.0
2019-02-03,2019,3194.0,9856.5,6571,6709.0,0.0,0.0,1.0,3.0,13.0,120.0,1191.0,578.0
2019-02-04,2019,4312.0,13912.5,9275,6132.5,0.0,0.0,0.0,2.0,19.0,188.0,1625.0,775.0
2019-02-05,2019,141942.0,263058.0,175372,116726.5,0.0,0.0,1.0,39.0,319.0,3116.0,31300.0,14911.0
2019-02-06,2019,113891.0,203632.5,135755,94475.0,0.0,0.0,2.0,29.0,231.0,2557.0,24518.0,12156.0
2019-02-07,2019,4206.0,13609.5,9073,5841.0,0.0,0.0,0.0,1.0,15.0,173.0,1650.0,784.0
2019-02-08,2019,192699.0,348718.5,232479,161579.5,0.0,0.0,7.0,40.0,421.0,4155.0,41432.0,18347.0
2019-02-09,2019,201607.0,348111.0,232074,155470.5,0.0,0.0,5.0,38.0,425.0,4156.0,41516.0,17039.0
2019-02-10,2019,3174.0,9229.5,6153,3977.0,0.0,0.0,0.0,1.0,8.0,106.0,1164.0,506.0
2019-02-11,2019,4016.0,12964.5,8643,5351.0,0.0,0.0,0.0,0.0,18.0,140.0,1589.0,742.0
2019-02-12,2019,150999.0,278527.5,185685,143002.0,0.0,1.0,2.0,28.0,324.0,3341.0,33857.0,15002.0
2019-02-13,2019,118143.0,211161.0,140774,102176.5,0.0,0.0,5.0,30.0,283.0,2511.0,25352.0,11505.0
2019-02-14,2019,4549.0,15163.5,10109,6278.0,0.0,0.0,0.0,1.0,12.0,175.0,1823.0,878.0
2019-02-15,2019,198516.0,360001.5,240001,161785.0,0.0,0.0,3.0,48.0,429.0,4297.0,43639.0,19228.0
2019-02-16,2019,203251.0,350353.5,233569,148737.0,0.0,0.0,0.0,32.0,394.0,4186.0,41990.0,19698.0
2019-02-17,2019,3121.0,8799.0,5866,3864.0,0.0,0.0,0.0,1.0,8.0,93.0,1086.0,578.0
2019-02-18,2019,3934.0,12295.5,8197,5238.0,0.0,0.0,0.0,1.0,21.0,137.0,1464.0,670.0
2019-02-19,2019,157960.0,292185.0,194790,144300.0,0.0,0.0,8.0,43.0,341.0,3485.0,34526.0,17602.0
2019-02-20,2019,111944.0,199897.5,133265,112250.0,0.0,1.0,4.0,18.0,258.0,2502.0,24158.0,9776.0
2019-02-21,2019,4406.0,14997.0,9998,6881.5,0.0,0.0,0.0,4.0,17.0,194.0,1773.0,817.0
2019-02-22,2019,146363.0,260431.5,173621,118972.5,0.0,0.0,3.0,37.0,302.0,3166.0,31583.0,13691.0
2019-02-23,2019,197580.0,340782.0,227188,168759.0,0.0,1.0,1.0,49.0,378.0,4132.0,40928.0,17922.0
2019-02-24,2019,3225.0,9843.0,6562,3877.5,0.0,0.0,0.0,0.0,6.0,100.0,1184.0,593.0
2019-02-25,2019,4069.0,13173.0,8782,5398.0,0.0,0.0,0.0,0.0,20.0,149.0,1600.0,702.0
2019-02-26,2019,100146.0,181588.5,121059,86319.0,0.0,0.0,4.0,26.0,234.0,2144.0,21601.0,9678.0
2019-02-27,2019,111875.0,200299.5,133533,85748.5,0.0,0.0,1.0,12.0,239.0,2380.0,24112.0,10963.0
2019-02-28,2019,4469.0,14911.5,9941,5986.5,0.0,0.0,0.0,0.0,15.0,178.0,1781.0,823.0
2019-03-01,2019,148769.0,264189.0,176126,118832.0,0.0,0.0,2.0,40.0,314.0,3153.0,31853.0,14054.0
2019-03-02,2019,205485.0,355368.0,236912,181037.0,0.0,1.0,5.0,43.0,448.0,4206.0,43163.0,17414.0
2019-03-03,2019,3448.0,10360.5,6907,6347.0,0.0,0.0,1.0,1.0,14.0,133.0,1202.0,532.0
2019-03-04,2019,4346.0,13833.0,9222,6093.0,0.0,0.0,0.0,1.0,20.0,184.0,1715.0,762.0
2019-03-05,2019,104526.0,190801.5,127201,86071.5,0.0,0.0,2.0,25.0,214.0,2237.0,23247.0,10075.0
2019-03-06,2019,118536.0,212134.5,141423,96657.5,0.0,0.0,3.0,26.0,263.0,2499.0,25209.0,11523.0
2019-03-07,2019,4417.0,14578.5,9719,6795.5,0.0,0.0,0.0,3.0,17.0,181.0,1801.0,899.0
2019-03-08,2019,148611.0,265174.5,176783,118728.0,0.0,0.0,3.0,25.0,312.0,3174.0,32087.0,14296.0
2019-03-09,2019,200357.0,346783.5,231189,157881.5,0.0,0.0,3.0,49.0,412.0,4176.0,41861.0,19493.0
2019-03-10,2019,3348.0,9666.0,6444,4154.5,0.0,0.0,0.0,0.0,15.0,134.0,1152.0,587.0
2019-03-11,2019,4219.0,13530.0,9020,5641.5,0.0,0.0,0.0,0.0,16.0,168.0,1667.0,765.0
2019-03-12,2019,108352.0,198777.0,132518,89671.0,0.0,0.0,3.0,18.0,241.0,2317.0,23721.0,10816.0
2019-03-13,2019,112723.0,201972.0,134648,114180.0,0.0,1.0,4.0,22.0,249.0,2420.0,24370.0,10640.0
2019-03-14,2019,4355.0,14347.5,9565,6226.0,0.0,0.0,0.0,2.0,12.0,176.0,1705.0,864.0
2019-03-15,2019,150881.0,270027.0,180018,144470.0,0.0,1.0,5.0,28.0,340.0,3200.0,32292.0,14324.0
2019-03-16,2019,196792.0,339561.0,226374,154464.0,0.0,0.0,5.0,32.0,363.0,4048.0,40474.0,19744.0
2019-03-17,2019,3256.0,9712.5,6475,4414.5,0.0,0.0,0.0,2.0,13.0,127.0,1154.0,541.0
2019-03-18,2019,4118.0,13467.0,8978,5542.5,0.0,0.0,0.0,1.0,8.0,154.0,1610.0,795.0
2019-03-19,2019,95204.0,172150.5,114767,99171.5,0.0,1.0,2.0,22.0,226.0,2020.0,20266.0,10413.0
2019-03-20,2019,114494.0,204406.5,136271,102021.5,0.0,0.0,8.0,25.0,249.0,2392.0,24354.0,10249.0
2019-03-21,2019,4450.0,15231.0,10154,6562.5,0.0,0.0,0.0,2.0,19.0,185.0,1831.0,797.0
2019-03-22,2019,140203.0,249027.0,166018,112186.5,0.0,0.0,2.0,31.0,322.0,3038.0,29619.0,14079.0
2019-03-23,2019,200805.0,347260.5,231507,155319.0,0.0,0.0,4.0,40.0,375.0,4168.0,41517.0,18630.0
2019-03-24,2019,3335.0,10344.0,6896,4624.0,0.0,0.0,0.0,2.0,11.0,125.0,1181.0,678.0
2019-03-25,2019,4250.0,13933.5,9289,6611.0,0.0,0.0,0.0,4.0,14.0,161.0,1709.0,872.0
2019-03-26,2019,98109.0,178665.0,119110,84504.0,0.0,0.0,3.0,30.0,215.0,2095.0,21402.0,9950.0
2019-03-27,2019,111525.0,200209.5,133473,86462.5,0.0,0.0,1.0,20.0,198.0,2359.0,24115.0,10985.0
2019-03-28,2019,4793.0,16552.5,11035,7086.0,0.0,0.0,0.0,2.0,23.0,179.0,1983.0,910.0
2019-03-29,2019,144485.0,256659.0,171106,114864.5,0.0,0.0,2.0,36.0,339.0,3035.0,30771.0,13445.0
2019-03-30,2019,200504.0,347196.0,231464,161632.5,0.0,0.0,5.0,41.0,455.0,4289.0,42010.0,19245.0
2019-03-31,2019,3324.0,10209.0,6806,4341.5,0.0,0.0,0.0,0.0,9.0,132.0,1282.0,625.0
2019-04-01,2019,4608.0,15235.5,10157,6539.5,0.0,0.0,0.0,1.0,17.0,191.0,1830.0,923.0
2019-04-02,2019,114456.0,209398.5,139599,92948.0,0.0,0.0,0.0,37.0,204.0,2456.0,24982.0,12816.0
2019-04-03,2019,117816.0,211159.5,140773,116734.0,0.0,1.0,2.0,25.0,268.0,2528.0,25153.0,12952.0
2019-04-04,2019,4670.0,15987.0,10658,7024.0,0.0,0.0,0.0,2.0,18.0,203.0,1918.0,942.0
2019-04-05,2019,166640.0,299158.5,199439,136922.0,0.0,0.0,5.0,30.0,349.0,3518.0,36050.0,16168.0
2019-04-06,2019,204850.0,354766.5,236511,183664.5,0.0,1.0,5.0,35.0,438.0,4240.0,42783.0,20759.0
2019-04-07,2019,3445.0,10668.0,7112,4589.0,0.0,0.0,0.0,2.0,11.0,122.0,1240.0,586.0
2019-04-08,2019,4402.0,14512.5,9675,8040.5,0.0,0.0,1.0,0.0,18.0,183.0,1803.0,773.0
2019-04-09,2019,111239.0,203661.0,135774,89943.0,0.0,0.0,2.0,19.0,261.0,2388.0,24237.0,11006.0
2019-04-10,2019,110990.0,199150.5,132767,95057.0,0.0,0.0,4.0,32.0,216.0,2393.0,24053.0,10844.0
2019-04-11,2019,4609.0,15630.0,10420,6575.0,0.0,0.0,0.0,1.0,16.0,196.0,1861.0,902.0
2019-04-12,2019,139860.0,248922.0,165948,114485.5,0.0,0.0,2.0,36.0,306.0,2968.0,29810.0,15137.0
2019-04-13,2019,197799.0,342006.0,228004,151928.5,0.0,0.0,3.0,42.0,427.0,4054.0,41094.0,17687.0
2019-04-14,2019,3416.0,10656.0,7104,4386.5,0.0,0.0,0.0,0.0,16.0,136.0,1286.0,543.0
2019-04-15,2019,4163.0,13728.0,9152,6327.0,0.0,0.0,0.0,3.0,14.0,175.0,1731.0,740.0
2019-04-16,2019,93691.0,170346.0,113564,77870.0,0.0,0.0,2.0,22.0,200.0,2016.0,20459.0,9648.0
2019-04-17,2019,113144.0,202354.5,134903,91254.0,0.0,0.0,1.0,28.0,267.0,2456.0,24326.0,11588.0
2019-04-18,2019,4337.0,14317.5,9545,8247.0,0.0,0.0,1.0,1.0,17.0,179.0,1812.0,792.0
2019-04-19,2019,133190.0,236608.5,157739,112024.5,0.0,0.0,6.0,23.0,283.0,2847.0,28287.0,12637.0
2019-04-20,2019,195944.0,339670.5,226447,156693.0,0.0,0.0,5.0,33.0,419.0,4099.0,40870.0,19652.0
2019-04-21,2019,3573.0,11442.0,7628,5027.5,0.0,0.0,0.0,1.0,15.0,128.0,1457.0,649.0
2019-04-22,2019,3779.0,12268.5,8179,5047.0,0.0,0.0,0.0,0.0,18.0,151.0,1498.0,624.0
2019-04-23,2019,89598.0,165342.0,110228,79987.0,0.0,0.0,4.0,20.0,206.0,1968.0,19920.0,9458.0
2019-04-24,2019,113825.0,205578.0,137052,92448.0,0.0,0.0,2.0,31.0,275.0,2438.0,24593.0,10248.0
2019-04-25,2019,4609.0,15784.5,10523,7511.0,0.0,0.0,0.0,6.0,17.0,154.0,1888.0,950.0
2019-04-26,2019,131436.0,234277.5,156185,103854.0,0.0,0.0,1.0,37.0,278.0,2814.0,28013.0,12532.0
2019-04-27,2019,205356.0,358287.0,238858,174053.0,0.0,0.0,10.0,31.0,439.0,4273.0,42840.0,21352.0
2019-04-28,2019,3609.0,11355.0,7570,6562.0,0.0,0.0,1.0,0.0,11.0,130.0,1351.0,660.0
2019-04-29,2019,4518.0,15457.5,10305,6617.5,0.0,0.0,0.0,0.0,18.0,201.0,1889.0,983.0
2019-04-30,2019,97874.0,179163.0,119442,83088.5,0.0,0.0,3.0,23.0,224.0,2166.0,21300.0,9719.0
2019-05-01,2019,121738.0,220044.0,146696,100520.5,0.0,0.0,3.0,29.0,246.0,2598.0,26397.0,12011.0
2019-05-02,2019,4654.0,16543.5,11029,7229.5,0.0,0.0,0.0,3.0,17.0,182.0,2050.0,853.0
2019-05-03,2019,131361.0,234844.5,156563,104179.5,0.0,0.0,2.0,27.0,263.0,2819.0,28122.0,12787.0
2019-05-04,2019,216941.0,380352.0,253568,165346.5,0.0,0.0,2.0,43.0,431.0,4468.0,45402.0,20655.0
2019-05-05,2019,3671.0,11973.0,7982,5166.5,0.0,0.0,0.0,2.0,13.0,145.0,1404.0,649.0
2019-05-06,2019,4790.0,16288.5,10859,7234.5,0.0,0.0,0.0,2.0,22.0,213.0,1998.0,889.0
2019-05-07,2019,96343.0,176374.5,117583,85476.5,0.0,0.0,5.0,17.0,208.0,2165.0,21600.0,9261.0
2019-05-08,2019,114635.0,207108.0,138072,88752.5,0.0,0.0,1.0,17.0,228.0,2455.0,24696.0,11417.0
2019-05-09,2019,4796.0,16948.5,11299,7838.5,0.0,0.0,0.0,3.0,28.0,231.0,2050.0,949.0
2019-05-10,2019,135119.0,239635.5,159757,106699.5,0.0,0.0,2.0,26.0,265.0,2843.0,28838.0,13539.0
2019-05-11,2019,199181.0,344790.0,229860,156234.5,0.0,0.0,3.0,44.0,438.0,4019.0,41211.0,20105.0
2019-05-12,2019,3614.0,11511.0,7674,5229.5,0.0,0.0,0.0,2.0,19.0,133.0,1413.0,639.0
2019-05-13,2019,4538.0,15676.5,10451,7218.0,0.0,0.0,0.0,4.0,25.0,172.0,1911.0,824.0
2019-05-14,2019,93461.0,171312.0,114208,76532.0,0.0,0.0,2.0,16.0,198.0,2029.0,20832.0,9042.0
2019-05-15,2019,111436.0,200779.5,133853,88259.0,0.0,0.0,1.0,32.0,260.0,2425.0,23788.0,9972.0
2019-05-16,2019,4685.0,16287.0,10858,7252.5,0.0,0.0,0.0,3.0,17.0,190.0,1995.0,915.0
2019-05-17,2019,135956.0,242637.0,161758,113973.5,0.0,0.0,5.0,31.0,303.0,2891.0,28751.0,13171.0
2019-05-18,2019,196525.0,340329.0,226886,162296.0,0.0,0.0,8.0,45.0,371.0,4084.0,41225.0,18004.0
2019-05-19,2019,3536.0,11127.0,7418,4820.5,0.0,0.0,0.0,1.0,12.0,135.0,1303.0,733.0
2019-05-20,2019,4411.0,15078.0,10052,6430.0,0.0,0.0,0.0,2.0,15.0,177.0,1815.0,810.0
2019-05-21,2019,96999.0,178312.5,118875,1277305.0,1.0,0.0,0.0,25.0,239.0,2190.0,20873.0,9886.0
2019-05-22,2019,115791.0,206877.0,137918,92344.5,0.0,0.0,2.0,19.0,237.0,2493.0,24858.0,11749.0
2019-05-23,2019,4149.0,13611.0,9074,7769.5,0.0,0.0,1.0,1.0,19.0,154.0,1651.0,745.0
2019-05-24,2019,138960.0,246646.5,164431,114488.0,0.0,0.0,2.0,39.0,326.0,3032.0,29761.0,14324.0
2019-05-25,2019,201368.0,348012.0,232008,164594.5,0.0,0.0,7.0,39.0,415.0,4186.0,41897.0,19847.0
2019-05-26,2019,3131.0,9325.5,6217,4139.0,0.0,0.0,0.0,2.0,13.0,110.0,1091.0,498.0
2019-05-27,2019,3883.0,12373.5,8249,5428.0,0.0,0.0,0.0,1.0,14.0,177.0,1475.0,742.0
2019-05-28,2019,100911.0,183729.0,122486,81788.5,0.0,0.0,1.0,24.0,224.0,2240.0,21843.0,10415.0
2019-05-29,2019,127695.0,227880.0,151920,110841.5,0.0,0.0,6.0,26.0,311.0,2768.0,27664.0,12169.0
2019-05-30,2019,3597.0,11673.0,7782,5423.5,0.0,0.0,0.0,3.0,20.0,144.0,1386.0,621.0
2019-05-31,2019,131127.0,233173.5,155449,109662.0,0.0,0.0,4.0,32.0,264.0,2710.0,28244.0,13296.0
2019-06-01,2019,199116.0,346468.5,230979,154665.5,0.0,0.0,4.0,44.0,399.0,4181.0,41624.0,17155.0
2019-06-02,2019,3113.0,9325.5,6217,5922.5,0.0,0.0,1.0,0.0,13.0,111.0,1163.0,521.0
2019-06-03,2019,4189.0,13629.0,9086,5863.5,0.0,0.0,0.0,2.0,15.0,140.0,1601.0,841.0
2019-06-04,2019,99733.0,181386.0,120924,88262.0,0.0,0.0,5.0,20.0,229.0,2049.0,21941.0,10370.0
2019-06-05,2019,130274.0,234279.0,156186,100844.5,0.0,0.0,1.0,23.0,285.0,2787.0,28172.0,12177.0
2019-06-06,2019,4277.0,13846.5,9231,5998.0,0.0,0.0,0.0,2.0,21.0,164.0,1627.0,736.0
2019-06-07,2019,225174.0,409456.5,272971,198437.5,0.0,0.0,11.0,47.0,486.0,4905.0,49267.0,22839.0
2019-06-08,2019,200954.0,347179.5,231453,176059.5,0.0,1.0,3.0,36.0,408.0,4183.0,42088.0,19739.0
2019-06-09,2019,3314.0,9982.5,6655,4303.0,0.0,0.0,0.0,1.0,14.0,118.0,1246.0,494.0
2019-06-10,2019,3568.0,11122.5,7415,4681.5,0.0,0.0,0.0,2.0,7.0,134.0,1309.0,569.0
2019-06-11,2019,141744.0,261834.0,174556,119024.5,0.0,0.0,3.0,29.0,338.0,3053.0,31388.0,14949.0
2019-06-12,2019,116600.0,208383.0,138922,97720.5,0.0,0.0,5.0,18.0,259.0,2428.0,24878.0,11363.0
2019-06-13,2019,4366.0,14302.5,9535,6074.5,0.0,0.0,0.0,1.0,10.0,184.0,1766.0,815.0
2019-06-14,2019,145645.0,257557.5,171705,117955.0,0.0,0.0,4.0,25.0,327.0,3105.0,30927.0,14024.0
2019-06-15,2019,198258.0,342070.5,228047,155714.0,0.0,0.0,2.0,50.0,420.0,4262.0,41176.0,19768.0
2019-06-16,2019,3172.0,9804.0,6536,4384.5,0.0,0.0,0.0,2.0,11.0,116.0,1125.0,623.0
2019-06-17,2019,3854.0,12295.5,8197,7085.5,0.0,0.0,1.0,0.0,19.0,163.0,1463.0,643.0
2019-06-18,2019,98056.0,177600.0,118400,83319.0,0.0,0.0,3.0,21.0,217.0,2176.0,21193.0,10342.0
2019-06-19,2019,118220.0,211773.0,141182,90843.5,0.0,0.0,0.0,20.0,265.0,2579.0,25292.0,12043.0
2019-06-20,2019,4006.0,13077.0,8718,5558.0,0.0,0.0,0.0,1.0,16.0,148.0,1558.0,788.0
2019-06-21,2019,141632.0,251452.5,167635,113099.5,0.0,0.0,3.0,26.0,291.0,3079.0,30194.0,13531.0
2019-06-22,2019,201081.0,348630.0,232420,164075.5,0.0,0.0,6.0,43.0,435.0,4257.0,42427.0,19091.0
2019-06-23,2019,3152.0,9441.0,6294,3887.5,0.0,0.0,0.0,1.0,10.0,100.0,1136.0,477.0
2019-06-24,2019,3911.0,12802.5,8535,5684.0,0.0,0.0,0.0,2.0,10.0,170.0,1604.0,684.0
2019-06-25,2019,96788.0,175537.5,117025,79506.0,0.0,0.0,2.0,22.0,210.0,2145.0,20682.0,9878.0
2019-06-26,2019,109887.0,196522.5,131015,90625.5,0.0,0.0,4.0,22.0,228.0,2378.0,23459.0,9905.0
2019-06-27,2019,4112.0,13719.0,9146,5608.5,0.0,0.0,0.0,1.0,18.0,160.0,1591.0,711.0
2019-06-28,2019,143471.0,256090.5,170727,114684.0,0.0,0.0,3.0,23.0,268.0,3045.0,30783.0,14622.0
2019-06-29,2019,191718.0,331399.5,220933,154488.0,0.0,0.0,5.0,46.0,397.0,4039.0,39745.0,18442.0
2019-06-30,2019,3153.0,9439.5,6293,6044.0,0.0,0.0,1.0,1.0,12.0,115.0,1144.0,494.0
2019-07-01,2019,4027.0,12936.0,8624,25658.0,0.0,1.0,0.0,2.0,17.0,155.0,1536.0,714.0
2019-07-02,2019,107086.0,195030.0,130020,88444.5,0.0,0.0,3.0,24.0,215.0,2262.0,22906.0,10815.0
2019-07-03,2019,115777.0,206782.5,137855,98570.0,0.0,0.0,5.0,15.0,223.0,2493.0,24742.0,12774.0
2019-07-04,2019,4053.0,13366.5,8911,5625.0,0.0,0.0,0.0,0.0,21.0,158.0,1657.0,734.0
2019-07-05,2019,150323.0,267783.0,178522,133104.5,0.0,0.0,8.0,36.0,298.0,3207.0,31873.0,16109.0
2019-07-06,2019,200904.0,348559.5,232373,163499.5,0.0,0.0,6.0,33.0,409.0,4252.0,41637.0,21457.0
2019-07-07,2019,3260.0,9928.5,6619,4879.0,0.0,0.0,0.0,2.0,14.0,141.0,1273.0,632.0
2019-07-08,2019,3939.0,12531.0,8354,5724.5,0.0,0.0,0.0,3.0,13.0,139.0,1574.0,681.0
2019-07-09,2019,109440.0,200391.0,133594,91260.0,0.0,0.0,3.0,23.0,241.0,2333.0,23749.0,11118.0
2019-07-10,2019,113869.0,203550.0,135700,94934.0,0.0,0.0,4.0,25.0,238.0,2398.0,24351.0,10988.0
2019-07-11,2019,4153.0,13714.5,9143,6102.0,0.0,0.0,0.0,2.0,21.0,184.0,1620.0,748.0
2019-07-12,2019,149758.0,267978.0,178652,141925.5,0.0,1.0,2.0,49.0,291.0,3240.0,32270.0,14377.0
2019-07-13,2019,194643.0,337141.5,224761,153151.0,0.0,0.0,4.0,38.0,384.0,4055.0,40527.0,19028.0
2019-07-14,2019,3109.0,9321.0,6214,4552.5,0.0,0.0,0.0,4.0,12.0,110.0,1071.0,547.0
2019-07-15,2019,3760.0,12141.0,8094,5108.0,0.0,0.0,0.0,1.0,11.0,150.0,1474.0,660.0
2019-07-16,2019,113355.0,207958.5,138639,94944.0,0.0,0.0,3.0,16.0,272.0,2526.0,25188.0,11532.0
2019-07-17,2019,115859.0,206919.0,137946,104502.5,0.0,0.0,7.0,34.0,239.0,2501.0,24763.0,11261.0
2019-07-18,2019,3918.0,12721.5,8481,5416.0,0.0,0.0,0.0,0.0,17.0,151.0,1568.0,790.0
2019-07-19,2019,155910.0,280518.0,187012,130557.5,0.0,0.0,5.0,25.0,343.0,3387.0,33855.0,16035.0
2019-07-20,2019,193097.0,334413.0,222942,165257.0,0.0,0.0,8.0,48.0,396.0,4086.0,40091.0,20750.0
2019-07-21,2019,3288.0,10302.0,6868,4656.0,0.0,0.0,0.0,1.0,23.0,119.0,1285.0,554.0
2019-07-22,2019,3879.0,12709.5,8473,5506.5,0.0,0.0,0.0,0.0,22.0,163.0,1582.0,725.0
2019-07-23,2019,87896.0,159825.0,106550,72173.5,0.0,0.0,1.0,23.0,195.0,1945.0,19342.0,8843.0
2019-07-24,2019,107979.0,193587.0,129058,84881.5,0.0,0.0,1.0,19.0,247.0,2310.0,22889.0,11209.0
2019-07-25,2019,3961.0,13240.5,8827,5342.5,0.0,0.0,0.0,0.0,15.0,167.0,1569.0,713.0
2019-07-26,2019,123361.0,219238.5,146159,106299.5,0.0,0.0,5.0,22.0,266.0,2684.0,26430.0,13533.0
2019-07-27,2019,183843.0,318412.5,212275,146348.5,0.0,0.0,4.0,50.0,380.0,3866.0,38053.0,16875.0
2019-07-28,2019,3146.0,9420.0,6280,4129.5,0.0,0.0,0.0,1.0,14.0,108.0,1095.0,613.0
2019-07-29,2019,3893.0,12904.5,8603,5740.5,0.0,0.0,0.0,3.0,11.0,161.0,1541.0,689.0
2019-07-30,2019,94153.0,172246.5,114831,75275.0,0.0,0.0,1.0,23.0,202.0,1966.0,20450.0,9270.0
2019-07-31,2019,112445.0,201732.0,134488,92355.5,0.0,0.0,1.0,29.0,224.0,2465.0,24246.0,12839.0
2019-08-01,2019,4355.0,15024.0,10016,8710.0,0.0,0.0,1.0,2.0,14.0,201.0,1875.0,850.0
2019-08-02,2019,134237.0,239338.5,159559,111238.5,0.0,0.0,5.0,23.0,298.0,2817.0,28789.0,12677.0
2019-08-03,2019,187883.0,325753.5,217169,148458.0,0.0,0.0,6.0,31.0,360.0,3915.0,39101.0,16854.0
2019-08-04,2019,3196.0,9760.5,6507,4070.5,0.0,0.0,0.0,1.0,7.0,118.0,1199.0,495.0
2019-08-05,2019,4230.0,13618.5,9079,5819.5,0.0,0.0,0.0,2.0,16.0,156.0,1592.0,757.0
2019-08-06,2019,97784.0,178419.0,118946,84583.0,0.0,0.0,3.0,28.0,205.0,2140.0,21578.0,10018.0
2019-08-07,2019,116719.0,209523.0,139682,94966.5,0.0,0.0,3.0,20.0,251.0,2523.0,24758.0,11877.0
2019-08-08,2019,4352.0,14773.5,9849,6803.0,0.0,0.0,0.0,3.0,26.0,174.0,1778.0,838.0
2019-08-09,2019,143035.0,255772.5,170515,119919.0,0.0,0.0,5.0,32.0,337.0,3080.0,30641.0,13398.0
2019-08-10,2019,193431.0,335590.5,223727,155073.0,0.0,0.0,4.0,39.0,415.0,4128.0,40558.0,19478.0
2019-08-11,2019,3305.0,9970.5,6647,4273.0,0.0,0.0,0.0,0.0,15.0,141.0,1202.0,576.0
2019-08-12,2019,4077.0,13686.0,9124,6107.0,0.0,0.0,0.0,2.0,24.0,175.0,1624.0,736.0
2019-08-13,2019,107690.0,197176.5,131451,91041.5,0.0,0.0,3.0,18.0,216.0,2303.0,23537.0,12355.0
2019-08-14,2019,119263.0,213346.5,142231,94129.0,0.0,0.0,2.0,25.0,277.0,2583.0,25294.0,10724.0
2019-08-15,2019,3823.0,12486.0,8324,5094.5,0.0,0.0,0.0,0.0,15.0,156.0,1474.0,711.0
2019-08-16,2019,139169.0,251053.5,167369,115081.5,0.0,0.0,2.0,35.0,289.0,2976.0,30052.0,15545.0
2019-08-17,2019,181358.0,314842.5,209895,167170.5,0.0,1.0,6.0,30.0,378.0,3796.0,37333.0,18643.0
2019-08-18,2019,3224.0,9735.0,6490,3875.0,0.0,0.0,0.0,0.0,8.0,127.0,1162.0,504.0
2019-08-19,2019,3964.0,12915.0,8610,5704.5,0.0,0.0,0.0,2.0,16.0,168.0,1521.0,735.0
2019-08-20,2019,110197.0,201556.5,134371,90189.0,0.0,0.0,0.0,32.0,237.0,2350.0,24219.0,12574.0
2019-08-21,2019,115277.0,207115.5,138077,93711.5,0.0,0.0,3.0,26.0,239.0,2523.0,24747.0,10415.0
2019-08-22,2019,4277.0,14337.0,9558,6125.5,0.0,0.0,0.0,1.0,21.0,178.0,1710.0,797.0
2019-08-23,2019,156923.0,283905.0,189270,126870.0,0.0,0.0,3.0,32.0,342.0,3449.0,33659.0,15378.0
2019-08-24,2019,188363.0,326202.0,217468,151805.5,0.0,0.0,6.0,28.0,400.0,3966.0,38943.0,18993.0
2019-08-25,2019,3401.0,10486.5,6991,4519.0,0.0,0.0,0.0,1.0,13.0,141.0,1281.0,528.0
2019-08-26,2019,4176.0,14205.0,9470,6059.5,0.0,0.0,0.0,1.0,21.0,177.0,1687.0,787.0
2019-08-27,2019,122107.0,225031.5,150021,905973.0,1.0,0.0,4.0,34.0,267.0,2568.0,27099.0,12530.0
2019-08-28,2019,113837.0,203283.0,135522,91202.0,0.0,0.0,2.0,19.0,244.0,2458.0,24938.0,10904.0
2019-08-29,2019,4025.0,13080.0,8720,5513.5,0.0,0.0,0.0,1.0,14.0,159.0,1610.0,679.0
2019-08-30,2019,166516.0,298684.5,199123,156138.0,0.0,1.0,4.0,35.0,325.0,3645.0,35893.0,16418.0
2019-08-31,2019,193399.0,334090.5,222727,160679.5,0.0,0.0,7.0,44.0,381.0,4079.0,40191.0,19655.0
2019-09-01,2019,3138.0,9183.0,6122,3746.5,0.0,0.0,0.0,0.0,8.0,122.0,1123.0,487.0
2019-09-02,2019,3900.0,12309.0,8206,5289.0,0.0,0.0,0.0,1.0,11.0,166.0,1493.0,702.0
2019-09-03,2019,128755.0,235930.5,157287,105755.0,0.0,0.0,2.0,21.0,281.0,2816.0,28765.0,13550.0
2019-09-04,2019,118795.0,211699.5,141133,94855.5,0.0,0.0,2.0,24.0,243.0,2628.0,25480.0,11397.0
2019-09-05,2019,3994.0,12732.0,8488,5796.5,0.0,0.0,0.0,3.0,20.0,147.0,1529.0,669.0
2019-09-06,2019,173125.0,310771.5,207181,147763.5,0.0,0.0,7.0,42.0,370.0,3676.0,37107.0,16913.0
2019-09-07,2019,202032.0,349773.0,233182,170657.0,0.0,0.0,9.0,37.0,431.0,4149.0,41854.0,21456.0
2019-09-08,2019,3216.0,9235.5,6157,4064.0,0.0,0.0,0.0,1.0,22.0,102.0,1094.0,484.0
2019-09-09,2019,3855.0,11898.0,7932,4935.0,0.0,0.0,0.0,1.0,13.0,118.0,1467.0,634.0
2019-09-10,2019,138464.0,253882.5,169255,117200.5,0.0,0.0,3.0,36.0,299.0,3063.0,30534.0,14425.0
2019-09-11,2019,124599.0,222441.0,148294,98543.5,0.0,0.0,1.0,25.0,263.0,2764.0,26613.0,12825.0
2019-09-12,2019,3922.0,12265.5,8177,5459.5,0.0,0.0,0.0,1.0,14.0,151.0,1537.0,767.0
2019-09-13,2019,314139.0,565978.5,377319,270510.5,0.0,0.0,12.0,83.0,680.0,6792.0,68301.0,30499.0
2019-09-14,2019,197645.0,341394.0,227596,155168.5,0.0,0.0,3.0,42.0,380.0,4159.0,41177.0,20013.0
2019-09-15,2019,3047.0,8593.5,5729,6012.0,0.0,0.0,1.0,2.0,13.0,109.0,1039.0,486.0
2019-09-16,2019,3742.0,11731.5,7821,4896.5,0.0,0.0,0.0,1.0,18.0,150.0,1365.0,571.0
2019-09-17,2019,149172.0,274542.0,183028,121274.5,0.0,0.0,2.0,30.0,311.0,3251.0,33026.0,15165.0
2019-09-18,2019,130860.0,234219.0,156146,102008.5,0.0,0.0,1.0,19.0,289.0,2774.0,28128.0,13535.0
2019-09-19,2019,3801.0,11938.5,7959,4898.5,0.0,0.0,0.0,1.0,17.0,123.0,1349.0,697.0
2019-09-20,2019,199985.0,363126.0,242084,161333.0,0.0,0.0,3.0,41.0,399.0,4388.0,43488.0,20158.0
2019-09-21,2019,189458.0,326940.0,217960,149737.5,0.0,0.0,3.0,51.0,387.0,3948.0,39159.0,18493.0
2019-09-22,2019,3017.0,8874.0,5916,3613.5,0.0,0.0,0.0,0.0,7.0,105.0,1118.0,475.0
2019-09-23,2019,3740.0,11448.0,7632,4738.0,0.0,0.0,0.0,0.0,17.0,138.0,1410.0,592.0
2019-09-24,2019,199343.0,372886.5,248591,168614.5,0.0,0.0,2.0,57.0,425.0,4570.0,45087.0,21127.0
2019-09-25,2019,116960.0,208723.5,139149,94150.0,0.0,0.0,1.0,28.0,246.0,2470.0,24941.0,12932.0
2019-09-26,2019,4164.0,13377.0,8918,5569.5,0.0,0.0,0.0,1.0,11.0,174.0,1560.0,773.0
2019-09-27,2019,245895.0,452724.0,301816,207730.0,0.0,0.0,6.0,58.0,551.0,5407.0,54475.0,24750.0
2019-09-28,2019,194915.0,337510.5,225007,166842.0,0.0,1.0,1.0,44.0,382.0,3910.0,40704.0,18296.0
2019-09-29,2019,3126.0,9298.5,6199,4075.0,0.0,0.0,0.0,1.0,12.0,129.0,1123.0,496.0
2019-09-30,2019,3937.0,12715.5,8477,5652.5,0.0,0.0,0.0,2.0,19.0,158.0,1457.0,779.0
2019-10-01,2019,205620.0,382717.5,255145,172554.5,0.0,0.0,4.0,47.0,468.0,4490.0,45887.0,21047.0
2019-10-02,2019,116620.0,208510.5,139007,95855.0,0.0,0.0,3.0,28.0,243.0,2532.0,24987.0,11174.0
2019-10-03,2019,4174.0,13066.5,8711,7513.0,0.0,0.0,1.0,2.0,14.0,132.0,1578.0,678.0
2019-10-04,2019,263582.0,484962.0,323308,215742.0,0.0,0.0,4.0,45.0,555.0,5771.0,58743.0,27534.0
2019-10-05,2019,202857.0,351214.5,234143,160902.5,0.0,0.0,5.0,45.0,410.0,4136.0,41401.0,20147.0
2019-10-06,2019,3267.0,9736.5,6491,6545.5,0.0,0.0,1.0,3.0,13.0,122.0,1144.0,525.0
2019-10-07,2019,4204.0,12936.0,8624,5781.0,0.0,0.0,0.0,2.0,15.0,164.0,1547.0,778.0
2019-10-08,2019,277436.0,527556.0,351704,256435.5,0.0,1.0,5.0,67.0,626.0,6191.0,63106.0,28899.0
2019-10-09,2019,124860.0,223776.0,149184,119833.5,0.0,1.0,2.0,24.0,259.0,2699.0,26694.0,12647.0
2019-10-10,2019,4440.0,14715.0,9810,6322.5,0.0,0.0,0.0,2.0,20.0,168.0,1772.0,759.0
2019-10-11,2019,153232.0,273592.5,182395,123262.0,0.0,0.0,3.0,31.0,303.0,3257.0,32864.0,15326.0
2019-10-12,2019,194494.0,336330.0,224220,176236.0,0.0,1.0,6.0,41.0,403.0,4100.0,40169.0,18092.0
2019-10-13,2019,3226.0,9297.0,6198,4327.0,0.0,0.0,0.0,2.0,14.0,116.0,1136.0,530.0
2019-10-14,2019,3935.0,12528.0,8352,5354.0,0.0,0.0,0.0,1.0,16.0,150.0,1529.0,684.0
2019-10-15,2019,104333.0,189904.5,126603,107800.5,0.0,1.0,3.0,21.0,240.0,2347.0,22924.0,10145.0
2019-10-16,2019,112462.0,200898.0,133932,91633.0,0.0,0.0,2.0,31.0,229.0,2373.0,24313.0,10908.0
2019-10-17,2019,3996.0,12606.0,8404,5264.0,0.0,0.0,0.0,1.0,9.0,135.0,1569.0,714.0
2019-10-18,2019,143989.0,256111.5,170741,115919.0,0.0,0.0,3.0,32.0,287.0,3099.0,31083.0,13412.0
2019-10-19,2019,193478.0,334359.0,222906,174110.0,0.0,1.0,5.0,29.0,432.0,4018.0,40021.0,19692.0
2019-10-20,2019,3093.0,9216.0,6144,4230.0,0.0,0.0,0.0,3.0,10.0,98.0,1101.0,492.0
2019-10-21,2019,3991.0,13036.5,8691,5382.0,0.0,0.0,0.0,1.0,12.0,165.0,1490.0,758.0
2019-10-22,2019,103143.0,186969.0,124646,80640.5,0.0,0.0,1.0,17.0,218.0,2177.0,22413.0,10113.0
2019-10-23,2019,114854.0,205854.0,137236,91866.5,0.0,0.0,2.0,20.0,258.0,2505.0,24714.0,11169.0
2019-10-24,2019,4040.0,13159.5,8773,5826.5,0.0,0.0,0.0,2.0,18.0,152.0,1572.0,775.0
2019-10-25,2019,144287.0,256020.0,170680,116635.0,0.0,0.0,3.0,37.0,304.0,3075.0,30825.0,13420.0
2019-10-26,2019,196272.0,340029.0,226686,147679.0,0.0,0.0,1.0,33.0,417.0,4136.0,40736.0,19058.0
2019-10-27,2019,3289.0,9931.5,6621,4053.0,0.0,0.0,0.0,1.0,7.0,122.0,1136.0,554.0
2019-10-28,2019,3819.0,12268.5,8179,7157.0,0.0,0.0,1.0,0.0,19.0,161.0,1485.0,668.0
2019-10-29,2019,104369.0,190081.5,126721,82336.5,0.0,0.0,0.0,22.0,204.0,2270.0,22644.0,11479.0
2019-10-30,2019,111411.0,199422.0,132948,101192.5,0.0,0.0,6.0,29.0,220.0,2458.0,24043.0,12411.0
2019-10-31,2019,4585.0,15133.5,10089,6032.5,0.0,0.0,0.0,0.0,23.0,179.0,1744.0,793.0
2019-11-01,2019,134396.0,239928.0,159952,107818.5,0.0,0.0,2.0,24.0,288.0,2920.0,28899.0,13907.0
2019-11-02,2019,183122.0,317755.5,211837,143721.0,0.0,0.0,4.0,43.0,357.0,3683.0,37970.0,17084.0
2019-11-03,2019,3198.0,9616.5,6411,4201.0,0.0,0.0,0.0,1.0,13.0,124.0,1157.0,538.0
2019-11-04,2019,4145.0,14071.5,9381,6127.0,0.0,0.0,0.0,2.0,18.0,186.0,1656.0,750.0
2019-11-05,2019,114466.0,208636.5,139091,87886.0,0.0,0.0,0.0,19.0,241.0,2443.0,25067.0,11278.0
2019-11-06,2019,112766.0,201556.5,134371,92490.5,0.0,0.0,4.0,21.0,215.0,2360.0,24305.0,10387.0
2019-11-07,2019,4303.0,14331.0,9554,8131.5,0.0,0.0,1.0,1.0,13.0,196.0,1721.0,833.0
2019-11-08,2019,159895.0,286237.5,190825,134555.0,0.0,0.0,5.0,38.0,333.0,3549.0,34575.0,15600.0
2019-11-09,2019,191846.0,331299.0,220866,180553.0,0.0,1.0,7.0,44.0,407.0,3903.0,39716.0,20444.0
2019-11-10,2019,3344.0,9880.5,6587,4543.5,0.0,0.0,0.0,2.0,18.0,113.0,1178.0,575.0
2019-11-11,2019,3619.0,11238.0,7492,6251.0,0.0,0.0,1.0,0.0,8.0,131.0,1292.0,568.0
2019-11-12,2019,109006.0,199908.0,133272,93319.0,0.0,0.0,4.0,23.0,236.0,2331.0,23853.0,11092.0
2019-11-13,2019,108962.0,194778.0,129852,88090.5,0.0,0.0,2.0,21.0,222.0,2396.0,23261.0,11299.0
2019-11-14,2019,4174.0,14073.0,9382,6072.0,0.0,0.0,0.0,1.0,25.0,161.0,1673.0,814.0
2019-11-15,2019,162202.0,291582.0,194388,135875.0,0.0,0.0,4.0,33.0,350.0,3572.0,35006.0,17602.0
2019-11-16,2019,188635.0,325942.5,217295,147865.5,0.0,0.0,5.0,37.0,375.0,3781.0,38663.0,17823.0
2019-11-17,2019,3205.0,9732.0,6488,4098.0,0.0,0.0,0.0,1.0,14.0,115.0,1136.0,514.0
2019-11-18,2019,3886.0,12631.5,8421,7102.0,0.0,0.0,1.0,0.0,15.0,148.0,1497.0,712.0
2019-11-19,2019,120262.0,220794.0,147196,120986.0,0.0,1.0,2.0,34.0,260.0,2663.0,26474.0,12482.0
2019-11-20,2019,109791.0,195768.0,130512,86105.5,0.0,0.0,1.0,24.0,231.0,2355.0,23467.0,10651.0
2019-11-21,2019,4314.0,14569.5,9713,6268.5,0.0,0.0,0.0,2.0,23.0,169.0,1681.0,801.0
2019-11-22,2019,138519.0,246762.0,164508,110820.0,0.0,0.0,2.0,36.0,292.0,2955.0,29385.0,13490.0
2019-11-23,2019,193248.0,334371.0,222914,189879.0,0.0,2.0,3.0,48.0,404.0,3991.0,40135.0,17316.0
2019-11-24,2019,3285.0,10357.5,6905,4279.0,0.0,0.0,0.0,0.0,17.0,125.0,1216.0,588.0
2019-11-25,2019,4128.0,14169.0,9446,5876.0,0.0,0.0,0.0,1.0,22.0,146.0,1686.0,756.0
2019-11-26,2019,99444.0,180702.0,120468,77625.0,0.0,0.0,0.0,20.0,223.0,2188.0,21878.0,9646.0
2019-11-27,2019,114693.0,205233.0,136822,89418.0,0.0,0.0,0.0,26.0,258.0,2473.0,24879.0,11290.0
2019-11-28,2019,4400.0,14508.0,9672,5874.0,0.0,0.0,0.0,0.0,16.0,166.0,1738.0,832.0
2019-11-29,2019,175507.0,315306.0,210204,169022.0,0.0,1.0,6.0,44.0,391.0,3836.0,37573.0,17384.0
2019-11-30,2019,201397.0,349803.0,233202,163748.5,0.0,0.0,8.0,35.0,441.0,4360.0,42120.0,17259.0
2019-12-01,2019,3424.0,10657.5,7105,4716.0,0.0,0.0,0.0,1.0,14.0,139.0,1313.0,610.0
2019-12-02,2019,4563.0,14830.5,9887,6242.5,0.0,0.0,0.0,1.0,15.0,182.0,1841.0,767.0
2019-12-03,2019,107915.0,196825.5,131217,90075.5,0.0,0.0,3.0,22.0,244.0,2347.0,23623.0,10543.0
2019-12-04,2019,122488.0,219901.5,146601,94695.5,0.0,0.0,1.0,20.0,242.0,2702.0,26202.0,11961.0
2019-12-05,2019,4538.0,15621.0,10414,6690.0,0.0,0.0,0.0,2.0,20.0,177.0,1862.0,854.0
2019-12-06,2019,142271.0,253204.5,168803,117234.0,0.0,0.0,4.0,29.0,301.0,3098.0,30072.0,14520.0
2019-12-07,2019,206402.0,359535.0,239690,184841.5,0.0,1.0,3.0,41.0,416.0,4379.0,43531.0,22243.0
2019-12-08,2019,3353.0,10281.0,6854,6774.0,0.0,0.0,1.0,3.0,17.0,125.0,1213.0,522.0
2019-12-09,2019,4140.0,13405.5,8937,5667.5,0.0,0.0,0.0,2.0,13.0,159.0,1591.0,687.0
2019-12-10,2019,97903.0,178542.0,119028,80583.0,0.0,0.0,1.0,28.0,189.0,2146.0,21567.0,10226.0
2019-12-11,2019,124930.0,225118.5,150079,101423.5,0.0,0.0,1.0,27.0,271.0,2639.0,27166.0,14051.0
2019-12-12,2019,4465.0,14931.0,9954,6269.5,0.0,0.0,0.0,1.0,14.0,172.0,1801.0,885.0
2019-12-13,2019,282022.0,504378.0,336252,230536.0,0.0,0.0,4.0,76.0,628.0,6022.0,61126.0,28276.0
2019-12-14,2019,211939.0,369856.5,246571,170967.5,0.0,0.0,5.0,44.0,439.0,4359.0,44633.0,21551.0
2019-12-15,2019,3418.0,10503.0,7002,4797.0,0.0,0.0,0.0,3.0,15.0,119.0,1204.0,596.0
2019-12-16,2019,4178.0,13809.0,9206,7624.0,0.0,0.0,1.0,0.0,18.0,172.0,1653.0,732.0
2019-12-17,2019,104544.0,191106.0,127404,87297.0,0.0,0.0,3.0,20.0,234.0,2276.0,22625.0,10658.0
2019-12-18,2019,113767.0,203785.5,135857,96300.0,0.0,0.0,4.0,32.0,232.0,2396.0,24468.0,10896.0
2019-12-19,2019,4434.0,14725.5,9817,6632.0,0.0,0.0,0.0,2.0,27.0,169.0,1795.0,838.0
2019-12-20,2019,142857.0,255481.5,170321,121100.0,0.0,0.0,5.0,34.0,307.0,3061.0,30635.0,14390.0
2019-12-21,2019,198073.0,345471.0,230314,172541.5,0.0,1.0,2.0,51.0,414.0,4193.0,41739.0,17079.0
2019-12-22,2019,3771.0,12066.0,8044,4929.5,0.0,0.0,0.0,1.0,12.0,125.0,1435.0,663.0
2019-12-23,2019,5078.0,18984.0,12656,8803.5,0.0,0.0,0.0,4.0,27.0,237.0,2342.0,1063.0
2019-12-24,2019,253800.0,462705.0,308470,212467.5,0.0,0.0,6.0,60.0,547.0,5485.0,55612.0,25919.0
2019-12-25,2019,112136.0,203037.0,135358,95223.0,0.0,0.0,3.0,38.0,263.0,2473.0,24163.0,10448.0
2019-12-26,2019,4906.0,17757.0,11838,9686.0,0.0,0.0,1.0,1.0,30.0,208.0,2158.0,1020.0
2019-12-27,2019,137239.0,249037.5,166025,112755.5,0.0,0.0,2.0,37.0,310.0,2946.0,30162.0,13401.0
2019-12-28,2019,193918.0,338394.0,225596,148888.5,0.0,0.0,2.0,39.0,435.0,4044.0,40246.0,18451.0
2019-12-29,2019,3734.0,12204.0,8136,5346.0,0.0,0.0,0.0,3.0,12.0,133.0,1457.0,618.0
2019-12-30,2019,5302.0,18661.5,12441,7888.0,0.0,0.0,0.0,2.0,22.0,215.0,2226.0,1014.0
2019-12-31,2019,301842.0,557308.5,371539,258742.0,0.0,0.0,9.0,64.0,670.0,6702.0,67227.0,31052.0
2020-01-01,2020,115236.0,208863.0,139242,92156.5,0.0,0.0,2.0,19.0,249.0,2551.0,24907.0,11205.0
2020-01-02,2020,4962.0,18214.5,12143,7971.0,0.0,0.0,0.0,2.0,16.0,229.0,2267.0,1048.0
2020-01-03,2020,139145.0,254127.0,169418,117802.0,0.0,0.0,4.0,32.0,303.0,2981.0,30468.0,14334.0
2020-01-04,2020,197017.0,344316.0,229544,159710.0,0.0,0.0,5.0,40.0,403.0,4092.0,41475.0,20160.0
2020-01-05,2020,3716.0,11970.0,7980,5347.0,0.0,0.0,0.0,2.0,10.0,155.0,1455.0,708.0
2020-01-06,2020,4825.0,16362.0,10908,7037.0,0.0,0.0,0.0,1.0,22.0,202.0,1996.0,930.0
2020-01-07,2020,108507.0,200191.5,133461,1108344.0,1.0,1.0,1.0,20.0,245.0,2413.0,24282.0,11210.0
2020-01-08,2020,116678.0,209428.5,139619,89752.5,0.0,0.0,0.0,26.0,247.0,2453.0,25492.0,10909.0
2020-01-09,2020,4168.0,13018.5,8679,6232.0,0.0,0.0,0.0,4.0,17.0,178.0,1543.0,744.0
2020-01-10,2020,149103.0,267637.5,178425,325767.5,1.0,0.0,4.0,41.0,313.0,3267.0,32018.0,15291.0
2020-01-11,2020,198669.0,343714.5,229143,154950.5,0.0,0.0,5.0,34.0,422.0,4074.0,41231.0,17919.0
2020-01-12,2020,3159.0,9244.5,6163,4652.0,0.0,0.0,0.0,4.0,12.0,123.0,1128.0,494.0
2020-01-13,2020,3955.0,12043.5,8029,5312.0,0.0,0.0,0.0,2.0,16.0,163.0,1407.0,642.0
2020-01-14,2020,113855.0,208201.5,138801,95286.5,0.0,0.0,3.0,22.0,249.0,2408.0,25360.0,11431.0
2020-01-15,2020,119672.0,213939.0,142626,96513.5,0.0,0.0,3.0,22.0,246.0,2457.0,25653.0,11735.0
2020-01-16,2020,4044.0,12924.0,8616,7912.0,0.0,0.0,1.0,3.0,14.0,167.0,1542.0,742.0
2020-01-17,2020,160788.0,287772.0,191848,126991.5,0.0,0.0,2.0,36.0,307.0,3489.0,34584.0,15359.0
2020-01-18,2020,202544.0,351393.0,234262,182224.5,0.0,1.0,6.0,48.0,405.0,4070.0,41946.0,18855.0
2020-01-19,2020,3131.0,8934.0,5956,3987.5,0.0,0.0,0.0,2.0,12.0,99.0,1073.0,471.0
2020-01-20,2020,3791.0,11818.5,7879,5213.0,0.0,0.0,0.0,1.0,22.0,149.0,1449.0,620.0
2020-01-21,2020,94776.0,172113.0,114742,78301.5,0.0,0.0,2.0,17.0,219.0,2032.0,20953.0,9637.0
2020-01-22,2020,125435.0,224868.0,149912,102531.0,0.0,0.0,4.0,21.0,272.0,2787.0,26979.0,11332.0
2020-01-23,2020,4062.0,13311.0,8874,5592.0,0.0,0.0,0.0,0.0,15.0,191.0,1600.0,758.0
2020-01-24,2020,136412.0,242451.0,161634,110179.0,0.0,0.0,4.0,24.0,299.0,2816.0,28866.0,13058.0
2020-01-25,2020,191340.0,330448.5,220299,151225.0,0.0,0.0,5.0,33.0,400.0,3991.0,39502.0,18444.0
2020-01-26,2020,3210.0,9510.0,6340,4069.0,0.0,0.0,0.0,1.0,10.0,105.0,1179.0,524.0
2020-01-27,2020,3963.0,12481.5,8321,5368.0,0.0,0.0,0.0,1.0,18.0,153.0,1519.0,670.0
2020-01-28,2020,91719.0,165438.0,110292,99548.5,0.0,1.0,4.0,20.0,190.0,2068.0,19790.0,9219.0
2020-01-29,2020,112048.0,199737.0,133158,98196.0,0.0,0.0,6.0,25.0,247.0,2419.0,23856.0,10966.0
2020-01-30,2020,4166.0,13710.0,9140,5636.0,0.0,0.0,0.0,1.0,21.0,165.0,1560.0,714.0
2020-01-31,2020,141243.0,251659.5,167773,114920.0,0.0,0.0,2.0,37.0,316.0,3067.0,30185.0,14330.0
2020-02-01,2020,198756.0,344416.5,229611,159384.0,0.0,0.0,8.0,34.0,413.0,4043.0,41210.0,17126.0
2020-02-02,2020,3301.0,9877.5,6585,6679.5,0.0,0.0,1.0,2.0,16.0,125.0,1215.0,603.0
2020-02-03,2020,4275.0,13557.0,9038,5886.0,0.0,0.0,0.0,2.0,18.0,166.0,1617.0,708.0
2020-02-04,2020,102985.0,187216.5,124811,85015.0,0.0,0.0,2.0,24.0,224.0,2227.0,22305.0,10660.0
2020-02-05,2020,112547.0,200370.0,133580,96060.5,0.0,0.0,4.0,22.0,236.0,2441.0,23995.0,12497.0
2020-02-06,2020,4373.0,14244.0,9496,6310.0,0.0,0.0,0.0,3.0,15.0,168.0,1706.0,772.0
2020-02-07,2020,223774.0,405603.0,270402,198510.5,0.0,1.0,2.0,48.0,499.0,4859.0,49066.0,21669.0
2020-02-08,2020,199235.0,345151.5,230101,164333.5,0.0,0.0,7.0,45.0,393.0,4215.0,41356.0,19791.0
2020-02-09,2020,3348.0,10197.0,6798,4440.5,0.0,0.0,0.0,1.0,13.0,120.0,1202.0,651.0
2020-02-10,2020,4028.0,12756.0,8504,5593.0,0.0,0.0,0.0,2.0,8.0,156.0,1573.0,738.0
2020-02-11,2020,101005.0,183505.5,122337,86777.5,0.0,0.0,4.0,20.0,205.0,2224.0,21957.0,10429.0
2020-02-12,2020,117969.0,210900.0,140600,93358.5,0.0,0.0,2.0,16.0,253.0,2496.0,25274.0,12047.0
2020-02-13,2020,4267.0,13795.5,9197,5749.5,0.0,0.0,0.0,2.0,13.0,170.0,1555.0,753.0
2020-02-14,2020,147677.0,262392.0,174928,115524.5,0.0,0.0,1.0,29.0,345.0,3180.0,31546.0,14555.0
2020-02-15,2020,199767.0,344982.0,229988,154555.5,0.0,0.0,3.0,30.0,409.0,4151.0,41379.0,20575.0
2020-02-16,2020,3252.0,10009.5,6673,24537.5,0.0,1.0,0.0,2.0,18.0,129.0,1144.0,563.0
2020-02-17,2020,4060.0,12915.0,8610,5630.0,0.0,0.0,0.0,2.0,18.0,156.0,1538.0,676.0
2020-02-18,2020,98011.0,178719.0,119146,102614.5,0.0,1.0,2.0,23.0,219.0,2286.0,21879.0,9631.0
2020-02-19,2020,109731.0,195805.5,130537,107577.5,0.0,1.0,2.0,17.0,226.0,2394.0,23515.0,11105.0
2020-02-20,2020,4156.0,13528.5,9019,5454.0,0.0,0.0,0.0,0.0,12.0,164.0,1642.0,740.0
2020-02-21,2020,141847.0,252643.5,168429,737340.5,1.0,1.0,4.0,31.0,307.0,3079.0,30632.0,13561.0
2020-02-22,2020,190378.0,328362.0,218908,158939.0,0.0,0.0,8.0,39.0,381.0,3916.0,39415.0,19406.0
2020-02-23,2020,3168.0,9387.0,6258,3613.0,0.0,0.0,0.0,0.0,8.0,88.0,1142.0,486.0
2020-02-24,2020,3830.0,12175.5,8117,5360.0,0.0,0.0,0.0,2.0,16.0,134.0,1499.0,648.0
2020-02-25,2020,101939.0,185314.5,123543,81819.0,0.0,0.0,1.0,22.0,201.0,2299.0,22029.0,10564.0
2020-02-26,2020,109564.0,195489.0,130326,86643.0,0.0,0.0,1.0,20.0,244.0,2374.0,23686.0,11014.0
2020-02-27,2020,3952.0,12783.0,8522,5371.0,0.0,0.0,0.0,1.0,19.0,138.0,1533.0,690.0
2020-02-28,2020,149691.0,267570.0,178380,119371.5,0.0,0.0,2.0,36.0,349.0,3114.0,31950.0,14481.0
2020-02-29,2020,196540.0,340221.0,226814,151875.5,0.0,0.0,3.0,41.0,393.0,4073.0,41052.0,18231.0
2020-03-01,2020,3123.0,9411.0,6274,3924.0,0.0,0.0,0.0,1.0,10.0,102.0,1132.0,500.0
2020-03-02,2020,4011.0,12892.5,8595,5550.5,0.0,0.0,0.0,2.0,18.0,129.0,1538.0,713.0
2020-03-03,2020,94477.0,171088.5,114059,78441.0,0.0,0.0,2.0,22.0,225.0,2079.0,20718.0,9140.0
2020-03-04,2020,119380.0,213331.5,142221,96841.0,0.0,0.0,2.0,28.0,255.0,2545.0,25531.0,12236.0
2020-03-05,2020,4101.0,13383.0,8922,5550.5,0.0,0.0,0.0,1.0,13.0,171.0,1583.0,713.0
2020-03-06,2020,138920.0,246933.0,164622,133081.0,0.0,1.0,3.0,36.0,302.0,3031.0,29386.0,13276.0
2020-03-07,2020,190776.0,329151.0,219434,139929.0,0.0,0.0,0.0,34.0,361.0,3939.0,39415.0,18256.0
2020-03-08,2020,3103.0,9280.5,6187,3943.0,0.0,0.0,0.0,1.0,5.0,114.0,1079.0,610.0
2020-03-09,2020,3782.0,12067.5,8045,5180.5,0.0,0.0,0.0,2.0,10.0,136.0,1432.0,691.0
2020-03-10,2020,95706.0,173037.0,115358,71955.5,0.0,0.0,0.0,11.0,212.0,2032.0,20480.0,9597.0
2020-03-11,2020,109943.0,195817.5,130545,87263.0,0.0,0.0,2.0,20.0,244.0,2320.0,23542.0,10466.0
2020-03-12,2020,3875.0,12228.0,8152,7159.5,0.0,0.0,1.0,1.0,14.0,146.0,1497.0,637.0
2020-03-13,2020,255494.0,455245.5,303497,212492.0,0.0,0.0,7.0,57.0,556.0,5466.0,54971.0,25800.0
2020-03-14,2020,180299.0,311434.5,207623,359012.0,1.0,1.0,3.0,35.0,356.0,3710.0,36953.0,17624.0
2020-03-15,2020,2936.0,8607.0,5738,5988.5,0.0,0.0,1.0,3.0,9.0,86.0,1039.0,467.0
2020-03-16,2020,3676.0,11271.0,7514,4992.5,0.0,0.0,0.0,2.0,17.0,127.0,1379.0,573.0
2020-03-17,2020,92199.0,168934.5,112623,74152.5,0.0,0.0,1.0,18.0,191.0,2024.0,20617.0,8919.0
2020-03-18,2020,102863.0,183576.0,122384,87609.0,0.0,0.0,5.0,24.0,208.0,2085.0,21978.0,9512.0
2020-03-19,2020,3564.0,11134.5,7423,4785.5,0.0,0.0,0.0,1.0,14.0,137.0,1400.0,547.0
2020-03-20,2020,111580.0,199606.5,133071,87059.0,0.0,0.0,1.0,21.0,227.0,2359.0,23958.0,11072.0
2020-03-21,2020,161677.0,280765.5,187177,143599.5,0.0,1.0,2.0,27.0,339.0,3394.0,33557.0,15557.0
2020-03-22,2020,3020.0,9343.5,6229,4115.0,0.0,0.0,0.0,2.0,9.0,114.0,1115.0,490.0
2020-03-23,2020,3554.0,11460.0,7640,5012.0,0.0,0.0,0.0,1.0,9.0,128.0,1474.0,696.0
2020-03-24,2020,75931.0,139257.0,92838,62617.0,0.0,0.0,0.0,25.0,202.0,1685.0,16885.0,7588.0
2020-03-25,2020,95729.0,172069.5,114713,79887.0,0.0,0.0,2.0,25.0,212.0,1971.0,20587.0,10412.0
2020-03-26,2020,3939.0,13129.5,8753,5495.0,0.0,0.0,0.0,1.0,19.0,150.0,1565.0,690.0
2020-03-27,2020,110186.0,197640.0,131760,97162.0,0.0,0.0,6.0,24.0,209.0,2413.0,23969.0,10786.0
2020-03-28,2020,165289.0,287619.0,191746,157403.5,0.0,1.0,5.0,39.0,334.0,3442.0,34416.0,17921.0
2020-03-29,2020,3157.0,9741.0,6494,4357.0,0.0,0.0,0.0,2.0,16.0,120.0,1130.0,518.0
2020-03-30,2020,3825.0,12379.5,8253,5216.0,0.0,0.0,0.0,1.0,15.0,163.0,1430.0,694.0
2020-03-31,2020,82802.0,153373.5,102249,67311.5,0.0,0.0,1.0,11.0,178.0,1846.0,18932.0,8305.0
2020-04-01,2020,99027.0,179188.5,119459,80799.5,0.0,0.0,2.0,23.0,211.0,2112.0,21458.0,9669.0
2020-04-02,2020,4066.0,13864.5,9243,6008.0,0.0,0.0,0.0,2.0,11.0,185.0,1690.0,722.0
2020-04-03,2020,115513.0,207888.0,138592,95452.0,0.0,0.0,2.0,35.0,243.0,2575.0,25107.0,11002.0
2020-04-04,2020,168933.0,295398.0,196932,140811.0,0.0,0.0,7.0,29.0,374.0,3540.0,35287.0,16838.0
2020-04-05,2020,3315.0,10713.0,7142,6501.5,0.0,0.0,1.0,1.0,11.0,117.0,1254.0,659.0
2020-04-06,2020,4055.0,13191.0,8794,5658.5,0.0,0.0,0.0,3.0,11.0,156.0,1538.0,655.0
2020-04-07,2020,84395.0,155491.5,103661,77189.0,0.0,0.0,5.0,21.0,197.0,1861.0,18653.0,8292.0
2020-04-08,2020,103553.0,187170.0,124780,84868.0,0.0,0.0,2.0,23.0,247.0,2243.0,22183.0,10498.0
2020-04-09,2020,4078.0,13363.5,8909,5533.5,0.0,0.0,0.0,0.0,18.0,162.0,1572.0,813.0
2020-04-10,2020,119446.0,215442.0,143628,96022.0,0.0,0.0,2.0,27.0,238.0,2505.0,25859.0,11746.0
2020-04-11,2020,175895.0,308115.0,205410,136663.5,0.0,0.0,2.0,33.0,370.0,3670.0,36959.0,17597.0
2020-04-12,2020,3432.0,11313.0,7542,5364.0,0.0,0.0,0.0,3.0,20.0,149.0,1370.0,586.0
2020-04-13,2020,3731.0,12082.5,8055,5294.0,0.0,0.0,0.0,2.0,17.0,140.0,1414.0,684.0
2020-04-14,2020,82821.0,153156.0,102104,78370.5,0.0,0.0,6.0,16.0,187.0,1883.0,18764.0,8325.0
2020-04-15,2020,106163.0,192903.0,128602,107345.0,0.0,1.0,2.0,28.0,211.0,2296.0,23182.0,10454.0
2020-04-16,2020,4021.0,13366.5,8911,5574.0,0.0,0.0,0.0,1.0,14.0,149.0,1624.0,734.0
2020-04-17,2020,121987.0,219942.0,146628,98984.5,0.0,0.0,2.0,23.0,288.0,2652.0,26848.0,11779.0
2020-04-18,2020,184426.0,325018.5,216679,147174.5,0.0,0.0,3.0,32.0,387.0,4049.0,39264.0,18841.0
2020-04-19,2020,3326.0,10480.5,6987,5127.0,0.0,0.0,0.0,3.0,14.0,131.0,1289.0,676.0
2020-04-20,2020,3968.0,13155.0,8770,5062.5,0.0,0.0,0.0,0.0,12.0,129.0,1530.0,745.0
2020-04-21,2020,82791.0,152553.0,101702,67077.0,0.0,0.0,1.0,18.0,186.0,1773.0,18302.0,8192.0
2020-04-22,2020,121566.0,222141.0,148094,92963.0,0.0,0.0,0.0,21.0,276.0,2664.0,26668.0,11058.0
2020-04-23,2020,11511.0,37230.0,24820,18267.0,0.0,0.0,1.0,7.0,40.0,411.0,4464.0,2056.0
2020-04-24,2020,118871.0,214906.5,143271,102431.0,0.0,0.0,4.0,32.0,253.0,2618.0,25918.0,12030.0
2020-04-25,2020,178481.0,313708.5,209139,167734.5,0.0,1.0,5.0,39.0,351.0,3836.0,37966.0,18535.0
2020-04-26,2020,3698.0,12174.0,8116,5123.0,0.0,0.0,0.0,1.0,14.0,142.0,1476.0,654.0
2020-04-27,2020,4372.0,14896.5,9931,6563.0,0.0,0.0,0.0,1.0,27.0,194.0,1807.0,826.0
2020-04-28,2020,84595.0,156447.0,104298,69092.0,0.0,0.0,1.0,17.0,185.0,1899.0,18809.0,8586.0
2020-04-29,2020,111401.0,202036.5,134691,102478.0,0.0,0.0,7.0,27.0,269.0,2399.0,24237.0,11486.0
2020-04-30,2020,5354.0,18379.5,12253,9973.0,0.0,0.0,1.0,1.0,24.0,225.0,2301.0,1044.0
2020-05-01,2020,117124.0,213325.5,142217,101092.5,0.0,0.0,2.0,32.0,301.0,2582.0,26129.0,13003.0
2020-05-02,2020,177904.0,314100.0,209400,147089.5,0.0,0.0,5.0,47.0,374.0,3718.0,37258.0,18069.0
2020-05-03,2020,3785.0,12579.0,8386,7089.0,0.0,0.0,1.0,0.0,11.0,162.0,1467.0,750.0
2020-05-04,2020,4657.0,15699.0,10466,6246.0,0.0,0.0,0.0,0.0,22.0,190.0,1822.0,808.0
2020-05-05,2020,91870.0,170460.0,113640,79697.0,0.0,0.0,2.0,26.0,202.0,2108.0,20847.0,9482.0
2020-05-06,2020,111817.0,203305.5,135537,93148.5,0.0,0.0,3.0,17.0,284.0,2419.0,24373.0,11485.0
2020-05-07,2020,4660.0,15960.0,10640,7300.5,0.0,0.0,0.0,3.0,15.0,236.0,1966.0,859.0
2020-05-08,2020,130951.0,238506.0,159004,106330.0,0.0,0.0,1.0,31.0,305.0,2876.0,28496.0,13772.0
2020-05-09,2020,187462.0,330222.0,220148,151584.5,0.0,0.0,4.0,37.0,418.0,4056.0,39316.0,19275.0
2020-05-10,2020,3799.0,12846.0,8564,5046.5,0.0,0.0,0.0,0.0,16.0,153.0,1485.0,661.0
2020-05-11,2020,4463.0,15325.5,10217,6759.0,0.0,0.0,0.0,2.0,26.0,162.0,1916.0,798.0
2020-05-12,2020,95239.0,177162.0,118108,82885.5,0.0,0.0,3.0,30.0,213.0,2128.0,20942.0,9401.0
2020-05-13,2020,118164.0,214342.5,142895,97446.0,0.0,0.0,2.0,26.0,256.0,2570.0,25946.0,12256.0
2020-05-14,2020,4637.0,15577.5,10385,6229.5,0.0,0.0,0.0,0.0,20.0,163.0,1884.0,831.0
2020-05-15,2020,136477.0,248397.0,165598,116041.5,0.0,0.0,4.0,27.0,329.0,2979.0,29928.0,14207.0
2020-05-16,2020,194753.0,342985.5,228657,159460.5,0.0,0.0,6.0,33.0,413.0,4104.0,41299.0,19655.0
2020-05-17,2020,3795.0,12628.5,8419,4986.0,0.0,0.0,0.0,0.0,10.0,168.0,1463.0,680.0
2020-05-18,2020,4546.0,15163.5,10109,6653.0,0.0,0.0,0.0,2.0,18.0,190.0,1846.0,834.0
2020-05-19,2020,91314.0,169618.5,113079,88689.5,0.0,0.0,8.0,20.0,180.0,2021.0,20683.0,9079.0
2020-05-20,2020,115754.0,209871.0,139914,99090.5,0.0,0.0,5.0,19.0,265.0,2553.0,25197.0,11221.0
2020-05-21,2020,4594.0,16395.0,10930,7633.5,0.0,0.0,0.0,5.0,14.0,190.0,1981.0,961.0
2020-05-22,2020,131658.0,241584.0,161056,106668.5,0.0,0.0,1.0,27.0,342.0,2838.0,29349.0,13027.0
2020-05-23,2020,184190.0,325602.0,217068,146068.5,0.0,0.0,1.0,49.0,425.0,4034.0,39399.0,17867.0
2020-05-24,2020,4001.0,13645.5,9097,5831.5,0.0,0.0,0.0,1.0,20.0,180.0,1673.0,657.0
2020-05-25,2020,4976.0,17887.5,11925,9342.0,0.0,0.0,1.0,0.0,21.0,220.0,2065.0,1128.0
2020-05-26,2020,103295.0,192850.5,128567,106393.5,0.0,1.0,1.0,31.0,215.0,2319.0,23284.0,10487.0
2020-05-27,2020,117510.0,214075.5,142717,101085.0,0.0,0.0,4.0,25.0,266.0,2597.0,25668.0,12296.0
2020-05-28,2020,5087.0,18753.0,12502,11493.0,0.0,0.0,2.0,0.0,23.0,217.0,2257.0,956.0
2020-05-29,2020,135412.0,246640.5,164427,111911.0,0.0,0.0,3.0,30.0,293.0,2929.0,29425.0,13704.0
2020-05-30,2020,198976.0,351633.0,234422,162501.0,0.0,0.0,6.0,42.0,402.0,4227.0,42324.0,18852.0
2020-05-31,2020,4229.0,14722.5,9815,6246.0,0.0,0.0,0.0,2.0,14.0,180.0,1763.0,760.0
2020-06-01,2020,4954.0,17964.0,11976,9489.0,0.0,0.0,1.0,0.0,35.0,198.0,2121.0,1038.0
2020-06-02,2020,90023.0,168337.5,112225,83804.5,0.0,0.0,6.0,19.0,204.0,2007.0,20032.0,9217.0
2020-06-03,2020,122480.0,225255.0,150170,104393.0,0.0,0.0,4.0,26.0,278.0,2708.0,26772.0,12366.0
2020-06-04,2020,5198.0,18906.0,12604,7922.0,0.0,0.0,0.0,1.0,17.0,220.0,2298.0,1124.0
2020-06-05,2020,139288.0,254509.5,169673,138993.0,0.0,1.0,5.0,22.0,323.0,3032.0,30511.0,14634.0
2020-06-06,2020,208450.0,368838.0,245892,191165.0,0.0,1.0,5.0,48.0,471.0,4293.0,44350.0,21320.0
2020-06-07,2020,4186.0,14277.0,9518,5914.0,0.0,0.0,0.0,0.0,22.0,158.0,1730.0,816.0
2020-06-08,2020,5062.0,17833.5,11889,8051.5,0.0,0.0,0.0,2.0,23.0,213.0,2212.0,1135.0
2020-06-09,2020,103993.0,194551.5,129701,84998.5,0.0,0.0,1.0,26.0,202.0,2246.0,23351.0,10551.0
2020-06-10,2020,133038.0,242476.5,161651,106264.5,0.0,0.0,2.0,19.0,294.0,2857.0,29375.0,13033.0
2020-06-11,2020,4959.0,17565.0,11710,7604.0,0.0,0.0,0.0,2.0,30.0,198.0,2102.0,940.0
2020-06-12,2020,142853.0,260725.5,173817,118259.5,0.0,0.0,3.0,25.0,311.0,3097.0,31408.0,15159.0
2020-06-13,2020,211540.0,373747.5,249165,168998.5,0.0,0.0,5.0,49.0,429.0,4488.0,45245.0,18459.0
2020-06-14,2020,4109.0,14184.0,9456,6793.5,0.0,0.0,0.0,5.0,10.0,158.0,1723.0,905.0
2020-06-15,2020,5030.0,17703.0,11802,10144.5,0.0,0.0,1.0,4.0,23.0,236.0,2145.0,943.0
2020-06-16,2020,97529.0,181374.0,120916,98356.0,0.0,1.0,0.0,24.0,204.0,2182.0,21795.0,9984.0
2020-06-17,2020,119407.0,217068.0,144712,98578.0,0.0,0.0,2.0,32.0,254.0,2553.0,25724.0,12590.0
2020-06-18,2020,5012.0,17457.0,11638,7505.5,0.0,0.0,0.0,1.0,23.0,225.0,2135.0,967.0
2020-06-19,2020,139032.0,252186.0,168124,112615.0,0.0,0.0,3.0,22.0,322.0,2957.0,30238.0,13676.0
2020-06-20,2020,192817.0,338391.0,225594,151254.0,0.0,0.0,5.0,30.0,403.0,4084.0,40295.0,17456.0
2020-06-21,2020,4173.0,14650.5,9767,6371.5,0.0,0.0,0.0,1.0,11.0,190.0,1837.0,885.0
2020-06-22,2020,5192.0,18913.5,12609,8310.0,0.0,0.0,0.0,3.0,19.0,238.0,2326.0,992.0
2020-06-23,2020,97839.0,182494.5,121663,84204.0,0.0,0.0,2.0,23.0,221.0,2106.0,21975.0,11136.0
2020-06-24,2020,114863.0,209824.5,139883,97032.0,0.0,0.0,2.0,38.0,244.0,2548.0,25299.0,11476.0
2020-06-25,2020,5138.0,18409.5,12273,7812.0,0.0,0.0,0.0,2.0,18.0,226.0,2160.0,1068.0
2020-06-26,2020,145885.0,266961.0,177974,126397.0,0.0,0.0,5.0,34.0,337.0,3148.0,31533.0,16034.0
2020-06-27,2020,191223.0,337486.5,224991,157335.0,0.0,0.0,7.0,33.0,431.0,4109.0,40225.0,18080.0
2020-06-28,2020,4063.0,14017.5,9345,6289.0,0.0,0.0,0.0,3.0,15.0,155.0,1731.0,768.0
2020-06-29,2020,5141.0,18424.5,12283,8243.0,0.0,0.0,0.0,3.0,29.0,212.0,2217.0,1046.0
2020-06-30,2020,110200.0,206877.0,137918,94799.5,0.0,0.0,2.0,28.0,274.0,2523.0,25030.0,11363.0
2020-07-01,2020,122322.0,223306.5,148871,100270.5,0.0,0.0,1.0,29.0,312.0,2623.0,26933.0,12833.0
2020-07-02,2020,5621.0,20569.5,13713,8989.5,0.0,0.0,0.0,3.0,25.0,229.0,2479.0,1191.0
2020-07-03,2020,228110.0,422148.0,281432,192864.0,0.0,0.0,6.0,55.0,484.0,5062.0,50817.0,22160.0
2020-07-04,2020,206995.0,366276.0,244184,174317.5,0.0,0.0,9.0,43.0,427.0,4508.0,44038.0,19041.0
2020-07-05,2020,4277.0,14982.0,9988,8807.5,0.0,0.0,1.0,3.0,13.0,211.0,1853.0,791.0
2020-07-06,2020,5555.0,19336.5,12891,7632.0,0.0,0.0,0.0,0.0,16.0,214.0,2323.0,1064.0
2020-07-07,2020,169474.0,323025.0,215350,142189.5,0.0,0.0,2.0,31.0,440.0,3850.0,38733.0,17649.0
2020-07-08,2020,130053.0,237265.5,158177,101452.5,0.0,0.0,0.0,27.0,279.0,2878.0,28499.0,12723.0
2020-07-09,2020,5406.0,19221.0,12814,8199.0,0.0,0.0,0.0,3.0,16.0,217.0,2320.0,1036.0
2020-07-10,2020,145340.0,263143.5,175429,120789.5,0.0,0.0,2.0,42.0,313.0,3141.0,31789.0,15231.0
2020-07-11,2020,202875.0,357402.0,238268,176907.5,0.0,1.0,2.0,43.0,421.0,4181.0,42966.0,19367.0
2020-07-12,2020,4170.0,14008.5,9339,6695.5,0.0,0.0,0.0,4.0,14.0,176.0,1698.0,893.0
2020-07-13,2020,4992.0,17458.5,11639,7610.5,0.0,0.0,0.0,2.0,22.0,227.0,2118.0,933.0
2020-07-14,2020,101076.0,188542.5,125695,85356.5,0.0,0.0,2.0,20.0,246.0,2313.0,22623.0,10417.0
2020-07-15,2020,116424.0,212217.0,141478,98532.0,0.0,0.0,3.0,18.0,279.0,2582.0,25261.0,13280.0
2020-07-16,2020,5104.0,18631.5,12421,7790.0,0.0,0.0,0.0,1.0,21.0,239.0,2275.0,950.0
2020-07-17,2020,138789.0,252375.0,168250,112097.0,0.0,0.0,2.0,28.0,332.0,2933.0,30243.0,13804.0
2020-07-18,2020,189119.0,333280.5,222187,148620.0,0.0,0.0,3.0,39.0,399.0,3963.0,39882.0,18174.0
2020-07-19,2020,3990.0,13630.5,9087,6298.0,0.0,0.0,0.0,4.0,13.0,173.0,1603.0,778.0
2020-07-20,2020,4994.0,17442.0,11628,7541.5,0.0,0.0,0.0,3.0,15.0,203.0,2100.0,951.0
2020-07-21,2020,89380.0,168826.5,112551,76874.5,0.0,0.0,3.0,18.0,210.0,1987.0,19999.0,8761.0
2020-07-22,2020,109915.0,202204.5,134803,112966.5,0.0,1.0,1.0,31.0,227.0,2512.0,24225.0,12811.0
2020-07-23,2020,5335.0,20145.0,13430,8721.0,0.0,0.0,0.0,2.0,34.0,244.0,2420.0,1054.0
2020-07-24,2020,129854.0,237112.5,158075,129998.0,0.0,1.0,3.0,31.0,309.0,2843.0,28446.0,13674.0
2020-07-25,2020,194544.0,345262.5,230175,156460.5,0.0,0.0,3.0,43.0,448.0,4238.0,41525.0,19107.0
2020-07-26,2020,4335.0,15282.0,10188,7074.5,0.0,0.0,0.0,3.0,23.0,192.0,1901.0,835.0
2020-07-27,2020,5296.0,19132.5,12755,7966.5,0.0,0.0,0.0,1.0,17.0,226.0,2318.0,1107.0
2020-07-28,2020,96418.0,180151.5,120101,77610.5,0.0,0.0,0.0,21.0,216.0,2149.0,21819.0,9805.0
2020-07-29,2020,120525.0,221794.5,147863,103848.0,0.0,0.0,5.0,25.0,223.0,2659.0,26641.0,11874.0
2020-07-30,2020,5366.0,19933.5,13289,8338.0,0.0,0.0,0.0,2.0,29.0,224.0,2345.0,1032.0
2020-07-31,2020,138221.0,252528.0,168352,119156.5,0.0,0.0,5.0,36.0,273.0,3103.0,30269.0,13629.0
2020-08-01,2020,198542.0,353082.0,235388,160302.5,0.0,0.0,4.0,47.0,403.0,4223.0,42382.0,19309.0
2020-08-02,2020,4368.0,15612.0,10408,6672.5,0.0,0.0,0.0,2.0,10.0,176.0,1928.0,891.0
2020-08-03,2020,5636.0,20148.0,13432,8109.0,0.0,0.0,0.0,0.0,24.0,228.0,2397.0,1130.0
2020-08-04,2020,107715.0,201951.0,134634,103587.5,0.0,0.0,8.0,32.0,242.0,2397.0,24007.0,10899.0
2020-08-05,2020,129567.0,239559.0,159706,110817.0,0.0,0.0,4.0,21.0,284.0,2888.0,28825.0,13898.0
2020-08-06,2020,5493.0,20188.5,13459,9949.5,0.0,0.0,1.0,0.0,22.0,236.0,2390.0,1033.0
2020-08-07,2020,149660.0,275295.0,183530,171619.0,0.0,2.0,5.0,47.0,338.0,3293.0,33223.0,15032.0
2020-08-08,2020,204007.0,363612.0,242408,160345.5,0.0,0.0,3.0,37.0,434.0,4322.0,43585.0,19657.0
2020-08-09,2020,4389.0,15694.5,10463,7327.5,0.0,0.0,0.0,4.0,25.0,194.0,1853.0,901.0
2020-08-10,2020,5378.0,19716.0,13144,8779.5,0.0,0.0,0.0,4.0,30.0,243.0,2315.0,1023.0
2020-08-11,2020,113600.0,215491.5,143661,97417.0,0.0,0.0,3.0,24.0,228.0,2557.0,25597.0,12052.0
2020-08-12,2020,116287.0,213906.0,142604,112721.5,0.0,1.0,1.0,23.0,234.0,2622.0,25591.0,11433.0
2020-08-13,2020,5586.0,20731.5,13821,8711.5,0.0,0.0,0.0,2.0,23.0,241.0,2517.0,1075.0
2020-08-14,2020,155563.0,287425.5,191617,152032.5,0.0,1.0,4.0,37.0,337.0,3415.0,34507.0,15869.0
2020-08-15,2020,179588.0,317467.5,211645,169286.0,0.0,1.0,7.0,33.0,366.0,3980.0,37971.0,17016.0
2020-08-16,2020,4301.0,15325.5,10217,6680.5,0.0,0.0,0.0,2.0,22.0,159.0,1916.0,809.0
2020-08-17,2020,5436.0,20020.5,13347,8266.5,0.0,0.0,0.0,1.0,23.0,237.0,2406.0,1073.0
2020-08-18,2020,117433.0,223189.5,148793,116208.5,0.0,1.0,1.0,17.0,237.0,2663.0,26815.0,12749.0
2020-08-19,2020,115623.0,212428.5,141619,95276.5,0.0,0.0,2.0,18.0,278.0,2554.0,25395.0,12371.0
2020-08-20,2020,5558.0,20578.5,13719,8818.0,0.0,0.0,0.0,3.0,28.0,247.0,2367.0,1126.0
2020-08-21,2020,172477.0,323043.0,215362,145516.0,0.0,0.0,1.0,37.0,369.0,3936.0,39384.0,20192.0
2020-08-22,2020,193177.0,343834.5,229223,175143.5,0.0,1.0,6.0,32.0,417.0,4136.0,41060.0,17069.0
2020-08-23,2020,4465.0,15618.0,10412,7074.0,0.0,0.0,0.0,4.0,17.0,184.0,1910.0,796.0
2020-08-24,2020,5612.0,21064.5,14043,8693.5,0.0,0.0,0.0,1.0,24.0,233.0,2513.0,1215.0
2020-08-25,2020,141714.0,272005.5,181337,131470.0,0.0,0.0,6.0,38.0,347.0,3368.0,32336.0,15612.0
2020-08-26,2020,121628.0,224370.0,149580,99418.5,0.0,0.0,1.0,27.0,262.0,2687.0,27383.0,12385.0
2020-08-27,2020,5550.0,20863.5,13909,8548.0,0.0,0.0,0.0,1.0,13.0,233.0,2491.0,1294.0
2020-08-28,2020,185551.0,348789.0,232526,181748.5,0.0,1.0,6.0,46.0,416.0,4115.0,41690.0,18849.0
2020-08-29,2020,200951.0,357933.0,238622,170949.0,0.0,0.0,6.0,43.0,435.0,4376.0,43311.0,22098.0
2020-08-30,2020,4531.0,16191.0,10794,7473.0,0.0,0.0,0.0,5.0,18.0,189.0,1900.0,912.0
2020-08-31,2020,5544.0,20463.0,13642,9876.5,0.0,0.0,0.0,7.0,29.0,271.0,2430.0,1121.0
2020-09-01,2020,162170.0,310837.5,207225,136444.0,0.0,0.0,2.0,28.0,394.0,3737.0,36920.0,17626.0
2020-09-02,2020,131867.0,244339.5,162893,119271.0,0.0,0.0,7.0,27.0,302.0,2901.0,29223.0,13920.0
2020-09-03,2020,6060.0,22759.5,15173,9774.0,0.0,0.0,0.0,3.0,27.0,266.0,2725.0,1236.0
2020-09-04,2020,185161.0,344856.0,229904,154049.5,0.0,0.0,4.0,38.0,387.0,4145.0,41106.0,18515.0
2020-09-05,2020,209615.0,374338.5,249559,164412.0,0.0,0.0,3.0,46.0,480.0,4537.0,44719.0,18326.0
2020-09-06,2020,4826.0,17451.0,11634,7452.0,0.0,0.0,0.0,3.0,17.0,185.0,2045.0,998.0
2020-09-07,2020,6293.0,23781.0,15854,10374.0,0.0,0.0,0.0,3.0,24.0,300.0,2859.0,1384.0
2020-09-08,2020,108937.0,205393.5,136929,94388.5,0.0,0.0,3.0,27.0,250.0,2430.0,24394.0,11367.0
2020-09-09,2020,117525.0,217429.5,144953,106192.5,0.0,0.0,4.0,33.0,271.0,2565.0,26479.0,13593.0
2020-09-10,2020,5886.0,22186.5,14791,9198.0,0.0,0.0,0.0,1.0,21.0,265.0,2668.0,1278.0
2020-09-11,2020,145661.0,266460.0,177640,118365.0,0.0,0.0,1.0,36.0,322.0,3342.0,32200.0,14410.0
2020-09-12,2020,193634.0,344283.0,229522,155630.0,0.0,0.0,4.0,43.0,416.0,4203.0,41316.0,18042.0
2020-09-13,2020,4619.0,16239.0,10826,7035.0,0.0,0.0,0.0,1.0,22.0,197.0,1952.0,1004.0
2020-09-14,2020,5744.0,21841.5,14561,9823.0,0.0,0.0,0.0,3.0,37.0,274.0,2655.0,1202.0
2020-09-15,2020,106656.0,201141.0,134094,96252.0,0.0,0.0,5.0,27.0,231.0,2417.0,23996.0,10770.0
2020-09-16,2020,115040.0,212878.5,141919,94391.0,0.0,0.0,1.0,26.0,253.0,2543.0,25570.0,12184.0
2020-09-17,2020,5726.0,21364.5,14243,9425.5,0.0,0.0,0.0,4.0,33.0,241.0,2517.0,1151.0
2020-09-18,2020,152346.0,279984.0,186656,127951.0,0.0,0.0,5.0,25.0,309.0,3348.0,33332.0,15578.0
2020-09-19,2020,190266.0,336637.5,224425,165962.5,0.0,1.0,3.0,31.0,387.0,4145.0,40288.0,16481.0
2020-09-20,2020,4505.0,15714.0,10476,8355.5,0.0,0.0,1.0,1.0,18.0,177.0,1859.0,795.0
2020-09-21,2020,6128.0,23412.0,15608,12020.5,0.0,0.0,1.0,3.0,30.0,287.0,2807.0,1181.0
2020-09-22,2020,109309.0,206839.5,137893,94334.5,0.0,0.0,4.0,12.0,242.0,2449.0,24628.0,11729.0
2020-09-23,2020,114665.0,214281.0,142854,96789.0,0.0,0.0,1.0,29.0,255.0,2512.0,25628.0,13382.0
2020-09-24,2020,6296.0,23679.0,15786,10730.0,0.0,0.0,0.0,5.0,33.0,282.0,2825.0,1340.0
2020-09-25,2020,221310.0,416818.5,277879,196211.5,0.0,0.0,8.0,37.0,513.0,5082.0,50108.0,24617.0
2020-09-26,2020,194963.0,349611.0,233074,184626.5,0.0,1.0,6.0,45.0,437.0,4125.0,41908.0,20297.0
2020-09-27,2020,4932.0,18270.0,12180,12388.5,0.0,0.0,2.0,5.0,22.0,233.0,2132.0,1013.0
2020-09-28,2020,6232.0,23949.0,15966,10554.5,0.0,0.0,0.0,4.0,26.0,294.0,2887.0,1327.0
2020-09-29,2020,102835.0,196564.5,131043,86178.5,0.0,0.0,1.0,15.0,231.0,2308.0,23696.0,11751.0
2020-09-30,2020,118697.0,222006.0,148004,120747.5,0.0,1.0,2.0,36.0,248.0,2688.0,26663.0,11881.0
2020-10-01,2020,6984.0,27436.5,18291,11697.0,0.0,0.0,0.0,4.0,26.0,323.0,3298.0,1444.0
2020-10-02,2020,149034.0,275944.5,183963,122588.5,0.0,0.0,2.0,35.0,346.0,3274.0,32774.0,15167.0
2020-10-03,2020,199106.0,359065.5,239377,169574.0,0.0,0.0,5.0,53.0,440.0,4421.0,43502.0,20710.0
2020-10-04,2020,5200.0,18808.5,12539,7586.5,0.0,0.0,0.0,0.0,22.0,232.0,2229.0,1019.0
2020-10-05,2020,6849.0,25821.0,17214,10706.5,0.0,0.0,0.0,2.0,27.0,294.0,3138.0,1347.0
2020-10-06,2020,99925.0,191235.0,127490,87777.5,0.0,0.0,2.0,23.0,228.0,2286.0,22896.0,11597.0
2020-10-07,2020,126430.0,237600.0,158400,115781.0,0.0,0.0,5.0,44.0,293.0,2891.0,28526.0,13076.0
2020-10-08,2020,6469.0,25084.5,16723,10418.5,0.0,0.0,0.0,2.0,24.0,300.0,3009.0,1347.0
2020-10-09,2020,144309.0,265699.5,177133,163228.0,0.0,2.0,4.0,25.0,335.0,3171.0,31949.0,15850.0
2020-10-10,2020,201360.0,360430.5,240287,159069.5,0.0,0.0,3.0,40.0,401.0,4259.0,43253.0,19499.0
2020-10-11,2020,4938.0,17784.0,11856,7232.5,0.0,0.0,0.0,0.0,22.0,197.0,2150.0,1005.0
2020-10-12,2020,6151.0,23253.0,15502,9578.0,0.0,0.0,0.0,2.0,17.0,256.0,2795.0,1312.0
2020-10-13,2020,104940.0,202266.0,134844,88163.5,0.0,0.0,1.0,19.0,239.0,2418.0,24295.0,11269.0
2020-10-14,2020,121467.0,226381.5,150921,96374.5,0.0,0.0,0.0,26.0,250.0,2628.0,27305.0,12283.0
2020-10-15,2020,6389.0,24613.5,16409,10140.0,0.0,0.0,0.0,2.0,25.0,292.0,2915.0,1300.0
2020-10-16,2020,147659.0,273015.0,182010,144971.5,0.0,1.0,3.0,25.0,344.0,3339.0,32944.0,16339.0
2020-10-17,2020,193880.0,346474.5,230983,154231.0,0.0,0.0,3.0,35.0,438.0,4202.0,41626.0,18806.0
2020-10-18,2020,4835.0,17431.5,11621,7284.0,0.0,0.0,0.0,0.0,24.0,210.0,2121.0,1008.0
2020-10-19,2020,5983.0,22164.0,14776,9135.5,0.0,0.0,0.0,1.0,29.0,268.0,2640.0,1157.0
2020-10-20,2020,103774.0,199147.5,132765,86267.5,0.0,0.0,0.0,22.0,238.0,2401.0,24242.0,11079.0
2020-10-21,2020,121957.0,229105.5,152737,100267.5,0.0,0.0,0.0,30.0,290.0,2806.0,27333.0,13181.0
2020-10-22,2020,6589.0,26098.5,17399,11378.0,0.0,0.0,0.0,3.0,36.0,359.0,3119.0,1350.0
2020-10-23,2020,149940.0,281331.0,187554,135022.5,0.0,0.0,7.0,34.0,332.0,3419.0,33771.0,15297.0
2020-10-24,2020,195194.0,353283.0,235522,179361.5,0.0,1.0,4.0,31.0,407.0,4224.0,42419.0,20709.0
2020-10-25,2020,5252.0,19137.0,12758,8881.0,0.0,0.0,0.0,5.0,29.0,214.0,2382.0,978.0
2020-10-26,2020,6245.0,24408.0,16272,12949.5,0.0,0.0,1.0,4.0,34.0,307.0,3020.0,1263.0
2020-10-27,2020,110820.0,213012.0,142008,114957.0,0.0,1.0,1.0,24.0,253.0,2552.0,25267.0,13202.0
2020-10-28,2020,123456.0,232003.5,154669,123713.5,0.0,1.0,1.0,32.0,294.0,2744.0,27845.0,13349.0
2020-10-29,2020,6657.0,26473.5,17649,10849.5,0.0,0.0,0.0,2.0,21.0,348.0,3106.0,1385.0
2020-10-30,2020,139881.0,260571.0,173714,117346.5,0.0,0.0,2.0,25.0,296.0,3173.0,31448.0,15777.0
2020-10-31,2020,202356.0,364212.0,242808,171420.5,0.0,0.0,6.0,55.0,423.0,4450.0,43979.0,19835.0
2020-11-01,2020,5295.0,19356.0,12904,7964.5,0.0,0.0,0.0,0.0,27.0,235.0,2278.0,1129.0
2020-11-02,2020,7163.0,27997.5,18665,14169.5,0.0,0.0,1.0,4.0,34.0,348.0,3343.0,1509.0
2020-11-03,2020,99613.0,192531.0,128354,92422.5,0.0,0.0,4.0,30.0,227.0,2223.0,23247.0,10849.0
2020-11-04,2020,117679.0,223248.0,148832,106537.0,0.0,0.0,4.0,26.0,278.0,2666.0,26794.0,13906.0
2020-11-05,2020,7158.0,28725.0,19150,12075.0,0.0,0.0,0.0,3.0,29.0,324.0,3439.0,1598.0
2020-11-06,2020,145752.0,274962.0,183308,131428.5,0.0,0.0,7.0,30.0,298.0,3265.0,33021.0,15401.0
2020-11-07,2020,198799.0,360505.5,240337,169819.0,0.0,0.0,8.0,35.0,436.0,4264.0,43835.0,19406.0
2020-11-08,2020,5540.0,20805.0,13870,8615.5,0.0,0.0,0.0,1.0,25.0,256.0,2489.0,1105.0
2020-11-09,2020,6854.0,27066.0,18044,11976.0,0.0,0.0,0.0,5.0,34.0,321.0,3183.0,1550.0
2020-11-10,2020,106361.0,204676.5,136451,88700.5,0.0,0.0,0.0,24.0,247.0,2517.0,24772.0,11221.0
2020-11-11,2020,115061.0,215103.0,143402,93406.0,0.0,0.0,1.0,17.0,275.0,2618.0,25963.0,11660.0
2020-11-12,2020,6642.0,26052.0,17368,11209.0,0.0,0.0,0.0,3.0,36.0,295.0,3109.0,1464.0
2020-11-13,2020,316596.0,594912.0,396608,273464.0,0.0,0.0,8.0,61.0,686.0,7218.0,72110.0,34156.0
2020-11-14,2020,216284.0,390423.0,260282,181192.5,0.0,0.0,7.0,45.0,457.0,4607.0,47003.0,21341.0
2020-11-15,2020,5397.0,19272.0,12848,8605.5,0.0,0.0,0.0,3.0,24.0,275.0,2293.0,1043.0
2020-11-16,2020,6614.0,25300.5,16867,10673.0,0.0,0.0,0.0,2.0,28.0,328.0,2994.0,1390.0
2020-11-17,2020,110504.0,211846.5,141231,97166.0,0.0,0.0,1.0,32.0,236.0,2518.0,25870.0,13144.0
2020-11-18,2020,135204.0,253320.0,168880,112877.0,0.0,0.0,2.0,29.0,305.0,3026.0,30614.0,13746.0
2020-11-19,2020,6897.0,26731.5,17821,14126.5,0.0,0.0,1.0,7.0,33.0,310.0,3161.0,1463.0
2020-11-20,2020,221968.0,417802.5,278535,227907.0,0.0,2.0,2.0,50.0,481.0,4971.0,50633.0,25444.0
2020-11-21,2020,219726.0,398152.5,265435,174362.0,0.0,0.0,2.0,54.0,417.0,4738.0,47539.0,21636.0
2020-11-22,2020,5367.0,19464.0,12976,10100.5,0.0,0.0,1.0,0.0,25.0,243.0,2406.0,1049.0
2020-11-23,2020,6503.0,24229.5,16153,10841.5,0.0,0.0,0.0,4.0,29.0,279.0,2987.0,1395.0
2020-11-24,2020,148848.0,286743.0,191162,137579.5,0.0,0.0,7.0,39.0,340.0,3486.0,34434.0,15121.0
2020-11-25,2020,149515.0,282276.0,188184,131730.0,0.0,0.0,5.0,28.0,359.0,3491.0,34082.0,15554.0
2020-11-26,2020,7233.0,27672.0,18448,14066.0,0.0,0.0,1.0,5.0,31.0,334.0,3236.0,1536.0
2020-11-27,2020,209938.0,399129.0,266086,182585.0,0.0,0.0,4.0,47.0,495.0,4755.0,48253.0,23336.0
2020-11-28,2020,205937.0,371427.0,247618,185803.5,0.0,0.0,11.0,54.0,451.0,4541.0,44632.0,21343.0
2020-11-29,2020,5507.0,20028.0,13352,10291.5,0.0,0.0,1.0,0.0,30.0,258.0,2363.0,1117.0
2020-11-30,2020,6865.0,26221.5,17481,10784.5,0.0,0.0,0.0,2.0,29.0,330.0,3004.0,1431.0
2020-12-01,2020,165934.0,324325.5,216217,145337.5,0.0,0.0,3.0,45.0,386.0,3844.0,38369.0,17773.0
2020-12-02,2020,134646.0,253213.5,168809,110171.5,0.0,0.0,1.0,29.0,315.0,3012.0,30362.0,13525.0
2020-12-03,2020,7382.0,28638.0,19092,32200.5,0.0,1.0,0.0,3.0,25.0,378.0,3505.0,1467.0
2020-12-04,2020,330376.0,649995.0,433330,283047.0,0.0,0.0,3.0,65.0,777.0,7852.0,77937.0,35582.0
2020-12-05,2020,219842.0,396513.0,264342,181495.5,0.0,0.0,6.0,53.0,470.0,4654.0,47611.0,20669.0
2020-12-06,2020,5675.0,20434.5,13623,8991.5,0.0,0.0,0.0,2.0,18.0,285.0,2474.0,1239.0
2020-12-07,2020,7262.0,26925.0,17950,11673.0,0.0,0.0,0.0,4.0,28.0,297.0,3265.0,1532.0
2020-12-08,2020,231472.0,458323.5,305549,208490.5,0.0,0.0,4.0,64.0,537.0,5377.0,55250.0,26377.0
2020-12-09,2020,142908.0,268326.0,178884,119076.0,0.0,0.0,0.0,41.0,344.0,3298.0,32590.0,14884.0
2020-12-10,2020,7002.0,25750.5,17167,11340.0,0.0,0.0,0.0,3.0,32.0,322.0,3078.0,1556.0
2020-12-11,2020,264287.0,509824.5,339883,252924.5,0.0,1.0,5.0,74.0,582.0,6078.0,60959.0,29451.0
2020-12-12,2020,217869.0,393183.0,262122,172917.0,0.0,0.0,4.0,39.0,446.0,4755.0,47505.0,19608.0
2020-12-13,2020,5751.0,20914.5,13943,10713.0,0.0,0.0,1.0,3.0,21.0,240.0,2435.0,1082.0
2020-12-14,2020,7071.0,27325.5,18217,13646.5,0.0,0.0,1.0,4.0,32.0,322.0,3201.0,1463.0
2020-12-15,2020,116399.0,224530.5,149687,101402.0,0.0,0.0,2.0,27.0,259.0,2758.0,26961.0,12740.0
2020-12-16,2020,130459.0,246081.0,164054,111925.5,0.0,0.0,3.0,24.0,309.0,2965.0,29852.0,13611.0
2020-12-17,2020,7525.0,29782.5,19855,13177.0,0.0,0.0,0.0,3.0,40.0,390.0,3637.0,1702.0
2020-12-18,2020,162070.0,303432.0,202288,142075.0,0.0,0.0,5.0,33.0,374.0,3689.0,35939.0,18448.0
2020-12-19,2020,207774.0,374112.0,249408,166167.0,0.0,0.0,1.0,48.0,447.0,4579.0,44965.0,21868.0
2020-12-20,2020,5449.0,19806.0,13204,9586.0,0.0,0.0,0.0,6.0,37.0,225.0,2386.0,1166.0
2020-12-21,2020,7391.0,28744.5,19163,12752.5,0.0,0.0,0.0,3.0,42.0,366.0,3563.0,1571.0
2020-12-22,2020,122430.0,237468.0,158312,103849.5,0.0,0.0,1.0,28.0,273.0,2740.0,28707.0,13117.0
2020-12-23,2020,141995.0,270328.5,180219,126151.5,0.0,0.0,7.0,25.0,326.0,3098.0,31839.0,14309.0
2020-12-24,2020,177410.0,352033.5,234689,156586.0,0.0,0.0,3.0,37.0,448.0,4178.0,42445.0,18964.0
2020-12-25,2020,142254.0,267912.0,178608,142547.5,0.0,1.0,3.0,36.0,330.0,3262.0,32361.0,14477.0
2020-12-26,2020,194407.0,355980.0,237320,160133.0,0.0,0.0,3.0,41.0,429.0,4267.0,42991.0,20024.0
2020-12-27,2020,6173.0,23014.5,15343,11000.5,0.0,0.0,0.0,6.0,39.0,295.0,2779.0,1325.0
2020-12-28,2020,7767.0,30526.5,20351,13286.5,0.0,0.0,0.0,3.0,42.0,382.0,3562.0,1875.0
2020-12-29,2020,119710.0,232564.5,155043,104089.5,0.0,0.0,2.0,25.0,234.0,2901.0,28086.0,13155.0
2020-12-30,2020,137472.0,261108.0,174072,125960.5,0.0,0.0,5.0,36.0,281.0,3177.0,31498.0,16173.0
2020-12-31,2020,235526.0,469263.0,312842,238781.0,0.0,1.0,9.0,52.0,549.0,5697.0,56525.0,25244.0
2021-01-01,2021,160468.0,303168.0,202112,133710.0,0.0,0.0,3.0,37.0,331.0,3639.0,35509.0,16318.0
2021-01-02,2021,197390.0,361428.0,240952,169543.5,0.0,0.0,5.0,41.0,427.0,4453.0,43407.0,22483.0
2021-01-03,2021,5756.0,21124.5,14083,10534.5,0.0,0.0,1.0,0.0,22.0,250.0,2499.0,1231.0
2021-01-04,2021,7107.0,26130.0,17420,11114.0,0.0,0.0,0.0,3.0,39.0,300.0,3139.0,1304.0
2021-01-05,2021,105319.0,202158.0,134772,111354.5,0.0,1.0,3.0,21.0,236.0,2421.0,23989.0,10901.0
2021-01-06,2021,178017.0,340738.5,227159,170371.0,0.0,0.0,9.0,47.0,431.0,4211.0,40697.0,21268.0
2021-01-07,2021,6948.0,27078.0,18052,11688.0,0.0,0.0,0.0,2.0,34.0,345.0,3192.0,1666.0
2021-01-08,2021,148738.0,277653.0,185102,2333089.0,1.0,0.0,6.0,40.0,362.0,3352.0,33422.0,14830.0
2021-01-09,2021,248769.0,451851.0,301234,212195.0,0.0,0.0,8.0,77.0,553.0,5451.0,53522.0,23624.0
2021-01-10,2021,4409.0,14049.0,9366,5917.5,0.0,0.0,0.0,1.0,12.0,175.0,1708.0,791.0
2021-01-11,2021,5336.0,17572.5,11715,7641.0,0.0,0.0,0.0,3.0,18.0,220.0,2087.0,938.0
2021-01-12,2021,106671.0,199330.5,132887,96041.5,0.0,0.0,3.0,36.0,223.0,2367.0,24067.0,12275.0
2021-01-13,2021,180297.0,335232.0,223488,175579.0,0.0,1.0,6.0,38.0,388.0,4052.0,40181.0,18398.0
2021-01-14,2021,5368.0,18177.0,12118,7610.0,0.0,0.0,0.0,2.0,21.0,209.0,2181.0,922.0
2021-01-15,2021,144446.0,262857.0,175238,113574.5,0.0,0.0,1.0,31.0,299.0,3207.0,31320.0,13813.0
2021-01-16,2021,247663.0,446070.0,297380,224450.0,0.0,1.0,7.0,42.0,544.0,5345.0,54107.0,24154.0
2021-01-17,2021,4235.0,13132.5,8755,5584.5,0.0,0.0,0.0,0.0,21.0,145.0,1646.0,765.0
2021-01-18,2021,4938.0,15823.5,10549,6775.0,0.0,0.0,0.0,1.0,26.0,189.0,1922.0,844.0
2021-01-19,2021,106735.0,197934.0,131956,94396.5,0.0,0.0,4.0,27.0,227.0,2384.0,23584.0,11579.0
2021-01-20,2021,179626.0,332670.0,221780,148649.5,0.0,0.0,4.0,35.0,375.0,3993.0,39866.0,17635.0
2021-01-21,2021,4999.0,17173.5,11449,7039.5,0.0,0.0,0.0,1.0,19.0,205.0,2001.0,955.0
2021-01-22,2021,153676.0,280509.0,187006,123836.0,0.0,0.0,2.0,35.0,308.0,3362.0,33641.0,15056.0
2021-01-23,2021,208682.0,368515.5,245677,205890.5,0.0,2.0,2.0,42.0,470.0,4380.0,44011.0,22779.0
2021-01-24,2021,4011.0,12616.5,8411,6906.0,0.0,0.0,1.0,0.0,14.0,134.0,1498.0,640.0
2021-01-25,2021,4799.0,15997.5,10665,6596.5,0.0,0.0,0.0,0.0,22.0,184.0,1938.0,907.0
2021-01-26,2021,98272.0,182421.0,121614,82522.0,0.0,0.0,2.0,25.0,224.0,2151.0,21729.0,9886.0
2021-01-27,2021,127952.0,234687.0,156458,111976.0,0.0,0.0,5.0,32.0,282.0,2841.0,27928.0,13250.0
2021-01-28,2021,5138.0,17992.5,11995,8051.0,0.0,0.0,0.0,4.0,18.0,227.0,2176.0,936.0
2021-01-29,2021,150758.0,275476.5,183651,125207.5,0.0,0.0,4.0,26.0,334.0,3279.0,33031.0,15247.0
2021-01-30,2021,206039.0,363807.0,242538,166636.5,0.0,0.0,7.0,40.0,421.0,4363.0,43553.0,18197.0
2021-01-31,2021,4044.0,13158.0,8772,5526.0,0.0,0.0,0.0,0.0,16.0,178.0,1579.0,772.0
2021-02-01,2021,5187.0,17367.0,11578,7992.5,0.0,0.0,0.0,4.0,27.0,220.0,2060.0,955.0
2021-02-02,2021,109505.0,204441.0,136294,93520.5,0.0,0.0,1.0,32.0,249.0,2456.0,24430.0,12667.0
2021-02-03,2021,130511.0,239293.5,159529,106543.0,0.0,0.0,2.0,25.0,295.0,2888.0,28880.0,12962.0
2021-02-04,2021,5261.0,17929.5,11953,7604.5,0.0,0.0,0.0,1.0,19.0,227.0,2224.0,961.0
2021-02-05,2021,231763.0,432546.0,288364,199461.0,0.0,0.0,5.0,68.0,556.0,5305.0,51354.0,23672.0
2021-02-06,2021,215275.0,380953.5,253969,170665.0,0.0,0.0,4.0,39.0,458.0,4559.0,44775.0,22240.0
2021-02-07,2021,4054.0,12841.5,8561,5673.0,0.0,0.0,0.0,1.0,15.0,155.0,1608.0,788.0
2021-02-08,2021,4779.0,15526.5,10351,6765.5,0.0,0.0,0.0,2.0,23.0,180.0,1857.0,861.0
2021-02-09,2021,144828.0,275907.0,183938,145873.5,0.0,1.0,3.0,23.0,339.0,3252.0,33183.0,17245.0
2021-02-10,2021,123559.0,225528.0,150352,101737.5,0.0,0.0,3.0,17.0,261.0,2701.0,27069.0,12983.0
2021-02-11,2021,4794.0,16051.5,10701,7008.5,0.0,0.0,0.0,2.0,21.0,206.0,1884.0,927.0
2021-02-12,2021,191701.0,355521.0,237014,177992.5,0.0,1.0,3.0,43.0,430.0,4203.0,42452.0,19249.0
2021-02-13,2021,204610.0,359049.0,239366,161480.5,0.0,0.0,3.0,47.0,432.0,4255.0,43550.0,19377.0
2021-02-14,2021,106350.0,200812.5,133875,112275.5,0.0,1.0,2.0,27.0,266.0,2432.0,24501.0,10929.0
2021-02-15,2021,4532.0,14329.5,9553,8306.5,0.0,0.0,1.0,3.0,18.0,188.0,1655.0,731.0
2021-02-16,2021,152648.0,291298.5,194199,136972.0,0.0,0.0,6.0,38.0,343.0,3506.0,34599.0,15856.0
2021-02-17,2021,140707.0,257103.0,171402,137672.5,0.0,1.0,3.0,34.0,286.0,3174.0,30746.0,14527.0
2021-02-18,2021,4837.0,15831.0,10554,6486.5,0.0,0.0,0.0,0.0,22.0,175.0,1946.0,853.0
2021-02-19,2021,253365.0,486198.0,324132,241114.0,0.0,1.0,7.0,52.0,577.0,5781.0,58504.0,26174.0
2021-02-20,2021,204683.0,360490.5,240327,179650.5,0.0,0.0,10.0,53.0,409.0,4394.0,43497.0,21271.0
2021-02-21,2021,4082.0,13114.5,8743,5812.0,0.0,0.0,0.0,2.0,20.0,144.0,1600.0,728.0
2021-02-22,2021,4917.0,16401.0,10934,6804.5,0.0,0.0,0.0,1.0,17.0,208.0,1935.0,903.0
2021-02-23,2021,228320.0,443769.0,295846,226247.5,0.0,1.0,7.0,60.0,571.0,5376.0,53267.0,23609.0
2021-02-24,2021,130798.0,238720.5,159147,105968.0,0.0,0.0,2.0,26.0,290.0,2852.0,28949.0,12540.0
2021-02-25,2021,5333.0,18132.0,12088,7539.5,0.0,0.0,0.0,1.0,21.0,243.0,2154.0,931.0
2021-02-26,2021,281746.0,537427.5,358285,238381.5,0.0,0.0,4.0,59.0,690.0,6415.0,64877.0,28635.0
2021-02-27,2021,213980.0,378946.5,252631,179227.0,0.0,0.0,5.0,57.0,483.0,4635.0,45894.0,22136.0
2021-02-28,2021,4296.0,13944.0,9296,5948.0,0.0,0.0,0.0,1.0,18.0,160.0,1661.0,844.0
2021-03-01,2021,5252.0,17509.5,11673,7253.5,0.0,0.0,0.0,1.0,21.0,212.0,2129.0,877.0
2021-03-02,2021,115084.0,215658.0,143772,696136.5,1.0,0.0,2.0,22.0,252.0,2529.0,25608.0,12557.0
2021-03-03,2021,140248.0,256159.5,170773,114974.0,0.0,0.0,1.0,32.0,325.0,3207.0,31101.0,14558.0
2021-03-04,2021,6210.0,18499.5,12333,7354.5,0.0,0.0,0.0,0.0,18.0,223.0,2195.0,993.0
2021-03-05,2021,164891.0,300079.5,200053,138272.5,0.0,0.0,6.0,27.0,364.0,3557.0,35330.0,16765.0
2021-03-06,2021,230794.0,405100.5,270067,175724.5,0.0,0.0,2.0,44.0,465.0,4786.0,48546.0,21735.0
2021-03-07,2021,3962.0,12489.0,8326,5325.0,0.0,0.0,0.0,0.0,18.0,170.0,1555.0,670.0
2021-03-08,2021,5146.0,16183.5,10789,8823.5,0.0,0.0,1.0,1.0,15.0,213.0,1940.0,919.0
2021-03-09,2021,115495.0,215031.0,143354,97536.0,0.0,0.0,3.0,23.0,265.0,2557.0,25766.0,11546.0
2021-03-10,2021,145379.0,264862.5,176575,318276.5,1.0,0.0,4.0,28.0,296.0,3195.0,31361.0,13373.0
2021-03-11,2021,5629.0,16848.0,11232,6978.5,0.0,0.0,0.0,1.0,25.0,188.0,2016.0,871.0
2021-03-12,2021,206772.0,382467.0,254978,179703.0,0.0,0.0,6.0,49.0,444.0,4607.0,45252.0,23656.0
2021-03-13,2021,230280.0,406083.0,270722,185487.5,0.0,0.0,5.0,38.0,521.0,4903.0,48918.0,23411.0
2021-03-14,2021,3936.0,11964.0,7976,4973.0,0.0,0.0,0.0,0.0,15.0,139.0,1464.0,700.0
2021-03-15,2021,4886.0,14979.0,9986,6323.5,0.0,0.0,0.0,1.0,20.0,156.0,1742.0,973.0
2021-03-16,2021,118870.0,222300.0,148200,99860.5,0.0,0.0,2.0,23.0,279.0,2709.0,27055.0,12017.0
2021-03-17,2021,129535.0,235150.5,156767,111952.0,0.0,0.0,6.0,22.0,301.0,2746.0,27932.0,13292.0
2021-03-18,2021,5181.0,15985.5,10657,7402.0,0.0,0.0,0.0,3.0,31.0,186.0,1942.0,912.0
2021-03-19,2021,165296.0,302304.0,201536,137713.0,0.0,0.0,2.0,44.0,373.0,3550.0,35876.0,18634.0
2021-03-20,2021,208329.0,364378.5,242919,162808.5,0.0,0.0,3.0,51.0,397.0,4395.0,43655.0,19589.0
2021-03-21,2021,3941.0,12585.0,8390,5283.5,0.0,0.0,0.0,1.0,16.0,122.0,1527.0,733.0
2021-03-22,2021,4813.0,15589.5,10393,7443.0,0.0,0.0,0.0,3.0,22.0,225.0,1895.0,992.0
2021-03-23,2021,118624.0,222208.5,148139,101622.5,0.0,0.0,2.0,28.0,272.0,2691.0,26882.0,12909.0
2021-03-24,2021,132027.0,240243.0,160162,108025.0,0.0,0.0,2.0,32.0,285.0,2803.0,28680.0,13700.0
2021-03-25,2021,5141.0,16686.0,11124,7095.5,0.0,0.0,0.0,2.0,16.0,188.0,2027.0,921.0
2021-03-26,2021,171535.0,315567.0,210378,166573.5,0.0,1.0,5.0,37.0,397.0,3738.0,38104.0,17557.0
2021-03-27,2021,205216.0,360022.5,240015,188984.0,0.0,1.0,9.0,35.0,468.0,4305.0,43207.0,17790.0
2021-03-28,2021,3925.0,12420.0,8280,5197.0,0.0,0.0,0.0,1.0,18.0,155.0,1403.0,704.0
2021-03-29,2021,4645.0,14862.0,9908,6704.5,0.0,0.0,0.0,3.0,27.0,182.0,1725.0,803.0
2021-03-30,2021,127334.0,239689.5,159793,132411.0,0.0,1.0,4.0,42.0,258.0,2866.0,28731.0,12706.0
2021-03-31,2021,125356.0,228001.5,152001,101036.5,0.0,0.0,1.0,30.0,281.0,2762.0,27525.0,12371.0
2021-04-01,2021,4881.0,16497.0,10998,8907.0,0.0,0.0,1.0,1.0,14.0,200.0,2043.0,894.0
2021-04-02,2021,179980.0,333285.0,222190,169398.5,0.0,1.0,3.0,45.0,397.0,3969.0,39611.0,18261.0
2021-04-03,2021,202600.0,355651.5,237101,170144.5,0.0,0.0,9.0,39.0,396.0,4271.0,43146.0,19185.0
2021-04-04,2021,4156.0,13474.5,8983,6759.0,0.0,0.0,0.0,5.0,22.0,206.0,1603.0,722.0
2021-04-05,2021,4576.0,14728.5,9819,6366.0,0.0,0.0,0.0,2.0,21.0,190.0,1722.0,768.0
2021-04-06,2021,96431.0,180862.5,120575,83921.0,0.0,0.0,3.0,24.0,200.0,2201.0,21714.0,9792.0
2021-04-07,2021,120486.0,221766.0,147844,98443.5,0.0,0.0,1.0,28.0,252.0,2723.0,26684.0,12547.0
2021-04-08,2021,5354.0,18654.0,12436,7807.5,0.0,0.0,0.0,1.0,27.0,226.0,2158.0,1081.0
2021-04-09,2021,149265.0,273171.0,182114,122108.0,0.0,0.0,3.0,31.0,311.0,3186.0,32791.0,14784.0
2021-04-10,2021,202800.0,358506.0,239004,161057.5,0.0,0.0,3.0,41.0,422.0,4236.0,42772.0,21129.0
2021-04-11,2021,4468.0,14769.0,9846,6433.0,0.0,0.0,0.0,2.0,16.0,174.0,1820.0,802.0
2021-04-12,2021,5337.0,18060.0,12040,10586.0,0.0,0.0,1.0,5.0,21.0,207.0,2179.0,1182.0
2021-04-13,2021,107063.0,200109.0,133406,489580.0,1.0,0.0,1.0,27.0,240.0,2470.0,24253.0,11016.0
2021-04-14,2021,121361.0,221044.5,147363,101669.5,0.0,0.0,3.0,29.0,268.0,2703.0,26663.0,11779.0
2021-04-15,2021,4615.0,15150.0,10100,6594.0,0.0,0.0,0.0,1.0,26.0,189.0,1821.0,858.0
2021-04-16,2021,147107.0,267453.0,178302,142692.0,0.0,1.0,3.0,36.0,308.0,3215.0,32224.0,15206.0
2021-04-17,2021,197300.0,346086.0,230724,155038.0,0.0,0.0,3.0,39.0,440.0,4200.0,41424.0,19060.0
2021-04-18,2021,3930.0,12262.5,8175,5070.5,0.0,0.0,0.0,0.0,18.0,149.0,1529.0,605.0
2021-04-19,2021,4621.0,15196.5,10131,6701.5,0.0,0.0,0.0,3.0,20.0,171.0,1809.0,819.0
2021-04-20,2021,109914.0,204321.0,136214,97236.0,0.0,0.0,4.0,28.0,222.0,2403.0,24967.0,11498.0
2021-04-21,2021,125352.0,228138.0,152092,102247.5,0.0,0.0,3.0,17.0,269.0,2704.0,27364.0,12813.0
2021-04-22,2021,4769.0,15918.0,10612,7411.0,0.0,0.0,0.0,4.0,17.0,169.0,2023.0,920.0
2021-04-23,2021,142207.0,257466.0,171644,111911.0,0.0,0.0,2.0,29.0,277.0,3014.0,30738.0,13350.0
2021-04-24,2021,204086.0,359397.0,239598,154634.0,0.0,0.0,1.0,53.0,395.0,4219.0,43138.0,17842.0
2021-04-25,2021,4217.0,13633.5,9089,5638.5,0.0,0.0,0.0,0.0,15.0,162.0,1668.0,795.0
2021-04-26,2021,4728.0,15297.0,10198,6206.5,0.0,0.0,0.0,0.0,17.0,180.0,1842.0,855.0
2021-04-27,2021,99396.0,183549.0,122366,91192.5,0.0,0.0,6.0,25.0,233.0,2190.0,21846.0,9927.0
2021-04-28,2021,120155.0,218776.5,145851,102207.5,0.0,0.0,4.0,22.0,251.0,2646.0,26391.0,12517.0
2021-04-29,2021,4976.0,16924.5,11283,7514.0,0.0,0.0,0.0,3.0,14.0,225.0,2042.0,950.0
2021-04-30,2021,186328.0,344544.0,229696,167481.5,0.0,0.0,10.0,31.0,426.0,4087.0,41260.0,19871.0
2021-05-01,2021,194287.0,341397.0,227598,151136.5,0.0,0.0,3.0,30.0,419.0,4095.0,40932.0,18945.0
2021-05-02,2021,3836.0,12621.0,8414,5518.0,0.0,0.0,0.0,1.0,23.0,147.0,1511.0,734.0
2021-05-03,2021,4926.0,15949.5,10633,6808.5,0.0,0.0,0.0,1.0,24.0,199.0,1876.0,921.0
2021-05-04,2021,106386.0,199626.0,133084,107604.5,0.0,1.0,1.0,25.0,234.0,2406.0,23980.0,10623.0
2021-05-05,2021,125937.0,229729.5,153153,103352.0,0.0,0.0,4.0,24.0,250.0,2679.0,27488.0,11454.0
2021-05-06,2021,5096.0,17578.5,11719,8272.5,0.0,0.0,0.0,5.0,17.0,225.0,2150.0,1005.0
2021-05-07,2021,157249.0,287899.5,191933,152538.5,0.0,1.0,4.0,38.0,339.0,3443.0,34846.0,15501.0
2021-05-08,2021,201336.0,354040.5,236027,158433.0,0.0,0.0,4.0,34.0,422.0,4233.0,42359.0,19540.0
2021-05-09,2021,4215.0,13528.5,9019,5457.0,0.0,0.0,0.0,0.0,17.0,166.0,1593.0,734.0
2021-05-10,2021,4766.0,15495.0,10330,6746.0,0.0,0.0,0.0,3.0,10.0,195.0,1818.0,890.0
2021-05-11,2021,100925.0,187470.0,124980,80167.5,0.0,0.0,1.0,18.0,217.0,2177.0,22172.0,9999.0
2021-05-12,2021,126421.0,230112.0,153408,105958.0,0.0,0.0,2.0,29.0,276.0,2673.0,27613.0,14698.0
2021-05-13,2021,4337.0,14052.0,9368,8655.0,0.0,0.0,1.0,2.0,26.0,189.0,1774.0,828.0
2021-05-14,2021,135691.0,248205.0,165470,110122.0,0.0,0.0,2.0,27.0,295.0,3028.0,29695.0,13528.0
2021-05-15,2021,192529.0,340113.0,226742,200872.0,0.0,2.0,6.0,47.0,402.0,3995.0,41147.0,19442.0
2021-05-16,2021,4154.0,13464.0,8976,7372.0,0.0,0.0,1.0,0.0,17.0,139.0,1561.0,810.0
2021-05-17,2021,4761.0,15868.5,10579,6908.5,0.0,0.0,0.0,2.0,19.0,192.0,1964.0,827.0
2021-05-18,2021,102919.0,190780.5,127187,105976.0,0.0,1.0,1.0,26.0,221.0,2243.0,22791.0,11706.0
2021-05-19,2021,127299.0,232573.5,155049,108092.0,0.0,0.0,4.0,30.0,249.0,2772.0,27765.0,13148.0
2021-05-20,2021,4997.0,16891.5,11261,7132.5,0.0,0.0,0.0,0.0,21.0,207.0,2061.0,1037.0
2021-05-21,2021,148901.0,272685.0,181790,124321.0,0.0,0.0,3.0,40.0,348.0,3239.0,32636.0,14596.0
2021-05-22,2021,205436.0,363240.0,242160,188182.5,0.0,1.0,6.0,45.0,407.0,4279.0,43970.0,19805.0
2021-05-23,2021,4399.0,14611.5,9741,6357.5,0.0,0.0,0.0,2.0,20.0,178.0,1754.0,773.0
2021-05-24,2021,4748.0,15843.0,10562,6696.5,0.0,0.0,0.0,1.0,16.0,172.0,1846.0,1083.0
2021-05-25,2021,102923.0,194862.0,129908,91076.0,0.0,0.0,3.0,23.0,271.0,2327.0,23363.0,11130.0
2021-05-26,2021,130104.0,239988.0,159992,147566.5,0.0,2.0,1.0,36.0,319.0,2876.0,28760.0,13391.0
2021-05-27,2021,5321.0,18508.5,12339,7927.0,0.0,0.0,0.0,1.0,24.0,246.0,2236.0,1030.0
2021-05-28,2021,158791.0,291219.0,194146,131392.5,0.0,0.0,3.0,37.0,348.0,3531.0,34799.0,15853.0
2021-05-29,2021,212757.0,377185.5,251457,168040.5,0.0,0.0,1.0,41.0,485.0,4592.0,44897.0,23591.0
2021-05-30,2021,4301.0,14206.5,9471,6240.5,0.0,0.0,0.0,2.0,20.0,193.0,1607.0,841.0
2021-05-31,2021,5036.0,17415.0,11610,7588.5,0.0,0.0,0.0,3.0,15.0,217.0,2069.0,977.0
2021-06-01,2021,112440.0,210409.5,140273,92313.0,0.0,0.0,1.0,22.0,263.0,2480.0,25080.0,12062.0
2021-06-02,2021,137974.0,254203.5,169469,110531.5,0.0,0.0,1.0,26.0,313.0,3055.0,30627.0,13695.0
2021-06-03,2021,5145.0,17898.0,11932,8612.0,0.0,0.0,0.0,4.0,26.0,243.0,2263.0,1034.0
2021-06-04,2021,224138.0,419569.5,279713,181827.5,0.0,0.0,2.0,42.0,492.0,5022.0,50315.0,22565.0
2021-06-05,2021,220505.0,392002.5,261335,180405.5,0.0,0.0,7.0,52.0,427.0,4639.0,46908.0,20303.0
2021-06-06,2021,4096.0,13696.5,9131,5718.0,0.0,0.0,0.0,0.0,16.0,172.0,1654.0,820.0
2021-06-07,2021,4916.0,16639.5,11093,9622.0,0.0,0.0,1.0,4.0,20.0,216.0,1954.0,956.0
2021-06-08,2021,101892.0,190291.5,126861,87490.5,0.0,0.0,3.0,19.0,247.0,2309.0,23006.0,10129.0
2021-06-09,2021,143132.0,263509.5,175673,118747.0,0.0,0.0,2.0,38.0,292.0,3175.0,31649.0,14756.0
2021-06-10,2021,5085.0,17947.5,11965,7663.0,0.0,0.0,0.0,2.0,20.0,210.0,2110.0,1062.0
2021-06-11,2021,141988.0,259411.5,172941,118230.0,0.0,0.0,4.0,22.0,314.0,3204.0,31661.0,13472.0
2021-06-12,2021,197070.0,346941.0,231294,154078.5,0.0,0.0,1.0,39.0,428.0,4201.0,41120.0,21649.0
2021-06-13,2021,4133.0,13843.5,9229,6488.5,0.0,0.0,0.0,5.0,14.0,152.0,1634.0,787.0
2021-06-14,2021,4766.0,16035.0,10690,7624.5,0.0,0.0,0.0,4.0,28.0,206.0,1952.0,887.0
2021-06-15,2021,96987.0,180408.0,120272,78718.0,0.0,0.0,0.0,26.0,204.0,2192.0,21628.0,10148.0
2021-06-16,2021,128659.0,234312.0,156208,105874.5,0.0,0.0,3.0,25.0,301.0,2863.0,27915.0,12473.0
2021-06-17,2021,4935.0,16753.5,11169,7189.0,0.0,0.0,0.0,1.0,24.0,229.0,2037.0,860.0
2021-06-18,2021,135966.0,247585.5,165057,109714.0,0.0,0.0,2.0,32.0,287.0,2987.0,29616.0,12938.0
2021-06-19,2021,204163.0,361053.0,240702,172578.5,0.0,0.0,7.0,44.0,447.0,4436.0,43643.0,20915.0
2021-06-20,2021,4186.0,13600.5,9067,6061.5,0.0,0.0,0.0,1.0,19.0,158.0,1679.0,889.0
2021-06-21,2021,5068.0,17770.5,11847,7923.0,0.0,0.0,0.0,2.0,26.0,211.0,2197.0,1036.0
2021-06-22,2021,97658.0,182469.0,121646,78593.0,0.0,0.0,1.0,18.0,211.0,2133.0,21599.0,9940.0
2021-06-23,2021,137546.0,253312.5,168875,118028.5,0.0,0.0,4.0,32.0,257.0,3094.0,30542.0,14623.0
2021-06-24,2021,5159.0,18850.5,12567,8223.5,0.0,0.0,0.0,3.0,20.0,230.0,2241.0,1061.0
2021-06-25,2021,141730.0,259245.0,172830,113080.5,0.0,0.0,1.0,25.0,345.0,3194.0,30905.0,14267.0
2021-06-26,2021,210760.0,375138.0,250092,167603.5,0.0,0.0,3.0,50.0,440.0,4552.0,44646.0,20501.0
2021-06-27,2021,4285.0,14458.5,9639,6849.0,0.0,0.0,0.0,5.0,9.0,176.0,1757.0,850.0
2021-06-28,2021,4882.0,17484.0,11656,7671.0,0.0,0.0,0.0,4.0,16.0,203.0,2012.0,1008.0
2021-06-29,2021,101248.0,190215.0,126810,88773.0,0.0,0.0,4.0,27.0,221.0,2254.0,22397.0,9926.0
2021-06-30,2021,128053.0,234442.5,156295,102756.0,0.0,0.0,1.0,24.0,280.0,2865.0,28081.0,13246.0
2021-07-01,2021,4960.0,17721.0,11814,9767.0,0.0,0.0,1.0,2.0,20.0,234.0,2147.0,1002.0
2021-07-02,2021,146325.0,268870.5,179247,125056.0,0.0,0.0,5.0,40.0,285.0,3221.0,32049.0,14102.0
2021-07-03,2021,198580.0,350499.0,233666,176904.0,0.0,1.0,4.0,36.0,413.0,4084.0,42193.0,19092.0
2021-07-04,2021,4045.0,13455.0,8970,6368.5,0.0,0.0,0.0,5.0,12.0,173.0,1609.0,697.0
2021-07-05,2021,4967.0,17289.0,11526,7826.0,0.0,0.0,0.0,4.0,25.0,185.0,2034.0,1022.0
2021-07-06,2021,93862.0,175246.5,116831,81705.0,0.0,0.0,3.0,15.0,233.0,2181.0,21037.0,10044.0
2021-07-07,2021,127087.0,232822.5,155215,101909.0,0.0,0.0,1.0,28.0,268.0,2743.0,28200.0,12556.0
2021-07-08,2021,4981.0,17400.0,11600,7409.0,0.0,0.0,0.0,2.0,21.0,228.0,1991.0,978.0
2021-07-09,2021,128817.0,233979.0,155986,102987.0,0.0,0.0,0.0,39.0,278.0,2862.0,27742.0,13222.0
2021-07-10,2021,190730.0,336643.5,224429,155801.0,0.0,0.0,4.0,48.0,405.0,3964.0,40520.0,19494.0
2021-07-11,2021,4046.0,12975.0,8650,5979.5,0.0,0.0,0.0,3.0,13.0,176.0,1627.0,657.0
2021-07-12,2021,4778.0,16467.0,10978,9251.5,0.0,0.0,1.0,3.0,18.0,206.0,2006.0,833.0
2021-07-13,2021,93384.0,175167.0,116778,74858.0,0.0,0.0,0.0,23.0,237.0,2015.0,20724.0,9330.0
2021-07-14,2021,118582.0,217401.0,144934,101108.0,0.0,0.0,3.0,30.0,278.0,2552.0,26037.0,12476.0
2021-07-15,2021,4974.0,17023.5,11349,7281.0,0.0,0.0,0.0,1.0,19.0,215.0,2039.0,1032.0
2021-07-16,2021,121822.0,222484.5,148323,102135.0,0.0,0.0,2.0,32.0,295.0,2689.0,26694.0,12668.0
2021-07-17,2021,184798.0,325702.5,217135,151414.5,0.0,0.0,7.0,35.0,383.0,3809.0,38366.0,17985.0
2021-07-18,2021,4062.0,13258.5,8839,5471.5,0.0,0.0,0.0,1.0,16.0,132.0,1641.0,673.0
2021-07-19,2021,4785.0,16489.5,10993,6702.5,0.0,0.0,0.0,0.0,20.0,190.0,1996.0,907.0
2021-07-20,2021,89237.0,166654.5,111103,96834.0,0.0,1.0,2.0,27.0,203.0,2002.0,20061.0,8828.0
2021-07-21,2021,108963.0,201388.5,134259,90450.0,0.0,0.0,2.0,21.0,257.0,2353.0,24343.0,11106.0
2021-07-22,2021,5318.0,19078.5,12719,9807.0,0.0,0.0,1.0,0.0,27.0,207.0,2306.0,1080.0
2021-07-23,2021,122360.0,225276.0,150184,101189.5,0.0,0.0,3.0,21.0,277.0,2769.0,26824.0,11971.0
2021-07-24,2021,184713.0,326695.5,217797,143406.5,0.0,0.0,2.0,47.0,384.0,4009.0,39062.0,16105.0
2021-07-25,2021,4458.0,14949.0,9966,6485.5,0.0,0.0,0.0,2.0,21.0,178.0,1775.0,817.0
2021-07-26,2021,5307.0,18433.5,12289,9426.5,0.0,0.0,1.0,0.0,21.0,215.0,2200.0,1021.0
2021-07-27,2021,92433.0,174048.0,116032,77848.0,0.0,0.0,2.0,16.0,200.0,2068.0,20618.0,10048.0
2021-07-28,2021,115439.0,212322.0,141548,99538.0,0.0,0.0,3.0,31.0,228.0,2640.0,25858.0,11908.0
2021-07-29,2021,5349.0,19117.5,12745,8678.0,0.0,0.0,0.0,5.0,28.0,220.0,2208.0,1068.0
2021-07-30,2021,134709.0,248661.0,165774,116466.0,0.0,0.0,6.0,27.0,287.0,2860.0,29655.0,13144.0
2021-07-31,2021,187646.0,332415.0,221610,147859.0,0.0,0.0,3.0,40.0,365.0,4026.0,39719.0,17994.0
2021-08-01,2021,4335.0,14727.0,9818,6103.0,0.0,0.0,0.0,1.0,11.0,164.0,1782.0,866.0
2021-08-02,2021,5690.0,20335.5,13557,8818.0,0.0,0.0,0.0,2.0,33.0,237.0,2448.0,1118.0
2021-08-03,2021,103185.0,195375.0,130250,89636.0,0.0,0.0,3.0,25.0,226.0,2316.0,23192.0,10768.0
2021-08-04,2021,123723.0,227691.0,151794,96785.5,0.0,0.0,1.0,18.0,245.0,2870.0,27141.0,11769.0
2021-08-05,2021,5531.0,19609.5,13073,8418.5,0.0,0.0,0.0,2.0,30.0,243.0,2276.0,1101.0
2021-08-06,2021,141218.0,261054.0,174036,114093.5,0.0,0.0,0.0,37.0,328.0,3109.0,31729.0,14087.0
2021-08-07,2021,194103.0,344377.5,229585,175080.0,0.0,1.0,3.0,46.0,420.0,4125.0,41194.0,18978.0
2021-08-08,2021,4376.0,14650.5,9767,6285.0,0.0,0.0,0.0,0.0,27.0,215.0,1735.0,800.0
2021-08-09,2021,4924.0,16851.0,11234,7199.5,0.0,0.0,0.0,2.0,15.0,189.0,2076.0,935.0
2021-08-10,2021,106442.0,201468.0,134312,98230.0,0.0,0.0,6.0,21.0,234.0,2364.0,24176.0,11452.0
2021-08-11,2021,127597.0,234985.5,156657,105666.0,0.0,0.0,1.0,31.0,302.0,2838.0,28661.0,13276.0
2021-08-12,2021,5129.0,17298.0,11532,6946.0,0.0,0.0,0.0,1.0,16.0,206.0,1987.0,948.0
2021-08-13,2021,290438.0,541492.5,360995,237478.5,0.0,0.0,3.0,60.0,638.0,6234.0,65020.0,30339.0
2021-08-14,2021,190741.0,338130.0,225420,155092.5,0.0,0.0,1.0,49.0,434.0,4082.0,40791.0,21747.0
2021-08-15,2021,4523.0,14781.0,9854,6336.0,0.0,0.0,0.0,2.0,17.0,180.0,1697.0,868.0
2021-08-16,2021,4986.0,16989.0,11326,9385.0,0.0,0.0,1.0,0.0,16.0,222.0,2124.0,1138.0
2021-08-17,2021,91205.0,172174.5,114783,75152.0,0.0,0.0,1.0,20.0,182.0,2072.0,20535.0,9388.0
2021-08-18,2021,116414.0,215025.0,143350,94595.5,0.0,0.0,1.0,30.0,291.0,2528.0,25982.0,10781.0
2021-08-19,2021,6034.0,22038.0,14692,9139.5,0.0,0.0,0.0,1.0,27.0,282.0,2618.0,1169.0
2021-08-20,2021,128173.0,235671.0,157114,108780.0,0.0,0.0,4.0,23.0,285.0,2817.0,28089.0,13478.0
2021-08-21,2021,186007.0,329938.5,219959,150250.5,0.0,0.0,3.0,37.0,376.0,4025.0,40115.0,19317.0
2021-08-22,2021,4683.0,16212.0,10808,6680.0,0.0,0.0,0.0,1.0,13.0,196.0,1939.0,908.0
2021-08-23,2021,5763.0,20737.5,13825,9039.0,0.0,0.0,0.0,3.0,24.0,249.0,2430.0,1236.0
2021-08-24,2021,94928.0,180378.0,120252,82869.0,0.0,0.0,2.0,22.0,231.0,2187.0,21708.0,10332.0
2021-08-25,2021,114589.0,212305.5,141537,98070.5,0.0,0.0,3.0,22.0,272.0,2593.0,25566.0,12089.0
2021-08-26,2021,5882.0,21355.5,14237,8785.5,0.0,0.0,0.0,1.0,20.0,242.0,2593.0,1193.0
2021-08-27,2021,136130.0,253360.5,168907,117261.0,0.0,0.0,4.0,30.0,325.0,2981.0,30524.0,13872.0
2021-08-28,2021,189672.0,337194.0,224796,175520.5,0.0,1.0,6.0,36.0,371.0,3966.0,40892.0,18191.0
2021-08-29,2021,4953.0,17074.5,11383,11327.5,0.0,0.0,2.0,2.0,19.0,193.0,2087.0,939.0
2021-08-30,2021,6071.0,22356.0,14904,11840.5,0.0,0.0,1.0,2.0,27.0,246.0,2804.0,1375.0
2021-08-31,2021,101295.0,194143.5,129429,85396.0,0.0,0.0,0.0,25.0,211.0,2261.0,23380.0,12074.0
2021-09-01,2021,117370.0,217152.0,144768,94125.5,0.0,0.0,0.0,35.0,234.0,2615.0,25884.0,11735.0
2021-09-02,2021,6147.0,22636.5,15091,10159.5,0.0,0.0,0.0,5.0,30.0,268.0,2673.0,1249.0
2021-09-03,2021,170438.0,320125.5,213417,171839.5,0.0,1.0,5.0,59.0,407.0,3867.0,38368.0,17219.0
2021-09-04,2021,192270.0,342003.0,228002,152185.5,0.0,0.0,2.0,40.0,431.0,4094.0,41519.0,18705.0
2021-09-05,2021,4639.0,15898.5,10599,6724.0,0.0,0.0,0.0,1.0,12.0,199.0,1974.0,894.0
2021-09-06,2021,5797.0,20164.5,13443,8945.0,0.0,0.0,0.0,4.0,25.0,241.0,2404.0,1088.0
2021-09-07,2021,101328.0,192405.0,128270,86222.5,0.0,0.0,3.0,16.0,223.0,2281.0,22916.0,10217.0
2021-09-08,2021,121250.0,223569.0,149046,101310.5,0.0,0.0,2.0,28.0,266.0,2654.0,26871.0,12919.0
2021-09-09,2021,6623.0,23296.5,15531,10169.0,0.0,0.0,0.0,5.0,22.0,261.0,2761.0,1268.0
2021-09-10,2021,136679.0,251946.0,167964,115128.0,0.0,0.0,3.0,27.0,332.0,3050.0,30482.0,13916.0
2021-09-11,2021,195495.0,347581.5,231721,158468.5,0.0,0.0,3.0,47.0,447.0,4139.0,41599.0,20157.0
2021-09-12,2021,4618.0,15630.0,10420,8558.0,0.0,0.0,1.0,0.0,24.0,210.0,1893.0,828.0
2021-09-13,2021,11516.0,42003.0,28002,17224.0,0.0,0.0,0.0,2.0,42.0,482.0,5008.0,2372.0
2021-09-14,2021,98793.0,188404.5,125603,84951.5,0.0,0.0,2.0,27.0,213.0,2176.0,22648.0,10077.0
2021-09-15,2021,127967.0,238212.0,158808,109790.0,0.0,0.0,4.0,29.0,293.0,2869.0,28270.0,12830.0
2021-09-16,2021,5992.0,21310.5,14207,9679.0,0.0,0.0,0.0,4.0,21.0,272.0,2642.0,1210.0
2021-09-17,2021,152256.0,282688.5,188459,126308.0,0.0,0.0,2.0,34.0,340.0,3417.0,34239.0,15430.0
2021-09-18,2021,201300.0,359572.5,239715,169642.5,0.0,0.0,5.0,55.0,448.0,4416.0,43313.0,20651.0
2021-09-19,2021,5223.0,17940.0,11960,9232.0,0.0,0.0,1.0,0.0,20.0,208.0,2170.0,968.0
2021-09-20,2021,5794.0,20191.5,13461,10631.0,0.0,0.0,1.0,1.0,25.0,243.0,2494.0,1152.0
2021-09-21,2021,105892.0,203164.5,135443,94413.5,0.0,0.0,3.0,27.0,256.0,2390.0,24670.0,11069.0
2021-09-22,2021,117742.0,218254.5,145503,95771.5,0.0,0.0,2.0,29.0,234.0,2592.0,25543.0,11497.0
2021-09-23,2021,6323.0,22975.5,15317,9908.5,0.0,0.0,0.0,2.0,17.0,300.0,2734.0,1467.0
2021-09-24,2021,232129.0,439755.0,293170,202591.0,0.0,0.0,6.0,66.0,536.0,5129.0,52792.0,23628.0
2021-09-25,2021,196184.0,349588.5,233059,172857.5,0.0,1.0,2.0,40.0,403.0,4140.0,41744.0,19073.0
2021-09-26,2021,5016.0,16965.0,11310,7399.0,0.0,0.0,0.0,2.0,21.0,218.0,2077.0,890.0
2021-09-27,2021,5732.0,20179.5,13453,8078.5,0.0,0.0,0.0,0.0,16.0,265.0,2346.0,1161.0
2021-09-28,2021,152783.0,294945.0,196630,136505.0,0.0,0.0,4.0,39.0,348.0,3505.0,35711.0,16532.0
2021-09-29,2021,125290.0,231918.0,154612,100811.0,0.0,0.0,1.0,26.0,300.0,2856.0,27961.0,11606.0
2021-09-30,2021,6026.0,22093.5,14729,9259.5,0.0,0.0,0.0,2.0,21.0,275.0,2555.0,1303.0
2021-10-01,2021,210946.0,401337.0,267558,179322.0,0.0,0.0,4.0,44.0,490.0,4770.0,47789.0,22196.0
2021-10-02,2021,202659.0,362022.0,241348,165996.0,0.0,0.0,3.0,36.0,457.0,4376.0,43983.0,22540.0
2021-10-03,2021,4832.0,16623.0,11082,7920.0,0.0,0.0,0.0,4.0,27.0,209.0,2055.0,950.0
2021-10-04,2021,5876.0,20634.0,13756,9156.5,0.0,0.0,0.0,3.0,23.0,240.0,2498.0,1267.0
2021-10-05,2021,177917.0,345846.0,230564,152097.5,0.0,0.0,2.0,38.0,400.0,4110.0,41345.0,19505.0
2021-10-06,2021,128064.0,236392.5,157595,108022.0,0.0,0.0,3.0,33.0,294.0,2750.0,28374.0,12696.0
2021-10-07,2021,6205.0,22618.5,15079,10117.5,0.0,0.0,0.0,4.0,35.0,261.0,2745.0,1215.0
2021-10-08,2021,264063.0,509907.0,339938,229149.0,0.0,0.0,3.0,64.0,610.0,5986.0,61593.0,30022.0
2021-10-09,2021,204841.0,365839.5,243893,164543.0,0.0,0.0,4.0,44.0,436.0,4387.0,43586.0,19944.0
2021-10-10,2021,4965.0,17317.5,11545,7707.5,0.0,0.0,0.0,2.0,21.0,236.0,2151.0,937.0
2021-10-11,2021,5728.0,20154.0,13436,9052.5,0.0,0.0,0.0,3.0,25.0,269.0,2427.0,1169.0
2021-10-12,2021,226255.0,446413.5,297609,227514.0,0.0,1.0,7.0,56.0,544.0,5397.0,53896.0,24438.0
2021-10-13,2021,131457.0,243519.0,162346,107666.5,0.0,0.0,2.0,31.0,321.0,2862.0,29231.0,12183.0
2021-10-14,2021,5831.0,21012.0,14008,11341.0,0.0,0.0,1.0,2.0,33.0,262.0,2644.0,1122.0
2021-10-15,2021,264658.0,510495.0,340330,278615.0,0.0,2.0,10.0,56.0,635.0,6203.0,61150.0,27600.0
2021-10-16,2021,201645.0,360136.5,240091,184902.0,0.0,1.0,6.0,42.0,450.0,4336.0,42751.0,18880.0
2021-10-17,2021,4884.0,16591.5,11061,7027.0,0.0,0.0,0.0,2.0,29.0,167.0,2003.0,804.0
2021-10-18,2021,5573.0,19573.5,13049,10961.0,0.0,0.0,1.0,5.0,34.0,231.0,2295.0,1024.0
2021-10-19,2021,104558.0,198048.0,132032,111302.0,0.0,1.0,3.0,34.0,192.0,2261.0,23553.0,10834.0
2021-10-20,2021,132573.0,246670.5,164447,113997.0,0.0,0.0,4.0,29.0,286.0,2934.0,29756.0,13530.0
2021-10-21,2021,5852.0,21642.0,14428,9739.0,0.0,0.0,0.0,3.0,28.0,284.0,2594.0,1314.0
2021-10-22,2021,146729.0,271287.0,180858,122605.0,0.0,0.0,2.0,41.0,320.0,3281.0,32406.0,15192.0
2021-10-23,2021,204937.0,366876.0,244584,169695.5,0.0,0.0,5.0,55.0,424.0,4348.0,44060.0,20237.0
2021-10-24,2021,5029.0,17380.5,11587,7233.0,0.0,0.0,0.0,1.0,21.0,194.0,2091.0,974.0
2021-10-25,2021,5733.0,20245.5,13497,11128.0,0.0,0.0,1.0,1.0,29.0,270.0,2572.0,1236.0
2021-10-26,2021,108877.0,206325.0,137550,101643.5,0.0,0.0,6.0,26.0,229.0,2602.0,24690.0,11649.0
2021-10-27,2021,125729.0,232972.5,155315,117286.5,0.0,0.0,9.0,32.0,265.0,2655.0,27570.0,12781.0
2021-10-28,2021,6075.0,22846.5,15231,10315.0,0.0,0.0,0.0,4.0,32.0,295.0,2749.0,1268.0
2021-10-29,2021,158819.0,295957.5,197305,131756.5,0.0,0.0,2.0,37.0,377.0,3487.0,35300.0,16521.0
2021-10-30,2021,201556.0,360963.0,240642,157620.5,0.0,0.0,2.0,43.0,442.0,4172.0,43015.0,19527.0
2021-10-31,2021,5435.0,19429.5,12953,8091.5,0.0,0.0,0.0,2.0,16.0,226.0,2340.0,1041.0
2021-11-01,2021,5949.0,20886.0,13924,12251.5,0.0,0.0,2.0,0.0,23.0,222.0,2512.0,1105.0
2021-11-02,2021,104951.0,200971.5,133981,88280.5,0.0,0.0,1.0,23.0,265.0,2409.0,24166.0,10669.0
2021-11-03,2021,122801.0,228502.5,152335,97882.0,0.0,0.0,0.0,27.0,267.0,2789.0,27639.0,11946.0
2021-11-04,2021,6241.0,23266.5,15511,9822.5,0.0,0.0,0.0,1.0,35.0,294.0,2848.0,1171.0
2021-11-05,2021,154869.0,287707.5,191805,134127.5,0.0,0.0,6.0,25.0,324.0,3479.0,34498.0,16171.0
2021-11-06,2021,201723.0,361044.0,240696,162480.0,0.0,0.0,3.0,47.0,448.0,4366.0,43157.0,19984.0
2021-11-07,2021,5059.0,17509.5,11673,7462.5,0.0,0.0,0.0,2.0,14.0,209.0,2067.0,1069.0
2021-11-08,2021,5867.0,20686.5,13791,9391.0,0.0,0.0,0.0,3.0,25.0,282.0,2539.0,1202.0
2021-11-09,2021,115716.0,220033.5,146689,96889.0,0.0,0.0,2.0,12.0,254.0,2672.0,26687.0,12450.0
2021-11-10,2021,135805.0,251589.0,167726,111857.0,0.0,0.0,2.0,27.0,304.0,2963.0,30407.0,13832.0
2021-11-11,2021,5719.0,20533.5,13689,8416.5,0.0,0.0,0.0,1.0,28.0,253.0,2406.0,1053.0
2021-11-12,2021,156487.0,292924.5,195283,129868.0,0.0,0.0,1.0,47.0,359.0,3468.0,35412.0,15416.0
2021-11-13,2021,197549.0,354079.5,236053,160339.5,0.0,0.0,4.0,48.0,428.0,4191.0,42372.0,18987.0
2021-11-14,2021,4794.0,16029.0,10686,7072.5,0.0,0.0,0.0,2.0,24.0,196.0,1917.0,919.0
2021-11-15,2021,5645.0,19882.5,13255,11200.0,0.0,0.0,1.0,5.0,22.0,257.0,2396.0,1122.0
2021-11-16,2021,119664.0,226960.5,151307,103697.5,0.0,0.0,3.0,34.0,275.0,2650.0,27028.0,12061.0
2021-11-17,2021,136316.0,252960.0,168640,111701.0,0.0,0.0,1.0,27.0,334.0,3014.0,30471.0,14406.0
2021-11-18,2021,6137.0,21868.5,14579,9407.0,0.0,0.0,0.0,1.0,35.0,278.0,2639.0,1226.0
2021-11-19,2021,172692.0,323358.0,215572,135282.5,0.0,0.0,0.0,24.0,353.0,3858.0,38624.0,17923.0
2021-11-20,2021,192503.0,343437.0,228958,153141.0,0.0,0.0,5.0,32.0,395.0,4140.0,41169.0,17202.0
2021-11-21,2021,4915.0,16711.5,11141,7208.0,0.0,0.0,0.0,1.0,22.0,216.0,2030.0,952.0
2021-11-22,2021,5648.0,19596.0,13064,10083.5,0.0,0.0,1.0,1.0,30.0,238.0,2314.0,977.0
2021-11-23,2021,133352.0,256366.5,170911,133186.0,0.0,1.0,1.0,38.0,302.0,3046.0,30733.0,13900.0
2021-11-24,2021,122687.0,226912.5,151275,100759.5,0.0,0.0,2.0,26.0,251.0,2646.0,27249.0,12541.0
2021-11-25,2021,6042.0,21919.5,14613,10429.5,0.0,0.0,0.0,6.0,27.0,290.0,2650.0,1293.0
2021-11-26,2021,185195.0,348619.5,232413,155381.5,0.0,0.0,2.0,49.0,389.0,4117.0,41465.0,20191.0
2021-11-27,2021,197650.0,353413.5,235609,163131.0,0.0,0.0,5.0,43.0,404.0,4218.0,42505.0,20234.0
2021-11-28,2021,4882.0,17055.0,11370,8333.5,0.0,0.0,0.0,4.0,22.0,210.0,2121.0,1201.0
2021-11-29,2021,5802.0,21072.0,14048,9950.5,0.0,0.0,0.0,6.0,37.0,253.0,2502.0,1161.0
2021-11-30,2021,103845.0,197146.5,131431,91247.0,0.0,0.0,3.0,26.0,226.0,2336.0,23636.0,11050.0
2021-12-01,2021,125876.0,233700.0,155800,111157.5,0.0,0.0,5.0,31.0,268.0,2741.0,28251.0,12927.0
2021-12-02,2021,6457.0,23683.5,15789,9876.5,0.0,0.0,0.0,2.0,23.0,256.0,2840.0,1371.0
2021-12-03,2021,303077.0,570775.5,380517,289633.0,0.0,1.0,10.0,85.0,714.0,6884.0,68352.0,31486.0
2021-12-04,2021,215059.0,388807.5,259205,175266.5,0.0,0.0,3.0,49.0,465.0,4536.0,47244.0,21999.0
2021-12-05,2021,5018.0,17149.5,11433,7644.0,0.0,0.0,0.0,3.0,26.0,193.0,2052.0,970.0
2021-12-06,2021,6039.0,21063.0,14042,8754.5,0.0,0.0,0.0,2.0,21.0,229.0,2533.0,1149.0
2021-12-07,2021,144432.0,278734.5,185823,129032.0,0.0,0.0,4.0,25.0,353.0,3319.0,33311.0,17170.0
2021-12-08,2021,149569.0,280404.0,186936,126834.0,0.0,0.0,2.0,36.0,343.0,3377.0,33865.0,16106.0
2021-12-09,2021,6759.0,25269.0,16846,10368.5,0.0,0.0,0.0,1.0,29.0,292.0,3033.0,1375.0
2021-12-10,2021,146944.0,275478.0,183652,1923585.5,1.0,0.0,4.0,19.0,317.0,3329.0,33067.0,15111.0
2021-12-11,2021,194819.0,345808.5,230539,157836.0,0.0,0.0,5.0,40.0,448.0,4062.0,41171.0,18816.0
2021-12-12,2021,4532.0,14715.0,9810,6254.0,0.0,0.0,0.0,0.0,18.0,201.0,1819.0,834.0
2021-12-13,2021,5130.0,17148.0,11432,7603.0,0.0,0.0,0.0,3.0,15.0,218.0,2139.0,890.0
2021-12-14,2021,103409.0,192976.5,128651,87397.5,0.0,0.0,2.0,20.0,250.0,2371.0,23412.0,10479.0
2021-12-15,2021,122865.0,224586.0,149724,105482.5,0.0,0.0,4.0,30.0,268.0,2638.0,26945.0,12695.0
2021-12-16,2021,4664.0,15858.0,10572,6402.5,0.0,0.0,0.0,0.0,18.0,183.0,1912.0,869.0
2021-12-17,2021,148260.0,271254.0,180836,116878.0,0.0,0.0,0.0,37.0,339.0,3247.0,32505.0,14302.0
2021-12-18,2021,198055.0,348921.0,232614,182865.5,0.0,1.0,7.0,45.0,402.0,4219.0,41773.0,18123.0
2021-12-19,2021,3746.0,11710.5,7807,4939.5,0.0,0.0,0.0,0.0,18.0,165.0,1413.0,619.0
2021-12-20,2021,4497.0,14833.5,9889,6849.0,0.0,0.0,0.0,2.0,26.0,182.0,1884.0,834.0
2021-12-21,2021,109740.0,205752.0,137168,116439.0,0.0,1.0,4.0,23.0,237.0,2504.0,24849.0,11254.0
2021-12-22,2021,127148.0,231819.0,154546,119989.5,0.0,1.0,1.0,20.0,269.0,2818.0,27698.0,12749.0
2021-12-23,2021,5013.0,17430.0,11620,7022.0,0.0,0.0,0.0,1.0,19.0,203.0,2070.0,858.0
2021-12-24,2021,319981.0,585562.5,390375,269794.5,0.0,0.0,4.0,83.0,745.0,7212.0,70247.0,35827.0
2021-12-25,2021,189915.0,337827.0,225218,548749.5,1.0,0.0,1.0,38.0,415.0,4067.0,41017.0,18987.0
2021-12-26,2021,3643.0,11302.5,7535,4946.5,0.0,0.0,0.0,2.0,16.0,128.0,1353.0,587.0
2021-12-27,2021,4584.0,15480.0,10320,6727.0,0.0,0.0,0.0,2.0,25.0,162.0,1922.0,782.0
2021-12-28,2021,111522.0,212770.5,141847,119171.0,0.0,1.0,3.0,34.0,243.0,2564.0,25131.0,12286.0
2021-12-29,2021,130009.0,239259.0,159506,111432.0,0.0,0.0,5.0,27.0,272.0,2969.0,28521.0,12470.0
2021-12-30,2021,5186.0,17946.0,11964,8064.0,0.0,0.0,0.0,4.0,23.0,218.0,2095.0,1016.0
2021-12-31,2021,362073.0,673336.5,448891,308041.0,0.0,0.0,9.0,87.0,817.0,8070.0,80755.0,36294.0
2022-01-01,2022,197590.0,352813.5,235209,164138.0,0.0,0.0,6.0,40.0,372.0,4165.0,42476.0,20614.0
2022-01-02,2022,3773.0,11986.5,7991,7467.0,0.0,0.0,1.0,2.0,27.0,148.0,1433.0,614.0
2022-01-03,2022,4747.0,15736.5,10491,6279.0,0.0,0.0,0.0,0.0,18.0,191.0,1888.0,792.0
2022-01-04,2022,95448.0,179716.5,119811,80491.0,0.0,0.0,3.0,13.0,176.0,2082.0,21389.0,10122.0
2022-01-05,2022,186519.0,350709.0,233806,356321.5,1.0,0.0,4.0,36.0,432.0,4213.0,42044.0,18219.0
2022-01-06,2022,4774.0,16159.5,10773,6706.5,0.0,0.0,0.0,1.0,19.0,216.0,1933.0,787.0
2022-01-07,2022,143779.0,263959.5,175973,113741.5,0.0,0.0,1.0,26.0,299.0,3098.0,31543.0,14657.0
2022-01-08,2022,196427.0,346929.0,231286,188680.0,0.0,1.0,10.0,41.0,414.0,4114.0,41823.0,18656.0
2022-01-09,2022,3832.0,11829.0,7886,5247.0,0.0,0.0,0.0,2.0,21.0,155.0,1361.0,620.0
2022-01-10,2022,4482.0,14244.0,9496,5816.0,0.0,0.0,0.0,1.0,19.0,161.0,1653.0,750.0
2022-01-11,2022,103986.0,194809.5,129873,88326.5,0.0,0.0,2.0,26.0,273.0,2297.0,23089.0,10669.0
2022-01-12,2022,123242.0,224569.5,149713,98292.0,0.0,0.0,0.0,23.0,276.0,2656.0,26877.0,14092.0
2022-01-13,2022,4651.0,15439.5,10293,9136.0,0.0,0.0,1.0,5.0,16.0,163.0,1866.0,846.0
2022-01-14,2022,148445.0,270877.5,180585,119159.0,0.0,0.0,2.0,28.0,344.0,3252.0,32339.0,14494.0
2022-01-15,2022,200521.0,353101.5,235401,164235.5,0.0,0.0,3.0,49.0,456.0,4265.0,42640.0,21807.0
2022-01-16,2022,3816.0,11734.5,7823,4702.5,0.0,0.0,0.0,0.0,15.0,144.0,1389.0,603.0
2022-01-17,2022,4444.0,14145.0,9430,6135.5,0.0,0.0,0.0,2.0,15.0,188.0,1701.0,729.0
2022-01-18,2022,107051.0,199851.0,133234,92933.0,0.0,0.0,4.0,20.0,230.0,2423.0,23775.0,11112.0
2022-01-19,2022,119418.0,217933.5,145289,95234.5,0.0,0.0,1.0,25.0,238.0,2547.0,26159.0,12281.0
2022-01-20,2022,4554.0,14724.0,9816,5980.0,0.0,0.0,0.0,0.0,17.0,183.0,1776.0,782.0
2022-01-21,2022,233062.0,437224.5,291483,194626.0,0.0,0.0,3.0,61.0,498.0,5247.0,52126.0,23986.0
2022-01-22,2022,199147.0,351019.5,234013,157879.0,0.0,0.0,3.0,47.0,441.0,4135.0,42185.0,19076.0
2022-01-23,2022,3763.0,11599.5,7733,5543.5,0.0,0.0,0.0,4.0,17.0,143.0,1359.0,647.0
2022-01-24,2022,4496.0,14544.0,9696,10294.5,0.0,0.0,2.0,3.0,16.0,154.0,1742.0,747.0
2022-01-25,2022,107414.0,200979.0,133986,88622.5,0.0,0.0,1.0,20.0,247.0,2459.0,24047.0,11529.0
2022-01-26,2022,126065.0,230337.0,153558,96891.0,0.0,0.0,0.0,21.0,286.0,2763.0,27215.0,12484.0
2022-01-27,2022,4712.0,16206.0,10804,7337.5,0.0,0.0,0.0,2.0,27.0,184.0,2051.0,917.0
2022-01-28,2022,157015.0,287274.0,191516,153827.0,0.0,1.0,4.0,35.0,339.0,3569.0,35137.0,15952.0
2022-01-29,2022,200430.0,352941.0,235294,166786.5,0.0,0.0,7.0,49.0,415.0,4254.0,42405.0,19071.0
2022-01-30,2022,3866.0,11994.0,7996,5012.0,0.0,0.0,0.0,1.0,10.0,141.0,1424.0,706.0
2022-01-31,2022,4475.0,14610.0,9740,5645.0,0.0,0.0,0.0,0.0,14.0,150.0,1703.0,806.0
2022-02-01,2022,109830.0,206151.0,137434,95970.5,0.0,0.0,3.0,29.0,249.0,2499.0,24743.0,11473.0
2022-02-02,2022,120222.0,219763.5,146509,102288.0,0.0,0.0,4.0,32.0,249.0,2688.0,26346.0,11184.0
2022-02-03,2022,4805.0,16440.0,10960,7162.0,0.0,0.0,0.0,2.0,18.0,198.0,1941.0,1020.0
2022-02-04,2022,229850.0,431980.5,287987,189969.0,0.0,0.0,3.0,48.0,489.0,5269.0,51983.0,22852.0
2022-02-05,2022,201240.0,354873.0,236582,156982.5,0.0,0.0,2.0,46.0,430.0,4290.0,42431.0,19247.0
2022-02-06,2022,3913.0,12297.0,8198,5768.0,0.0,0.0,0.0,3.0,17.0,146.0,1536.0,684.0
2022-02-07,2022,4885.0,16206.0,10804,6642.0,0.0,0.0,0.0,0.0,18.0,190.0,2003.0,884.0
2022-02-08,2022,102606.0,192144.0,128096,85609.5,0.0,0.0,2.0,19.0,242.0,2290.0,22950.0,10413.0
2022-02-09,2022,120236.0,219009.0,146006,96633.0,0.0,0.0,1.0,22.0,251.0,2660.0,26553.0,12538.0
2022-02-10,2022,4709.0,15720.0,10480,7064.0,0.0,0.0,0.0,1.0,24.0,213.0,1914.0,994.0
2022-02-11,2022,147764.0,270079.5,180053,121810.0,0.0,0.0,1.0,46.0,333.0,3345.0,32178.0,15246.0
2022-02-12,2022,193325.0,338611.5,225741,149069.5,0.0,0.0,3.0,32.0,417.0,4004.0,40462.0,18257.0
2022-02-13,2022,3750.0,11430.0,7620,6113.0,0.0,0.0,0.0,6.0,15.0,142.0,1389.0,750.0
2022-02-14,2022,111407.0,213136.5,142091,98692.5,0.0,0.0,3.0,32.0,256.0,2567.0,25768.0,11201.0
2022-02-15,2022,99882.0,186021.0,124014,105486.0,0.0,1.0,3.0,21.0,224.0,2228.0,22009.0,10432.0
2022-02-16,2022,143055.0,263722.5,175815,138378.5,0.0,1.0,4.0,17.0,314.0,3111.0,32182.0,13853.0
2022-02-17,2022,4958.0,16650.0,11100,7136.0,0.0,0.0,0.0,2.0,17.0,202.0,1988.0,940.0
2022-02-18,2022,141980.0,259323.0,172882,124806.0,0.0,0.0,7.0,30.0,328.0,3042.0,30988.0,14040.0
2022-02-19,2022,192209.0,337354.5,224903,158792.5,0.0,0.0,8.0,32.0,402.0,4049.0,40097.0,18609.0
2022-02-20,2022,3971.0,12537.0,8358,5522.0,0.0,0.0,0.0,2.0,16.0,146.0,1532.0,672.0
2022-02-21,2022,4865.0,16653.0,11102,7048.0,0.0,0.0,0.0,1.0,18.0,234.0,1969.0,920.0
2022-02-22,2022,112224.0,210873.0,140582,94178.0,0.0,0.0,2.0,21.0,273.0,2561.0,25458.0,11198.0
2022-02-23,2022,121812.0,222145.5,148097,120707.0,0.0,1.0,2.0,34.0,224.0,2635.0,26706.0,12560.0
2022-02-24,2022,4924.0,16944.0,11296,6657.5,0.0,0.0,0.0,0.0,19.0,176.0,2050.0,865.0
2022-02-25,2022,151077.0,277228.5,184819,128037.5,0.0,0.0,3.0,34.0,327.0,3331.0,33419.0,16803.0
2022-02-26,2022,195451.0,343975.5,229317,151973.5,0.0,0.0,1.0,37.0,369.0,4126.0,41246.0,21381.0
2022-02-27,2022,4043.0,12696.0,8464,5527.5,0.0,0.0,0.0,1.0,15.0,154.0,1573.0,741.0
2022-02-28,2022,4714.0,15913.5,10609,6588.0,0.0,0.0,0.0,1.0,16.0,190.0,1872.0,916.0
2022-03-01,2022,106704.0,200928.0,133952,115181.0,0.0,1.0,4.0,21.0,235.0,2404.0,23862.0,12358.0
2022-03-02,2022,127401.0,233497.5,155665,106607.5,0.0,0.0,3.0,24.0,274.0,2819.0,28175.0,13255.0
2022-03-03,2022,5039.0,17487.0,11658,7684.5,0.0,0.0,0.0,2.0,20.0,228.0,2081.0,1055.0
2022-03-04,2022,150378.0,276372.0,184248,150433.0,0.0,1.0,5.0,37.0,328.0,3323.0,33211.0,15624.0
2022-03-05,2022,200814.0,354966.0,236644,149648.5,0.0,0.0,2.0,33.0,389.0,4128.0,42046.0,17691.0
2022-03-06,2022,4153.0,13180.5,8787,5567.5,0.0,0.0,0.0,0.0,16.0,162.0,1609.0,813.0
2022-03-07,2022,5137.0,16725.0,11150,7062.5,0.0,0.0,0.0,2.0,16.0,171.0,2068.0,901.0
2022-03-08,2022,96488.0,180181.5,120121,78516.5,0.0,0.0,1.0,23.0,208.0,2124.0,21285.0,9711.0
2022-03-09,2022,133854.0,246012.0,164008,112183.5,0.0,0.0,4.0,29.0,273.0,2962.0,29510.0,12729.0
2022-03-10,2022,4966.0,16528.5,11019,6981.0,0.0,0.0,0.0,1.0,19.0,189.0,1975.0,1004.0
2022-03-11,2022,141865.0,259491.0,172994,116594.0,0.0,0.0,1.0,34.0,319.0,3230.0,31421.0,14948.0
2022-03-12,2022,193421.0,340527.0,227018,173203.5,0.0,1.0,4.0,41.0,414.0,4080.0,41300.0,17149.0
2022-03-13,2022,4073.0,13032.0,8688,5493.5,0.0,0.0,0.0,1.0,16.0,151.0,1552.0,743.0
2022-03-14,2022,4879.0,16371.0,10914,6927.0,0.0,0.0,0.0,2.0,16.0,194.0,1951.0,890.0
2022-03-15,2022,101442.0,189319.5,126213,85591.5,0.0,0.0,1.0,29.0,226.0,2359.0,22795.0,10591.0
2022-03-16,2022,121724.0,221856.0,147904,103216.5,0.0,0.0,4.0,31.0,253.0,2575.0,26495.0,12061.0
2022-03-17,2022,4848.0,16464.0,10976,7009.0,0.0,0.0,0.0,0.0,17.0,236.0,1990.0,1006.0
2022-03-18,2022,147624.0,270076.5,180051,120001.5,0.0,0.0,1.0,38.0,389.0,3273.0,32512.0,14155.0
2022-03-19,2022,194857.0,342588.0,228392,169833.5,0.0,1.0,2.0,41.0,377.0,4250.0,40519.0,18537.0
2022-03-20,2022,3939.0,12715.5,8477,7496.5,0.0,0.0,1.0,1.0,14.0,150.0,1543.0,787.0
2022-03-21,2022,4897.0,17272.5,11515,6900.0,0.0,0.0,0.0,1.0,13.0,193.0,2031.0,942.0
2022-03-22,2022,91524.0,171318.0,114212,78358.0,0.0,0.0,2.0,22.0,233.0,2062.0,20465.0,9372.0
2022-03-23,2022,117231.0,214087.5,142725,98800.0,0.0,0.0,3.0,33.0,259.0,2577.0,25444.0,11498.0
2022-03-24,2022,4953.0,17332.5,11555,7177.0,0.0,0.0,0.0,1.0,25.0,199.0,2027.0,952.0
2022-03-25,2022,136412.0,250027.5,166685,114075.0,0.0,0.0,2.0,34.0,299.0,3006.0,30433.0,14266.0
2022-03-26,2022,193610.0,341179.5,227453,145893.0,0.0,0.0,1.0,44.0,384.0,3986.0,40849.0,17190.0
2022-03-27,2022,3939.0,12730.5,8487,5256.5,0.0,0.0,0.0,1.0,13.0,138.0,1442.0,815.0
2022-03-28,2022,4736.0,15837.0,10558,6557.0,0.0,0.0,0.0,2.0,22.0,184.0,1773.0,834.0
2022-03-29,2022,97411.0,182895.0,121930,84065.0,0.0,0.0,3.0,16.0,200.0,2214.0,22063.0,10446.0
2022-03-30,2022,120879.0,221370.0,147580,104463.0,0.0,0.0,3.0,39.0,258.0,2707.0,26678.0,12408.0
2022-03-31,2022,5069.0,17997.0,11998,7635.5,0.0,0.0,0.0,1.0,22.0,215.0,2196.0,1019.0
2022-04-01,2022,146355.0,270292.5,180195,139153.5,0.0,1.0,2.0,29.0,335.0,3236.0,32481.0,14341.0
2022-04-02,2022,194899.0,344698.5,229799,164365.0,0.0,0.0,6.0,43.0,418.0,4100.0,41377.0,21434.0
2022-04-03,2022,4139.0,13765.5,9177,5762.0,0.0,0.0,0.0,1.0,7.0,155.0,1674.0,866.0
2022-04-04,2022,5016.0,16782.0,11188,7153.0,0.0,0.0,0.0,0.0,21.0,231.0,2012.0,1036.0
2022-04-05,2022,103392.0,195562.5,130375,90189.0,0.0,0.0,3.0,25.0,244.0,2360.0,23324.0,10574.0
2022-04-06,2022,124580.0,228513.0,152342,123117.5,0.0,1.0,1.0,31.0,305.0,2671.0,27577.0,13539.0
2022-04-07,2022,5044.0,17797.5,11865,10152.0,0.0,0.0,1.0,5.0,22.0,213.0,2114.0,946.0
2022-04-08,2022,148202.0,273189.0,182126,123897.0,0.0,0.0,3.0,33.0,345.0,3326.0,32986.0,14530.0
2022-04-09,2022,199707.0,353428.5,235619,159134.0,0.0,0.0,3.0,39.0,442.0,4295.0,42223.0,20382.0
2022-04-10,2022,4131.0,13128.0,8752,5451.0,0.0,0.0,0.0,0.0,24.0,147.0,1566.0,736.0
2022-04-11,2022,4822.0,16030.5,10687,7127.0,0.0,0.0,0.0,3.0,23.0,196.0,1888.0,874.0
2022-04-12,2022,107128.0,202842.0,135228,92034.5,0.0,0.0,3.0,23.0,260.0,2450.0,24001.0,10655.0
2022-04-13,2022,127236.0,234084.0,156056,101740.0,0.0,0.0,1.0,33.0,253.0,2687.0,27592.0,12974.0
2022-04-14,2022,4969.0,17343.0,11562,7406.5,0.0,0.0,0.0,1.0,28.0,198.0,2103.0,967.0
2022-04-15,2022,152684.0,282166.5,188111,126899.5,0.0,0.0,2.0,38.0,332.0,3386.0,34005.0,15813.0
2022-04-16,2022,199178.0,352386.0,234924,155269.0,0.0,0.0,1.0,43.0,458.0,4228.0,42774.0,19214.0
2022-04-17,2022,4223.0,13476.0,8984,7861.5,0.0,0.0,1.0,1.0,12.0,201.0,1651.0,743.0
2022-04-18,2022,4357.0,14275.5,9517,5885.5,0.0,0.0,0.0,1.0,17.0,171.0,1640.0,807.0
2022-04-19,2022,106532.0,202123.5,134749,91865.5,0.0,0.0,3.0,23.0,248.0,2361.0,24373.0,10503.0
2022-04-20,2022,127993.0,235381.5,156921,101376.0,0.0,0.0,1.0,25.0,304.0,2812.0,28082.0,12048.0
2022-04-21,2022,5155.0,17743.5,11829,9280.5,0.0,0.0,1.0,1.0,23.0,203.0,2073.0,973.0
2022-04-22,2022,176594.0,329601.0,219734,171987.0,0.0,1.0,4.0,38.0,386.0,4101.0,39690.0,19188.0
2022-04-23,2022,207521.0,368775.0,245850,165387.5,0.0,0.0,4.0,43.0,445.0,4374.0,44110.0,19865.0
2022-04-24,2022,4286.0,14082.0,9388,6333.0,0.0,0.0,0.0,3.0,15.0,180.0,1689.0,770.0
2022-04-25,2022,4911.0,16608.0,11072,7267.0,0.0,0.0,0.0,2.0,18.0,207.0,2061.0,900.0
2022-04-26,2022,146678.0,279891.0,186594,142961.0,0.0,1.0,1.0,35.0,342.0,3383.0,33817.0,15048.0
2022-04-27,2022,119383.0,218866.5,145911,101116.5,0.0,0.0,4.0,22.0,291.0,2629.0,26100.0,11701.0
2022-04-28,2022,5033.0,17764.5,11843,7269.5,0.0,0.0,0.0,1.0,21.0,206.0,2131.0,905.0
2022-04-29,2022,224902.0,422982.0,281988,208456.5,0.0,1.0,4.0,47.0,502.0,5094.0,51109.0,22219.0
2022-04-30,2022,193642.0,341839.5,227893,186763.5,0.0,1.0,8.0,49.0,417.0,4143.0,40946.0,20011.0
2022-05-01,2022,4273.0,14047.5,9365,5652.0,0.0,0.0,0.0,0.0,16.0,177.0,1643.0,774.0
2022-05-02,2022,5194.0,16963.5,11309,6873.5,0.0,0.0,0.0,1.0,16.0,191.0,1977.0,963.0
2022-05-03,2022,170019.0,327978.0,218652,146037.0,0.0,0.0,2.0,39.0,358.0,3923.0,38380.0,20468.0
2022-05-04,2022,123511.0,226503.0,151002,100380.0,0.0,0.0,1.0,37.0,255.0,2668.0,27051.0,12292.0
2022-05-05,2022,5147.0,17640.0,11760,7376.5,0.0,0.0,0.0,2.0,18.0,213.0,2058.0,957.0
2022-05-06,2022,227319.0,432405.0,288270,219428.0,0.0,1.0,7.0,52.0,539.0,5186.0,52086.0,22764.0
2022-05-07,2022,199351.0,352927.5,235285,150752.5,0.0,0.0,1.0,26.0,462.0,4183.0,42247.0,19269.0
2022-05-08,2022,4214.0,13704.0,9136,9898.0,0.0,0.0,2.0,1.0,20.0,166.0,1733.0,668.0
2022-05-09,2022,4860.0,16440.0,10960,7175.5,0.0,0.0,0.0,2.0,21.0,199.0,1934.0,995.0
2022-05-10,2022,189102.0,367392.0,244928,183233.0,0.0,1.0,4.0,40.0,417.0,4470.0,43627.0,19526.0
2022-05-11,2022,118940.0,217614.0,145076,119740.0,0.0,1.0,3.0,27.0,234.0,2554.0,26094.0,12468.0
2022-05-12,2022,5284.0,18513.0,12342,27673.0,0.0,1.0,0.0,3.0,13.0,194.0,2167.0,1006.0
2022-05-13,2022,292178.0,535903.5,357269,275288.5,0.0,1.0,11.0,65.0,630.0,6428.0,64756.0,30691.0
2022-05-14,2022,194939.0,344764.5,229843,170471.0,0.0,1.0,1.0,45.0,401.0,4195.0,41276.0,18616.0
2022-05-15,2022,4171.0,13663.5,9109,5496.5,0.0,0.0,0.0,0.0,14.0,136.0,1654.0,819.0
2022-05-16,2022,5027.0,16870.5,11247,29592.0,0.0,1.0,1.0,4.0,21.0,190.0,2063.0,864.0
2022-05-17,2022,99969.0,188112.0,125408,85839.5,0.0,0.0,1.0,27.0,223.0,2229.0,22637.0,11707.0
2022-05-18,2022,142640.0,263265.0,175510,117561.5,0.0,0.0,2.0,33.0,289.0,3141.0,31846.0,14523.0
2022-05-19,2022,5437.0,18703.5,12469,7954.5,0.0,0.0,0.0,3.0,22.0,213.0,2189.0,981.0
2022-05-20,2022,142686.0,262881.0,175254,112447.0,0.0,0.0,0.0,29.0,326.0,3155.0,31460.0,14288.0
2022-05-21,2022,210823.0,378117.0,252078,218899.5,0.0,2.0,8.0,41.0,485.0,4518.0,45778.0,20569.0
2022-05-22,2022,4778.0,16342.5,10895,6865.0,0.0,0.0,0.0,2.0,13.0,199.0,1978.0,836.0
2022-05-23,2022,5521.0,19066.5,12711,9973.5,0.0,0.0,1.0,1.0,19.0,254.0,2227.0,1113.0
2022-05-24,2022,106118.0,201169.5,134113,90753.5,0.0,0.0,2.0,25.0,239.0,2433.0,24275.0,10839.0
2022-05-25,2022,160950.0,298743.0,199162,163887.5,0.0,1.0,7.0,28.0,327.0,3572.0,35921.0,18697.0
2022-05-26,2022,5548.0,19947.0,13298,8791.5,0.0,0.0,0.0,3.0,30.0,225.0,2454.0,1039.0
2022-05-27,2022,129330.0,239130.0,159420,106443.5,0.0,0.0,2.0,27.0,289.0,2831.0,28898.0,12875.0
2022-05-28,2022,209940.0,378577.5,252385,189719.0,0.0,1.0,4.0,43.0,447.0,4492.0,45585.0,20366.0
2022-05-29,2022,4985.0,17583.0,11722,9571.5,0.0,0.0,1.0,2.0,30.0,209.0,2017.0,995.0
2022-05-30,2022,5920.0,21220.5,14147,9396.5,0.0,0.0,0.0,4.0,20.0,256.0,2604.0,1139.0
2022-05-31,2022,100602.0,192301.5,128201,103416.0,0.0,1.0,1.0,20.0,235.0,2253.0,23089.0,10182.0
2022-06-01,2022,133232.0,247354.5,164903,114747.0,0.0,0.0,4.0,16.0,278.0,2982.0,29804.0,15646.0
2022-06-02,2022,5892.0,21628.5,14419,11637.5,0.0,0.0,1.0,4.0,22.0,265.0,2619.0,1223.0
2022-06-03,2022,141934.0,262176.0,174784,124498.0,0.0,0.0,5.0,25.0,325.0,3117.0,31768.0,15918.0
2022-06-04,2022,193753.0,344607.0,229738,157045.0,0.0,0.0,4.0,39.0,415.0,4100.0,41260.0,19950.0
2022-06-05,2022,3529.0,11235.0,7490,5007.0,0.0,0.0,0.0,2.0,11.0,143.0,1359.0,636.0
2022-06-06,2022,2516.0,7344.0,4896,3021.0,0.0,0.0,0.0,0.0,10.0,98.0,843.0,430.0
2022-06-07,2022,97959.0,187333.5,124889,88849.0,0.0,0.0,3.0,27.0,231.0,2279.0,22956.0,10348.0
2022-06-08,2022,130562.0,241827.0,161218,117779.5,0.0,0.0,5.0,33.0,293.0,2871.0,28963.0,15359.0
2022-06-09,2022,5654.0,20157.0,13438,10466.5,0.0,0.0,1.0,1.0,18.0,246.0,2418.0,1227.0
2022-06-10,2022,152170.0,280884.0,187256,131124.0,0.0,0.0,4.0,33.0,359.0,3448.0,33881.0,16228.0
2022-06-11,2022,196777.0,349600.5,233067,160585.0,0.0,0.0,4.0,45.0,420.0,4072.0,42183.0,20306.0
2022-06-12,2022,3286.0,10356.0,6904,4816.0,0.0,0.0,0.0,2.0,15.0,145.0,1271.0,566.0
2022-06-13,2022,3398.0,11535.0,7690,4677.0,0.0,0.0,0.0,0.0,16.0,127.0,1372.0,652.0
2022-06-14,2022,97878.0,185607.0,123738,79574.0,0.0,0.0,0.0,16.0,236.0,2283.0,22477.0,10190.0
2022-06-15,2022,127485.0,236242.5,157495,107381.5,0.0,0.0,3.0,23.0,305.0,2868.0,28438.0,12977.0
2022-06-16,2022,5019.0,18115.5,12077,7824.5,0.0,0.0,0.0,2.0,26.0,227.0,2128.0,1009.0
2022-06-17,2022,222537.0,431433.0,287622,201502.5,0.0,0.0,6.0,56.0,558.0,5453.0,52949.0,22653.0
2022-06-18,2022,191262.0,341338.5,227559,160068.5,0.0,1.0,0.0,40.0,392.0,3953.0,39571.0,16881.0
2022-06-19,2022,4101.0,13366.5,8911,5104.5,0.0,0.0,0.0,1.0,16.0,138.0,1393.0,739.0
2022-06-20,2022,4834.0,16989.0,11326,7117.5,0.0,0.0,0.0,0.0,26.0,245.0,1994.0,923.0
2022-06-21,2022,141689.0,278997.0,185998,146271.0,0.0,1.0,2.0,33.0,311.0,3154.0,34767.0,16098.0
2022-06-22,2022,131641.0,244455.0,162970,109501.5,0.0,0.0,4.0,26.0,282.0,2925.0,28131.0,13183.0
2022-06-23,2022,5108.0,19218.0,12812,8456.0,0.0,0.0,0.0,3.0,28.0,216.0,2352.0,1008.0
2022-06-24,2022,192160.0,371950.5,247967,180646.5,0.0,0.0,8.0,56.0,452.0,4582.0,45470.0,20371.0
2022-06-25,2022,195270.0,349542.0,233028,169084.5,0.0,1.0,2.0,43.0,393.0,4083.0,40499.0,18141.0
2022-06-26,2022,4182.0,14053.5,9369,6096.0,0.0,0.0,0.0,2.0,19.0,151.0,1679.0,802.0
2022-06-27,2022,4802.0,16921.5,11281,6688.5,0.0,0.0,0.0,0.0,18.0,198.0,2001.0,891.0
2022-06-28,2022,147008.0,291081.0,194054,154626.5,0.0,1.0,4.0,33.0,326.0,3576.0,35736.0,16103.0
2022-06-29,2022,137382.0,255819.0,170546,139132.5,0.0,1.0,2.0,44.0,312.0,3026.0,31427.0,14739.0
2022-06-30,2022,5137.0,18660.0,12440,7813.5,0.0,0.0,0.0,1.0,31.0,216.0,2176.0,1041.0
2022-07-01,2022,208542.0,408666.0,272444,185103.5,0.0,0.0,1.0,55.0,545.0,5169.0,50040.0,23519.0
2022-07-02,2022,202967.0,365254.5,243503,183672.0,0.0,1.0,1.0,59.0,490.0,4444.0,44319.0,19476.0
2022-07-03,2022,4150.0,13764.0,9176,6055.5,0.0,0.0,0.0,2.0,22.0,180.0,1635.0,697.0
2022-07-04,2022,5216.0,18358.5,12239,7805.5,0.0,0.0,0.0,1.0,23.0,240.0,2228.0,993.0
2022-07-05,2022,173413.0,346950.0,231300,142452.0,0.0,0.0,3.0,30.0,327.0,3314.0,38488.0,20244.0
2022-07-06,2022,148332.0,279202.5,186135,128088.5,0.0,0.0,3.0,28.0,331.0,3425.0,33147.0,17633.0
2022-07-07,2022,5868.0,21187.5,14125,8512.0,0.0,0.0,0.0,0.0,23.0,249.0,2514.0,1186.0
2022-07-08,2022,274505.0,560886.0,373924,251621.5,0.0,0.0,3.0,72.0,636.0,5989.0,70405.0,31831.0
2022-07-09,2022,195595.0,353602.5,235735,149482.5,0.0,0.0,1.0,31.0,424.0,4058.0,43063.0,17591.0
2022-07-10,2022,4561.0,15502.5,10335,6716.0,0.0,0.0,0.0,3.0,16.0,181.0,1868.0,770.0
2022-07-11,2022,5234.0,18393.0,12262,8685.5,0.0,0.0,0.0,5.0,22.0,211.0,2226.0,1159.0
2022-07-12,2022,200518.0,411423.0,274282,188960.5,0.0,0.0,5.0,24.0,458.0,5145.0,50842.0,25061.0
2022-07-13,2022,132457.0,247234.5,164823,109371.0,0.0,0.0,1.0,30.0,287.0,2835.0,30543.0,13580.0
2022-07-14,2022,5264.0,18880.5,12587,8148.0,0.0,0.0,0.0,2.0,23.0,229.0,2188.0,1178.0
2022-07-15,2022,232426.0,465078.0,310052,223646.0,0.0,0.0,8.0,65.0,617.0,5876.0,56951.0,26016.0
2022-07-16,2022,192330.0,345652.5,230435,153446.5,0.0,0.0,2.0,37.0,404.0,3915.0,42555.0,19521.0
2022-07-17,2022,4343.0,14464.5,9643,6652.0,0.0,0.0,0.0,2.0,31.0,176.0,1794.0,776.0
2022-07-18,2022,4898.0,16744.5,11163,7162.5,0.0,0.0,0.0,3.0,21.0,161.0,1972.0,929.0
2022-07-19,2022,176885.0,358342.5,238895,149628.5,0.0,0.0,5.0,38.0,305.0,3394.0,39435.0,20059.0
2022-07-20,2022,135951.0,254301.0,169534,111711.5,0.0,0.0,2.0,27.0,293.0,2893.0,30680.0,13751.0
2022-07-21,2022,4579.0,16152.0,10768,8864.5,0.0,0.0,1.0,2.0,18.0,206.0,1953.0,779.0
2022-07-22,2022,130255.0,244828.5,163219,105310.5,0.0,0.0,0.0,19.0,316.0,2778.0,30430.0,13627.0
2022-07-23,2022,182975.0,329488.5,219659,160772.5,0.0,0.0,8.0,43.0,430.0,4035.0,40333.0,17821.0
2022-07-24,2022,4195.0,14599.5,9733,6864.5,0.0,0.0,0.0,5.0,19.0,167.0,1718.0,809.0
2022-07-25,2022,4799.0,17212.5,11475,8884.5,0.0,0.0,1.0,0.0,22.0,187.0,2046.0,945.0
2022-07-26,2022,102156.0,196869.0,131246,85828.0,0.0,0.0,1.0,41.0,218.0,2225.0,21943.0,10838.0
2022-07-27,2022,121515.0,227007.0,151338,97769.0,0.0,0.0,1.0,31.0,281.0,2664.0,26181.0,12178.0
2022-07-28,2022,5065.0,18249.0,12166,10097.5,0.0,0.0,1.0,2.0,26.0,251.0,2170.0,1055.0
2022-07-29,2022,138497.0,259005.0,172670,115014.5,0.0,0.0,2.0,29.0,292.0,3187.0,31054.0,14221.0
2022-07-30,2022,185047.0,331566.0,221044,150872.5,0.0,0.0,4.0,32.0,387.0,4048.0,39946.0,19067.0
2022-07-31,2022,4231.0,14301.0,9534,6646.0,0.0,0.0,0.0,5.0,16.0,164.0,1695.0,744.0
2022-08-01,2022,5193.0,18276.0,12184,7638.0,0.0,0.0,0.0,1.0,24.0,211.0,2272.0,906.0
2022-08-02,2022,99683.0,191277.0,127518,103235.5,0.0,1.0,0.0,25.0,237.0,2345.0,22729.0,10875.0
2022-08-03,2022,127723.0,246813.0,164542,108003.0,0.0,0.0,2.0,23.0,326.0,2918.0,29809.0,12450.0
2022-08-04,2022,5770.0,21594.0,14396,9391.0,0.0,0.0,0.0,2.0,29.0,263.0,2654.0,1192.0
2022-08-05,2022,139023.0,263694.0,175796,138537.0,0.0,1.0,3.0,32.0,323.0,3135.0,31492.0,14012.0
2022-08-06,2022,190720.0,345807.0,230538,164589.0,0.0,0.0,9.0,35.0,420.0,4128.0,41005.0,19026.0
2022-08-07,2022,4929.0,17532.0,11688,8510.5,0.0,0.0,0.0,6.0,19.0,236.0,2159.0,955.0
2022-08-08,2022,5990.0,22153.5,14769,9679.0,0.0,0.0,0.0,3.0,27.0,274.0,2725.0,1146.0
2022-08-09,2022,103863.0,202887.0,135258,93305.0,0.0,0.0,3.0,21.0,268.0,2474.0,24388.0,11066.0
2022-08-10,2022,124268.0,235038.0,156692,105402.0,0.0,0.0,3.0,20.0,279.0,2823.0,28093.0,13014.0
2022-08-11,2022,5898.0,21312.0,14208,9027.5,0.0,0.0,0.0,3.0,22.0,244.0,2498.0,1181.0
2022-08-12,2022,139253.0,264514.5,176343,123108.5,0.0,0.0,4.0,40.0,288.0,3190.0,32104.0,14127.0
2022-08-13,2022,186620.0,337122.0,224748,178701.0,0.0,1.0,4.0,40.0,439.0,4150.0,40609.0,21302.0
2022-08-14,2022,4807.0,16731.0,11154,7092.0,0.0,0.0,0.0,0.0,24.0,235.0,2033.0,914.0
2022-08-15,2022,5285.0,19011.0,12674,7781.5,0.0,0.0,0.0,0.0,20.0,240.0,2340.0,1001.0
2022-08-16,2022,97395.0,190488.0,126992,88045.5,0.0,0.0,3.0,30.0,205.0,2321.0,22674.0,9995.0
2022-08-17,2022,122071.0,228946.5,152631,102854.5,0.0,0.0,2.0,29.0,279.0,2709.0,27697.0,12357.0
2022-08-18,2022,5614.0,20697.0,13798,9104.0,0.0,0.0,0.0,3.0,22.0,230.0,2497.0,1280.0
2022-08-19,2022,140953.0,265938.0,177292,144831.5,0.0,1.0,5.0,36.0,307.0,3196.0,31841.0,14553.0
2022-08-20,2022,187697.0,337708.5,225139,156152.5,0.0,0.0,7.0,40.0,371.0,4035.0,40060.0,17625.0
2022-08-21,2022,4773.0,16528.5,11019,6632.0,0.0,0.0,0.0,0.0,15.0,200.0,1931.0,980.0
2022-08-22,2022,5629.0,20376.0,13584,7903.5,0.0,0.0,0.0,0.0,17.0,243.0,2356.0,1091.0
2022-08-23,2022,103355.0,200407.5,133605,95110.0,0.0,0.0,4.0,29.0,222.0,2400.0,23819.0,11488.0
2022-08-24,2022,131144.0,247363.5,164909,107667.5,0.0,0.0,0.0,35.0,304.0,2900.0,29579.0,13953.0
2022-08-25,2022,5661.0,20533.5,13689,8614.0,0.0,0.0,0.0,2.0,21.0,233.0,2461.0,1138.0
2022-08-26,2022,152930.0,297685.5,198457,140407.0,0.0,0.0,4.0,42.0,357.0,3581.0,35783.0,18264.0
2022-08-27,2022,193305.0,349674.0,233116,154868.0,0.0,0.0,1.0,55.0,425.0,4322.0,41863.0,18688.0
2022-08-28,2022,4803.0,16623.0,11082,6765.0,0.0,0.0,0.0,0.0,21.0,207.0,1992.0,884.0
2022-08-29,2022,5553.0,20047.5,13365,8707.0,0.0,0.0,0.0,3.0,16.0,247.0,2469.0,1076.0
2022-08-30,2022,114921.0,224974.5,149983,122058.5,0.0,1.0,2.0,29.0,315.0,2675.0,26520.0,13029.0
2022-08-31,2022,140005.0,265785.0,177190,120797.0,0.0,0.0,2.0,44.0,333.0,3100.0,31685.0,14978.0
2022-09-01,2022,6262.0,23365.5,15577,10132.5,0.0,0.0,0.0,4.0,26.0,299.0,2707.0,1269.0
2022-09-02,2022,167545.0,321279.0,214186,148197.5,0.0,0.0,5.0,39.0,407.0,3812.0,38887.0,16949.0
2022-09-03,2022,186777.0,336502.5,224335,152797.5,0.0,0.0,4.0,42.0,394.0,4015.0,40596.0,18167.0
2022-09-04,2022,4645.0,16402.5,10935,8339.5,0.0,0.0,1.0,0.0,22.0,185.0,1858.0,839.0
2022-09-05,2022,5867.0,21175.5,14117,9059.0,0.0,0.0,0.0,2.0,27.0,254.0,2562.0,1150.0
2022-09-06,2022,100816.0,193965.0,129310,88079.0,0.0,0.0,2.0,28.0,206.0,2350.0,23644.0,10214.0
2022-09-07,2022,127675.0,241176.0,160784,127850.5,0.0,1.0,2.0,30.0,281.0,2926.0,28676.0,13499.0
2022-09-08,2022,5719.0,21093.0,14062,9006.0,0.0,0.0,0.0,0.0,25.0,262.0,2596.0,1336.0
2022-09-09,2022,226028.0,442962.0,295308,197542.5,0.0,0.0,5.0,40.0,525.0,5300.0,53065.0,24275.0
2022-09-10,2022,191337.0,344680.5,229787,159369.0,0.0,0.0,6.0,39.0,389.0,4037.0,41558.0,18992.0
2022-09-11,2022,4556.0,15211.5,10141,7000.0,0.0,0.0,0.0,5.0,18.0,172.0,1748.0,856.0
2022-09-12,2022,5510.0,19276.5,12851,8620.5,0.0,0.0,0.0,4.0,17.0,242.0,2377.0,1011.0
2022-09-13,2022,139223.0,275070.0,183380,119380.5,0.0,0.0,0.0,36.0,368.0,3305.0,33347.0,14401.0
2022-09-14,2022,128271.0,240925.5,160617,115843.0,0.0,0.0,5.0,34.0,307.0,2919.0,28834.0,13760.0
2022-09-15,2022,5742.0,21117.0,14078,9451.5,0.0,0.0,0.0,3.0,31.0,249.0,2633.0,1147.0
2022-09-16,2022,183891.0,355311.0,236874,163419.0,0.0,0.0,6.0,42.0,461.0,4283.0,42287.0,18540.0
2022-09-17,2022,190913.0,344053.5,229369,154004.0,0.0,0.0,3.0,47.0,403.0,4158.0,40933.0,18592.0
2022-09-18,2022,4762.0,15927.0,10618,30023.0,0.0,1.0,1.0,7.0,19.0,199.0,1901.0,964.0
2022-09-19,2022,5428.0,19032.0,12688,8291.5,0.0,0.0,0.0,3.0,23.0,226.0,2249.0,1069.0
2022-09-20,2022,137865.0,272398.5,181599,141369.5,0.0,1.0,2.0,36.0,342.0,3177.0,32542.0,14907.0
2022-09-21,2022,132184.0,248821.5,165881,107693.0,0.0,0.0,2.0,30.0,272.0,2887.0,29411.0,12664.0
2022-09-22,2022,5539.0,20337.0,13558,8248.0,0.0,0.0,0.0,2.0,26.0,218.0,2372.0,996.0
2022-09-23,2022,182129.0,348685.5,232457,159607.0,0.0,0.0,5.0,40.0,404.0,4080.0,41277.0,20382.0
2022-09-24,2022,195457.0,353365.5,235577,172605.0,0.0,0.0,10.0,43.0,410.0,4252.0,42217.0,20074.0
2022-09-25,2022,4836.0,17235.0,11490,7728.0,0.0,0.0,0.0,2.0,19.0,207.0,2127.0,1106.0
2022-09-26,2022,6073.0,22638.0,15092,9232.0,0.0,0.0,0.0,0.0,33.0,233.0,2799.0,1206.0
2022-09-27,2022,95620.0,185260.5,123507,83688.0,0.0,0.0,2.0,17.0,201.0,2170.0,22540.0,10892.0
2022-09-28,2022,121922.0,230787.0,153858,109164.0,0.0,0.0,5.0,27.0,271.0,2849.0,27598.0,12602.0
2022-09-29,2022,6172.0,24186.0,16124,12250.5,0.0,0.0,1.0,3.0,24.0,274.0,2881.0,1359.0
2022-09-30,2022,142911.0,270813.0,180542,150346.5,0.0,1.0,6.0,30.0,355.0,3186.0,32515.0,16191.0
2022-10-01,2022,188296.0,340693.5,227129,155592.0,0.0,0.0,5.0,36.0,416.0,4052.0,40857.0,18732.0
2022-10-02,2022,4897.0,17410.5,11607,7973.5,0.0,0.0,0.0,4.0,22.0,208.0,2138.0,945.0
2022-10-03,2022,6319.0,23776.5,15851,10081.0,0.0,0.0,0.0,3.0,32.0,264.0,2850.0,1214.0
2022-10-04,2022,100692.0,194197.5,129465,87034.5,0.0,0.0,1.0,32.0,230.0,2364.0,23197.0,10547.0
2022-10-05,2022,130359.0,247416.0,164944,114676.5,0.0,0.0,3.0,36.0,304.0,2980.0,29578.0,14227.0
2022-10-06,2022,6198.0,23833.5,15889,12687.0,0.0,0.0,1.0,4.0,33.0,313.0,2829.0,1336.0
2022-10-07,2022,144648.0,273876.0,182584,137453.0,0.0,1.0,1.0,23.0,345.0,3282.0,32796.0,14634.0
2022-10-08,2022,190245.0,343720.5,229147,178476.0,0.0,1.0,4.0,42.0,433.0,4139.0,41353.0,20010.0
2022-10-09,2022,4976.0,17419.5,11613,7208.5,0.0,0.0,0.0,2.0,11.0,216.0,2026.0,971.0
2022-10-10,2022,6122.0,22780.5,15187,10344.0,0.0,0.0,0.0,6.0,23.0,285.0,2719.0,1214.0
2022-10-11,2022,104785.0,202896.0,135264,94219.0,0.0,0.0,3.0,26.0,248.0,2485.0,24408.0,11212.0
2022-10-12,2022,127963.0,241557.0,161038,105378.0,0.0,0.0,1.0,22.0,259.0,2973.0,29220.0,13662.0
2022-10-13,2022,6058.0,23037.0,15358,9901.0,0.0,0.0,0.0,3.0,20.0,260.0,2710.0,1454.0
2022-10-14,2022,143149.0,269757.0,179838,121476.0,0.0,0.0,2.0,37.0,320.0,3286.0,32526.0,14796.0
2022-10-15,2022,186782.0,336198.0,224132,148134.0,0.0,0.0,2.0,32.0,410.0,4137.0,40578.0,18462.0
2022-10-16,2022,4782.0,16488.0,10992,7360.5,0.0,0.0,0.0,3.0,16.0,187.0,2029.0,965.0
2022-10-17,2022,5747.0,21052.5,14035,9299.5,0.0,0.0,0.0,2.0,36.0,275.0,2524.0,1171.0
2022-10-18,2022,103682.0,201211.5,134141,90067.0,0.0,0.0,2.0,23.0,246.0,2443.0,24168.0,10664.0
2022-10-19,2022,123995.0,232149.0,154766,108107.5,0.0,0.0,3.0,36.0,256.0,2876.0,27743.0,13281.0
2022-10-20,2022,5807.0,21324.0,14216,10955.5,0.0,0.0,1.0,2.0,18.0,244.0,2569.0,1225.0
2022-10-21,2022,149481.0,284185.5,189457,125257.5,0.0,0.0,1.0,38.0,336.0,3465.0,34101.0,15607.0
2022-10-22,2022,187207.0,337815.0,225210,158350.5,0.0,0.0,7.0,34.0,413.0,4073.0,40596.0,18489.0
2022-10-23,2022,4700.0,16606.5,11071,7043.5,0.0,0.0,0.0,1.0,22.0,200.0,2011.0,921.0
2022-10-24,2022,5860.0,22011.0,14674,9396.0,0.0,0.0,0.0,2.0,24.0,279.0,2647.0,1218.0
2022-10-25,2022,112556.0,218851.5,145901,118313.5,0.0,1.0,3.0,28.0,253.0,2606.0,25596.0,11621.0
2022-10-26,2022,131684.0,249256.5,166171,119056.0,0.0,0.0,6.0,36.0,302.0,2983.0,29906.0,12726.0
2022-10-27,2022,5961.0,22273.5,14849,9704.5,0.0,0.0,0.0,3.0,31.0,245.0,2726.0,1205.0
2022-10-28,2022,159049.0,303015.0,202010,143027.5,0.0,0.0,6.0,40.0,413.0,3656.0,36162.0,16109.0
2022-10-29,2022,197441.0,359121.0,239414,163551.0,0.0,0.0,4.0,51.0,424.0,4260.0,42322.0,20618.0
2022-10-30,2022,5140.0,18051.0,12034,7549.5,0.0,0.0,0.0,1.0,27.0,196.0,2155.0,1013.0
2022-10-31,2022,6392.0,23763.0,15842,10348.0,0.0,0.0,0.0,3.0,28.0,313.0,2895.0,1222.0
2022-11-01,2022,108785.0,216588.0,144392,94760.0,0.0,0.0,1.0,31.0,247.0,2571.0,25864.0,11358.0
2022-11-02,2022,132758.0,253663.5,169109,136094.0,0.0,1.0,3.0,27.0,313.0,3118.0,30658.0,14352.0
2022-11-03,2022,6453.0,24276.0,16184,12959.5,0.0,0.0,1.0,4.0,29.0,310.0,3027.0,1317.0
2022-11-04,2022,167413.0,324211.5,216141,147818.0,0.0,0.0,5.0,36.0,373.0,3804.0,38527.0,18056.0
2022-11-05,2022,188992.0,345177.0,230118,172476.0,0.0,1.0,3.0,41.0,399.0,4111.0,41480.0,17854.0
2022-11-06,2022,5418.0,19704.0,13136,10417.5,0.0,0.0,1.0,2.0,28.0,245.0,2349.0,1023.0
2022-11-07,2022,6953.0,26563.5,17709,13495.5,0.0,0.0,1.0,3.0,32.0,332.0,3187.0,1481.0
2022-11-08,2022,100809.0,197673.0,131782,106060.0,0.0,1.0,1.0,22.0,238.0,2334.0,23680.0,10580.0
2022-11-09,2022,132128.0,264112.5,176075,123897.5,0.0,0.0,5.0,32.0,323.0,3183.0,31588.0,14631.0
2022-11-10,2022,7749.0,30972.0,20648,13727.0,0.0,0.0,0.0,5.0,40.0,370.0,3714.0,1766.0
2022-11-11,2022,125839.0,240297.0,160198,112220.0,0.0,0.0,5.0,22.0,269.0,2946.0,29111.0,12992.0
2022-11-12,2022,182976.0,334855.5,223237,149148.0,0.0,0.0,3.0,44.0,436.0,4016.0,40315.0,16612.0
2022-11-13,2022,5427.0,19825.5,13217,8815.5,0.0,0.0,0.0,4.0,30.0,227.0,2367.0,1031.0
2022-11-14,2022,6878.0,26433.0,17622,11326.5,0.0,0.0,0.0,3.0,29.0,311.0,3176.0,1493.0
2022-11-15,2022,101902.0,199851.0,133234,95533.5,0.0,0.0,4.0,27.0,251.0,2316.0,24093.0,11565.0
2022-11-16,2022,123932.0,236425.5,157617,116641.0,0.0,0.0,5.0,40.0,267.0,2831.0,28473.0,14800.0
2022-11-17,2022,6788.0,25936.5,17291,12944.5,0.0,0.0,1.0,2.0,27.0,303.0,3137.0,1477.0
2022-11-18,2022,137130.0,259522.5,173015,119253.5,0.0,0.0,3.0,34.0,336.0,3045.0,30513.0,15655.0
2022-11-19,2022,186058.0,338599.5,225733,157636.0,0.0,0.0,6.0,39.0,377.0,4011.0,40542.0,19438.0
2022-11-20,2022,5056.0,17575.5,11717,7731.0,0.0,0.0,0.0,3.0,16.0,189.0,2186.0,996.0
2022-11-21,2022,6271.0,24168.0,16112,11163.0,0.0,0.0,0.0,5.0,31.0,308.0,2992.0,1346.0
2022-11-22,2022,99914.0,195400.5,130267,91114.0,0.0,0.0,3.0,27.0,259.0,2317.0,23667.0,10410.0
2022-11-23,2022,133320.0,254754.0,169836,124640.0,0.0,0.0,6.0,41.0,316.0,3007.0,30747.0,14394.0
2022-11-24,2022,6229.0,24195.0,16130,12596.5,0.0,0.0,1.0,0.0,37.0,306.0,3054.0,1479.0
2022-11-25,2022,145118.0,273982.5,182655,124216.0,0.0,0.0,4.0,27.0,333.0,3231.0,32443.0,15410.0
2022-11-26,2022,199653.0,365124.0,243416,166719.0,0.0,0.0,3.0,45.0,476.0,4473.0,44140.0,21036.0
2022-11-27,2022,4966.0,18216.0,12144,8180.0,0.0,0.0,0.0,4.0,19.0,213.0,2201.0,1022.0
2022-11-28,2022,6035.0,22999.5,15333,10468.0,0.0,0.0,0.0,3.0,35.0,311.0,2887.0,1226.0
2022-11-29,2022,107265.0,211312.5,140875,114139.0,0.0,1.0,2.0,21.0,281.0,2587.0,25319.0,11164.0
2022-11-30,2022,126132.0,241341.0,160894,104673.0,0.0,0.0,1.0,27.0,291.0,2941.0,28438.0,13248.0
2022-12-01,2022,6481.0,25432.5,16955,10755.5,0.0,0.0,0.0,2.0,33.0,301.0,3043.0,1403.0
2022-12-02,2022,230565.0,457006.5,304671,206514.5,0.0,0.0,5.0,51.0,565.0,5374.0,55050.0,25363.0
2022-12-03,2022,196395.0,358653.0,239102,172411.5,0.0,0.0,9.0,38.0,419.0,4206.0,43598.0,20137.0
2022-12-04,2022,5186.0,18976.5,12651,8693.0,0.0,0.0,0.0,5.0,29.0,233.0,2191.0,1044.0
2022-12-05,2022,6420.0,24462.0,16308,9627.5,0.0,0.0,0.0,1.0,23.0,269.0,2843.0,1291.0
2022-12-06,2022,139379.0,280228.5,186819,129852.5,0.0,0.0,5.0,31.0,291.0,3381.0,33646.0,15757.0
2022-12-07,2022,129550.0,249472.5,166315,116897.0,0.0,0.0,4.0,39.0,300.0,2972.0,29917.0,13602.0
2022-12-08,2022,6766.0,27264.0,18176,12279.0,0.0,0.0,0.0,3.0,30.0,345.0,3369.0,1744.0
2022-12-09,2022,147211.0,286413.0,190942,123716.0,0.0,0.0,0.0,34.0,339.0,3380.0,34309.0,16412.0
2022-12-10,2022,195660.0,361753.5,241169,166240.5,0.0,0.0,4.0,55.0,403.0,4365.0,43341.0,20449.0
2022-12-11,2022,5667.0,21061.5,14041,9015.0,0.0,0.0,0.0,3.0,23.0,255.0,2485.0,1140.0
2022-12-12,2022,7229.0,28519.5,19013,13115.0,0.0,0.0,0.0,6.0,44.0,353.0,3375.0,1680.0
2022-12-13,2022,104624.0,208398.0,138932,92120.5,0.0,0.0,1.0,27.0,257.0,2570.0,24954.0,11215.0
2022-12-14,2022,136477.0,268086.0,178724,123758.0,0.0,0.0,5.0,39.0,309.0,3147.0,31736.0,13714.0
2022-12-15,2022,7042.0,27781.5,18521,11512.5,0.0,0.0,0.0,2.0,28.0,338.0,3262.0,1559.0
2022-12-16,2022,142947.0,274114.5,182743,119040.5,0.0,0.0,1.0,27.0,339.0,3278.0,32728.0,15343.0
2022-12-17,2022,195070.0,356296.5,237531,182652.0,0.0,1.0,5.0,36.0,424.0,4229.0,42534.0,20506.0
2022-12-18,2022,5328.0,19455.0,12970,8103.0,0.0,0.0,0.0,1.0,22.0,250.0,2310.0,1062.0
2022-12-19,2022,6513.0,25192.5,16795,11098.0,0.0,0.0,0.0,5.0,25.0,306.0,3014.0,1360.0
2022-12-20,2022,107612.0,214332.0,142888,98986.0,0.0,0.0,3.0,19.0,270.0,2601.0,25624.0,13022.0
2022-12-21,2022,129723.0,249690.0,166460,111474.5,0.0,0.0,2.0,22.0,324.0,2960.0,30182.0,14287.0
2022-12-22,2022,6936.0,27625.5,18417,12113.5,0.0,0.0,0.0,5.0,33.0,339.0,3273.0,1475.0
2022-12-23,2022,152446.0,294255.0,196170,135088.0,0.0,0.0,5.0,27.0,359.0,3424.0,35349.0,16460.0
2022-12-24,2022,369325.0,700102.5,466735,324509.0,0.0,0.0,10.0,90.0,842.0,8312.0,84044.0,40014.0
2022-12-25,2022,5624.0,21972.0,14648,9869.5,0.0,0.0,0.0,3.0,29.0,284.0,2761.0,1165.0
2022-12-26,2022,6728.0,27354.0,18236,11758.0,0.0,0.0,0.0,3.0,31.0,312.0,3370.0,1492.0
2022-12-27,2022,107615.0,224338.5,149559,96829.5,0.0,0.0,1.0,20.0,252.0,2777.0,26953.0,11999.0
2022-12-28,2022,129916.0,252909.0,168606,116525.5,0.0,0.0,3.0,39.0,303.0,2960.0,30477.0,13941.0
2022-12-29,2022,7554.0,31231.5,20821,13306.0,0.0,0.0,0.0,2.0,41.0,399.0,3766.0,1706.0
2022-12-30,2022,153623.0,300168.0,200112,133740.0,0.0,0.0,1.0,44.0,381.0,3579.0,35931.0,17042.0
2022-12-31,2022,430037.0,843241.5,562161,382529.0,0.0,0.0,7.0,104.0,1093.0,10168.0,101561.0,47938.0
2023-01-01,2023,6444.0,25863.0,17242,10826.0,0.0,0.0,0.0,1.0,33.0,332.0,3091.0,1416.0
2023-01-02,2023,7905.0,31342.5,20895,13371.0,0.0,0.0,0.0,3.0,34.0,388.0,3817.0,1678.0
2023-01-03,2023,103491.0,207667.5,138445,95586.5,0.0,0.0,2.0,30.0,236.0,2444.0,24943.0,12507.0
2023-01-04,2023,174119.0,347716.5,231811,198627.0,0.0,2.0,4.0,44.0,427.0,4004.0,41851.0,19710.0
2023-01-05,2023,7404.0,29038.5,19359,14530.5,0.0,0.0,1.0,3.0,29.0,383.0,3490.0,1637.0
2023-01-06,2023,141300.0,272442.0,181628,123106.5,0.0,0.0,3.0,35.0,326.0,3287.0,32547.0,14705.0
2023-01-07,2023,228012.0,430473.0,286982,191874.0,0.0,0.0,5.0,48.0,501.0,5029.0,51171.0,23178.0
2023-01-08,2023,5796.0,20925.0,13950,8774.5,0.0,0.0,0.0,3.0,24.0,251.0,2397.0,1097.0
2023-01-09,2023,6649.0,25101.0,16734,11063.5,0.0,0.0,0.0,4.0,33.0,318.0,2950.0,1409.0
2023-01-10,2023,101781.0,199095.0,132730,87879.5,0.0,0.0,1.0,24.0,248.0,2397.0,23962.0,10807.0
2023-01-11,2023,167006.0,326463.0,217642,143292.0,0.0,0.0,2.0,38.0,379.0,3904.0,39162.0,17512.0
2023-01-12,2023,6263.0,23940.0,15960,13356.5,0.0,0.0,1.0,7.0,40.0,260.0,2822.0,1475.0
2023-01-13,2023,302253.0,585517.5,390345,280636.5,0.0,1.0,5.0,55.0,774.0,6968.0,70134.0,32699.0
2023-01-14,2023,235954.0,444172.5,296115,195731.0,0.0,0.0,3.0,54.0,536.0,5280.0,52769.0,24182.0
2023-01-15,2023,6358.0,24069.0,16046,10184.5,0.0,0.0,0.0,2.0,22.0,290.0,2856.0,1455.0
2023-01-16,2023,7689.0,30174.0,20116,14854.0,0.0,0.0,1.0,3.0,29.0,381.0,3596.0,1718.0
2023-01-17,2023,96139.0,190128.0,126752,87925.0,0.0,0.0,3.0,23.0,238.0,2317.0,22849.0,10188.0
2023-01-18,2023,130104.0,249279.0,166186,133662.5,0.0,1.0,2.0,36.0,317.0,2990.0,30300.0,13715.0
2023-01-19,2023,6698.0,26044.5,17363,10793.5,0.0,0.0,0.0,1.0,33.0,302.0,3095.0,1489.0
2023-01-20,2023,134845.0,262039.5,174693,118935.0,0.0,0.0,3.0,31.0,324.0,3109.0,31600.0,14340.0
2023-01-21,2023,191662.0,351630.0,234420,155457.0,0.0,0.0,2.0,38.0,469.0,4277.0,42152.0,19192.0
2023-01-22,2023,5333.0,19590.0,13060,8576.0,0.0,0.0,0.0,3.0,22.0,237.0,2433.0,990.0
2023-01-23,2023,6524.0,24994.5,16663,10934.0,0.0,0.0,0.0,3.0,34.0,263.0,3061.0,1478.0
2023-01-24,2023,102216.0,208911.0,139274,90348.5,0.0,0.0,0.0,25.0,268.0,2487.0,24791.0,11981.0
2023-01-25,2023,133314.0,256299.0,170866,133645.0,0.0,1.0,1.0,33.0,302.0,3030.0,30964.0,14618.0
2023-01-26,2023,6913.0,26889.0,17926,11502.5,0.0,0.0,0.0,1.0,31.0,348.0,3281.0,1587.0
2023-01-27,2023,148568.0,287508.0,191672,131115.0,0.0,0.0,4.0,26.0,358.0,3505.0,34219.0,16528.0
2023-01-28,2023,199693.0,366207.0,244138,191747.5,0.0,1.0,5.0,49.0,441.0,4512.0,44359.0,21233.0
2023-01-29,2023,5772.0,20901.0,13934,9275.5,0.0,0.0,0.0,3.0,25.0,247.0,2526.0,1259.0
2023-01-30,2023,7052.0,26679.0,17786,11902.5,0.0,0.0,0.0,3.0,41.0,318.0,3292.0,1539.0
2023-01-31,2023,110047.0,218698.5,145799,98608.5,0.0,0.0,2.0,27.0,292.0,2699.0,26155.0,11709.0
2023-02-01,2023,137788.0,263944.5,175963,121537.0,0.0,0.0,4.0,32.0,321.0,3160.0,31597.0,14482.0
2023-02-02,2023,6793.0,25929.0,17286,15896.5,0.0,0.0,2.0,5.0,32.0,306.0,3218.0,1527.0
2023-02-03,2023,253437.0,508794.0,339196,2731645.0,1.0,0.0,7.0,58.0,627.0,6035.0,60998.0,27556.0
2023-02-04,2023,212500.0,386500.5,257667,177980.0,0.0,0.0,4.0,60.0,485.0,4643.0,46640.0,21190.0
2023-02-05,2023,4587.0,14757.0,9838,6683.5,0.0,0.0,0.0,3.0,18.0,205.0,1777.0,763.0
2023-02-06,2023,5238.0,16983.0,11322,7033.5,0.0,0.0,0.0,2.0,10.0,201.0,2034.0,907.0
2023-02-07,2023,106163.0,204018.0,136012,96239.5,0.0,0.0,5.0,20.0,237.0,2427.0,24352.0,11107.0
2023-02-08,2023,141848.0,266118.0,177412,112836.0,0.0,0.0,1.0,26.0,313.0,3216.0,31163.0,13980.0
2023-02-09,2023,4687.0,15300.0,10200,6195.5,0.0,0.0,0.0,1.0,16.0,167.0,1779.0,855.0
2023-02-10,2023,147685.0,275068.5,183379,120541.5,0.0,0.0,1.0,33.0,333.0,3327.0,33032.0,15055.0
2023-02-11,2023,203559.0,364860.0,243240,184557.5,0.0,1.0,5.0,50.0,428.0,4404.0,43314.0,18233.0
2023-02-12,2023,3731.0,11182.5,7455,4874.5,0.0,0.0,0.0,1.0,14.0,145.0,1351.0,645.0
2023-02-13,2023,4300.0,13299.0,8866,5917.5,0.0,0.0,0.0,1.0,17.0,181.0,1634.0,803.0
2023-02-14,2023,201243.0,385177.5,256785,170392.0,0.0,0.0,2.0,45.0,455.0,4531.0,46356.0,21950.0
2023-02-15,2023,140411.0,262492.5,174995,122384.0,0.0,0.0,3.0,42.0,302.0,3109.0,31711.0,15318.0
2023-02-16,2023,4637.0,15613.5,10409,6628.0,0.0,0.0,0.0,0.0,21.0,191.0,1896.0,974.0
2023-02-17,2023,141857.0,264040.5,176027,119683.5,0.0,0.0,3.0,30.0,331.0,3171.0,31832.0,14363.0
2023-02-18,2023,202131.0,362541.0,241694,158673.0,0.0,0.0,2.0,45.0,442.0,4318.0,43436.0,18914.0
2023-02-19,2023,3806.0,11707.5,7805,5558.0,0.0,0.0,0.0,2.0,23.0,150.0,1473.0,668.0
2023-02-20,2023,4317.0,13800.0,9200,5961.0,0.0,0.0,0.0,2.0,13.0,197.0,1579.0,772.0
2023-02-21,2023,103289.0,198295.5,132197,88691.5,0.0,0.0,1.0,31.0,220.0,2404.0,23818.0,10957.0
2023-02-22,2023,140699.0,263857.5,175905,123841.0,0.0,0.0,5.0,29.0,312.0,3261.0,31708.0,14720.0
2023-02-23,2023,4624.0,15529.5,10353,7580.0,0.0,0.0,0.0,6.0,22.0,217.0,1811.0,822.0
2023-02-24,2023,159691.0,302889.0,201926,138967.0,0.0,0.0,5.0,34.0,361.0,3755.0,36158.0,15904.0
2023-02-25,2023,208989.0,377749.5,251833,166638.0,0.0,0.0,1.0,48.0,454.0,4633.0,45129.0,21690.0
2023-02-26,2023,4113.0,13447.5,8965,6039.0,0.0,0.0,0.0,2.0,17.0,173.0,1695.0,696.0
2023-02-27,2023,4659.0,15658.5,10439,6910.5,0.0,0.0,0.0,2.0,14.0,199.0,1939.0,905.0
2023-02-28,2023,100109.0,190356.0,126904,84563.5,0.0,0.0,1.0,24.0,209.0,2258.0,22971.0,10901.0
2023-03-01,2023,151313.0,286968.0,191312,124303.0,0.0,0.0,1.0,34.0,333.0,3368.0,34402.0,15466.0
2023-03-02,2023,4909.0,16501.5,11001,9340.5,0.0,0.0,1.0,2.0,32.0,219.0,1939.0,885.0
2023-03-03,2023,247367.0,487267.5,324845,240666.5,0.0,1.0,7.0,54.0,551.0,5796.0,58569.0,25819.0
2023-03-04,2023,221931.0,403899.0,269266,206173.5,0.0,1.0,7.0,55.0,451.0,4748.0,47982.0,21633.0
2023-03-05,2023,4191.0,13593.0,9062,5747.5,0.0,0.0,0.0,2.0,15.0,158.0,1570.0,745.0
2023-03-06,2023,5039.0,16770.0,11180,7742.0,0.0,0.0,0.0,3.0,24.0,234.0,2032.0,952.0
2023-03-07,2023,148778.0,294534.0,196356,135112.0,0.0,0.0,5.0,29.0,366.0,3473.0,35183.0,16174.0
2023-03-08,2023,155846.0,297240.0,198160,137749.0,0.0,0.0,7.0,35.0,335.0,3513.0,34815.0,15236.0
2023-03-09,2023,5300.0,18237.0,12158,9819.5,0.0,0.0,1.0,1.0,20.0,205.0,2222.0,1167.0
2023-03-10,2023,143884.0,269724.0,179816,126350.0,0.0,0.0,5.0,28.0,390.0,3191.0,32717.0,14374.0
2023-03-11,2023,194917.0,348738.0,232492,156139.5,0.0,0.0,3.0,41.0,422.0,4188.0,41771.0,19345.0
2023-03-12,2023,3317.0,11260.5,7507,4652.5,0.0,0.0,0.0,1.0,12.0,121.0,1314.0,653.0
2023-03-13,2023,4917.0,16279.5,10853,6762.5,0.0,0.0,0.0,1.0,16.0,207.0,1907.0,929.0
2023-03-14,2023,101762.0,193701.0,129134,82535.5,0.0,0.0,0.0,21.0,210.0,2291.0,23307.0,10711.0
2023-03-15,2023,130244.0,241906.5,161271,128737.5,0.0,1.0,2.0,32.0,308.0,2851.0,29227.0,12979.0
2023-03-16,2023,4830.0,16189.5,10793,7064.0,0.0,0.0,0.0,1.0,27.0,188.0,1966.0,968.0
2023-03-17,2023,142331.0,264364.5,176243,116188.5,0.0,0.0,1.0,35.0,350.0,3166.0,31572.0,14143.0
2023-03-18,2023,194634.0,348055.5,232037,151853.5,0.0,0.0,2.0,39.0,382.0,4192.0,41680.0,18729.0
2023-03-19,2023,4032.0,12777.0,8518,5115.5,0.0,0.0,0.0,0.0,14.0,153.0,1490.0,727.0
2023-03-20,2023,4618.0,15123.0,10082,6334.0,0.0,0.0,0.0,1.0,18.0,178.0,1818.0,832.0
2023-03-21,2023,103276.0,198846.0,132564,86956.0,0.0,0.0,1.0,19.0,255.0,2409.0,23916.0,10786.0
2023-03-22,2023,130557.0,244164.0,162776,132691.0,0.0,1.0,3.0,29.0,322.0,2988.0,29425.0,13774.0
2023-03-23,2023,4959.0,17080.5,11387,7206.5,0.0,0.0,0.0,1.0,22.0,195.0,2084.0,949.0
2023-03-24,2023,144369.0,269664.0,179776,121442.5,0.0,0.0,1.0,38.0,328.0,3212.0,32480.0,16175.0
2023-03-25,2023,190705.0,341311.5,227541,156180.5,0.0,0.0,5.0,44.0,401.0,4034.0,41252.0,17791.0
2023-03-26,2023,4170.0,13357.5,8905,5690.5,0.0,0.0,0.0,1.0,18.0,151.0,1608.0,773.0
2023-03-27,2023,4896.0,16647.0,11098,9437.5,0.0,0.0,1.0,3.0,23.0,212.0,1941.0,957.0
2023-03-28,2023,97418.0,185892.0,123928,82280.0,0.0,0.0,1.0,19.0,240.0,2211.0,22307.0,10674.0
2023-03-29,2023,128682.0,239233.5,159489,114721.5,0.0,0.0,4.0,41.0,291.0,2940.0,29052.0,13265.0
2023-03-30,2023,5092.0,17625.0,11750,7297.5,0.0,0.0,0.0,1.0,18.0,210.0,2120.0,965.0
2023-03-31,2023,144184.0,269190.0,179460,129800.0,0.0,0.0,7.0,31.0,300.0,3237.0,32561.0,14862.0
2023-04-01,2023,210707.0,383593.5,255729,180128.0,0.0,0.0,8.0,49.0,487.0,4557.0,45792.0,20146.0
2023-04-02,2023,4290.0,13822.5,9215,5418.0,0.0,0.0,0.0,0.0,18.0,153.0,1638.0,678.0
2023-04-03,2023,5122.0,16534.5,11023,6822.0,0.0,0.0,0.0,0.0,20.0,184.0,2058.0,924.0
2023-04-04,2023,102506.0,195928.5,130619,93211.0,0.0,0.0,4.0,27.0,249.0,2320.0,23796.0,10426.0
2023-04-05,2023,140550.0,263122.5,175415,140964.5,0.0,1.0,5.0,25.0,330.0,3096.0,31218.0,14299.0
2023-04-06,2023,5291.0,18265.5,12177,9753.5,0.0,0.0,1.0,3.0,13.0,189.0,2198.0,1035.0
2023-04-07,2023,147742.0,277263.0,184842,123594.0,0.0,0.0,2.0,28.0,328.0,3337.0,33625.0,15666.0
2023-04-08,2023,212692.0,383305.5,255537,173710.0,0.0,0.0,4.0,53.0,451.0,4408.0,45594.0,21908.0
2023-04-09,2023,4401.0,14320.5,9547,6249.5,0.0,0.0,0.0,2.0,21.0,175.0,1696.0,775.0
2023-04-10,2023,4741.0,15577.5,10385,6631.5,0.0,0.0,0.0,2.0,17.0,191.0,1806.0,883.0
2023-04-11,2023,96593.0,185949.0,123966,84233.5,0.0,0.0,2.0,21.0,231.0,2228.0,22468.0,10225.0
2023-04-12,2023,138538.0,260442.0,173628,119277.5,0.0,0.0,4.0,24.0,304.0,3202.0,30961.0,14977.0
2023-04-13,2023,5039.0,16960.5,11307,6855.0,0.0,0.0,0.0,0.0,23.0,175.0,2052.0,944.0
2023-04-14,2023,142614.0,266731.5,177821,123051.0,0.0,0.0,3.0,38.0,340.0,3133.0,32141.0,15136.0
2023-04-15,2023,209091.0,378805.5,252537,167765.0,0.0,0.0,5.0,40.0,385.0,4496.0,45544.0,18998.0
2023-04-16,2023,4105.0,13126.5,8751,7651.5,0.0,0.0,1.0,0.0,15.0,195.0,1613.0,767.0
2023-04-17,2023,4765.0,15505.5,10337,7165.5,0.0,0.0,0.0,4.0,20.0,208.0,1871.0,789.0
2023-04-18,2023,105953.0,202855.5,135237,96965.0,0.0,0.0,4.0,33.0,226.0,2388.0,24308.0,11526.0
2023-04-19,2023,145757.0,274452.0,182968,124740.5,0.0,0.0,2.0,47.0,318.0,3296.0,32848.0,15203.0
2023-04-20,2023,4897.0,16183.5,10789,7323.0,0.0,0.0,0.0,3.0,18.0,198.0,1905.0,1042.0
2023-04-21,2023,158982.0,302656.5,201771,133163.5,0.0,0.0,2.0,29.0,370.0,3647.0,36556.0,16411.0
2023-04-22,2023,209511.0,378055.5,252037,193601.5,0.0,1.0,5.0,55.0,430.0,4419.0,45363.0,20787.0
2023-04-23,2023,4263.0,13690.5,9127,5639.0,0.0,0.0,0.0,0.0,23.0,149.0,1629.0,784.0
2023-04-24,2023,4880.0,15828.0,10552,10010.5,0.0,0.0,1.0,7.0,23.0,199.0,1899.0,905.0
2023-04-25,2023,119236.0,232639.5,155093,109108.0,0.0,0.0,4.0,28.0,273.0,2889.0,27843.0,13278.0
2023-04-26,2023,136192.0,254403.0,169602,114488.5,0.0,0.0,3.0,31.0,306.0,3052.0,30576.0,13171.0
2023-04-27,2023,5123.0,17185.5,11457,7807.0,0.0,0.0,0.0,4.0,22.0,198.0,2082.0,942.0
2023-04-28,2023,170562.0,327766.5,218511,149386.0,0.0,0.0,4.0,34.0,365.0,3917.0,39368.0,19310.0
2023-04-29,2023,210644.0,383364.0,255576,168504.0,0.0,0.0,2.0,42.0,468.0,4804.0,46386.0,19968.0
2023-04-30,2023,4495.0,15294.0,10196,6523.5,0.0,0.0,0.0,1.0,23.0,173.0,1879.0,827.0
2023-05-01,2023,4840.0,16375.5,10917,9127.5,0.0,0.0,1.0,1.0,17.0,220.0,2026.0,957.0
2023-05-02,2023,124611.0,245746.5,163831,108907.5,0.0,0.0,1.0,35.0,285.0,2911.0,29666.0,13547.0
2023-05-03,2023,129190.0,242713.5,161809,106012.5,0.0,0.0,0.0,27.0,300.0,2913.0,29499.0,14033.0
2023-05-04,2023,5231.0,18247.5,12165,10563.0,0.0,0.0,1.0,5.0,36.0,204.0,2148.0,1018.0
2023-05-05,2023,197021.0,384901.5,256601,991431.5,1.0,1.0,3.0,48.0,454.0,4511.0,45515.0,22111.0
2023-05-06,2023,194436.0,348957.0,232638,172420.5,0.0,0.0,9.0,40.0,458.0,4180.0,42212.0,21291.0
2023-05-07,2023,4108.0,12991.5,8661,5313.0,0.0,0.0,0.0,2.0,13.0,147.0,1431.0,704.0
2023-05-08,2023,4666.0,15106.5,10071,6769.5,0.0,0.0,0.0,3.0,16.0,201.0,1844.0,771.0
2023-05-09,2023,121431.0,236130.0,157420,126741.5,0.0,1.0,3.0,25.0,290.0,2875.0,28526.0,12343.0
2023-05-10,2023,130244.0,243109.5,162073,101259.0,0.0,0.0,0.0,31.0,286.0,2856.0,28381.0,12198.0
2023-05-11,2023,4765.0,16083.0,10722,6558.0,0.0,0.0,0.0,1.0,9.0,195.0,1922.0,906.0
2023-05-12,2023,167672.0,317200.5,211467,151131.0,0.0,0.0,7.0,47.0,350.0,3698.0,37691.0,17906.0
2023-05-13,2023,190867.0,340579.5,227053,154758.0,0.0,0.0,3.0,48.0,384.0,4110.0,40782.0,19576.0
2023-05-14,2023,3911.0,11961.0,7974,5112.5,0.0,0.0,0.0,1.0,14.0,130.0,1437.0,739.0
2023-05-15,2023,4389.0,14269.5,9513,6105.0,0.0,0.0,0.0,1.0,17.0,172.0,1799.0,738.0
2023-05-16,2023,121866.0,235035.0,156690,105512.0,0.0,0.0,3.0,23.0,273.0,2786.0,27900.0,13148.0
2023-05-17,2023,131202.0,243912.0,162608,112778.5,0.0,0.0,3.0,35.0,295.0,2794.0,29284.0,14227.0
2023-05-18,2023,4000.0,12925.5,8617,5592.5,0.0,0.0,0.0,2.0,17.0,161.0,1486.0,717.0
2023-05-19,2023,157861.0,301539.0,201026,139270.5,0.0,0.0,5.0,32.0,375.0,3560.0,36321.0,16619.0
2023-05-20,2023,180846.0,324271.5,216181,142599.5,0.0,0.0,2.0,40.0,380.0,3856.0,38455.0,17873.0
2023-05-21,2023,3947.0,12895.5,8597,5811.0,0.0,0.0,0.0,2.0,16.0,177.0,1581.0,696.0
2023-05-22,2023,4565.0,15168.0,10112,6862.0,0.0,0.0,0.0,3.0,24.0,166.0,1891.0,780.0
2023-05-23,2023,111072.0,214905.0,143270,95078.0,0.0,0.0,2.0,21.0,271.0,2456.0,25808.0,11708.0
2023-05-24,2023,128165.0,239512.5,159675,111674.5,0.0,0.0,5.0,27.0,293.0,2925.0,28876.0,12025.0
2023-05-25,2023,5156.0,18234.0,12156,7919.5,0.0,0.0,0.0,2.0,25.0,211.0,2251.0,975.0
2023-05-26,2023,158665.0,300121.5,200081,145437.5,0.0,0.0,8.0,33.0,354.0,3611.0,36282.0,16759.0
2023-05-27,2023,189489.0,340510.5,227007,155399.0,0.0,0.0,3.0,55.0,404.0,4125.0,40918.0,18572.0
2023-05-28,2023,4324.0,14743.5,9829,6275.0,0.0,0.0,0.0,1.0,14.0,192.0,1777.0,854.0
2023-05-29,2023,4658.0,16174.5,10783,7224.5,0.0,0.0,0.0,1.0,26.0,220.0,2007.0,927.0
2023-05-30,2023,108768.0,210571.5,140381,95593.0,0.0,0.0,3.0,25.0,259.0,2492.0,25087.0,11186.0
2023-05-31,2023,123005.0,228999.0,152666,104551.0,0.0,0.0,4.0,25.0,278.0,2731.0,27177.0,11988.0
2023-06-01,2023,4904.0,16873.5,11249,7636.5,0.0,0.0,0.0,3.0,18.0,240.0,2019.0,959.0
2023-06-02,2023,246525.0,490101.0,326734,225018.5,0.0,0.0,6.0,67.0,602.0,5772.0,58849.0,27347.0
2023-06-03,2023,197468.0,354712.5,236475,165872.5,0.0,0.0,7.0,41.0,433.0,4269.0,42637.0,18929.0
2023-06-04,2023,4206.0,13891.5,9261,6372.0,0.0,0.0,0.0,2.0,31.0,170.0,1705.0,728.0
2023-06-05,2023,5081.0,17062.5,11375,7847.0,0.0,0.0,0.0,3.0,18.0,210.0,2077.0,1122.0
2023-06-06,2023,107772.0,208020.0,138680,94992.5,0.0,0.0,3.0,25.0,250.0,2541.0,24635.0,11345.0
2023-06-07,2023,127664.0,238249.5,158833,103499.0,0.0,0.0,2.0,14.0,310.0,2886.0,28547.0,12650.0
2023-06-08,2023,4913.0,16509.0,11006,26364.5,0.0,1.0,0.0,0.0,23.0,185.0,1865.0,833.0
2023-06-09,2023,147137.0,275037.0,183358,129513.0,0.0,0.0,4.0,46.0,359.0,3342.0,32978.0,14978.0
2023-06-10,2023,188543.0,336721.5,224481,147388.5,0.0,0.0,1.0,43.0,422.0,3954.0,40352.0,18583.0
2023-06-11,2023,4092.0,12978.0,8652,5698.0,0.0,0.0,0.0,2.0,11.0,161.0,1631.0,674.0
2023-06-12,2023,4568.0,15100.5,10067,6099.5,0.0,0.0,0.0,0.0,18.0,176.0,1826.0,805.0
2023-06-13,2023,105833.0,202876.5,135251,97426.0,0.0,0.0,5.0,27.0,231.0,2474.0,24292.0,10968.0
2023-06-14,2023,123870.0,230568.0,153712,103848.5,0.0,0.0,4.0,17.0,277.0,2818.0,27764.0,11527.0
2023-06-15,2023,4776.0,16275.0,10850,9078.5,0.0,0.0,1.0,3.0,17.0,168.0,1981.0,891.0
2023-06-16,2023,148628.0,279799.5,186533,130800.0,0.0,0.0,4.0,37.0,345.0,3314.0,33815.0,16200.0
2023-06-17,2023,185168.0,330222.0,220148,151279.0,0.0,0.0,5.0,46.0,376.0,3957.0,39478.0,17212.0
2023-06-18,2023,4008.0,12751.5,8501,5287.5,0.0,0.0,0.0,1.0,14.0,146.0,1561.0,637.0
2023-06-19,2023,4592.0,14881.5,9921,6489.0,0.0,0.0,0.0,2.0,20.0,226.0,1708.0,762.0
2023-06-20,2023,106652.0,205111.5,136741,96554.0,0.0,0.0,3.0,34.0,252.0,2406.0,24636.0,11608.0
2023-06-21,2023,127220.0,237277.5,158185,104130.0,0.0,0.0,1.0,25.0,310.0,2849.0,28159.0,13578.0
2023-06-22,2023,4899.0,16951.5,11301,8961.0,0.0,0.0,1.0,1.0,21.0,189.0,2005.0,924.0
2023-06-23,2023,139695.0,261163.5,174109,136634.0,0.0,1.0,2.0,31.0,289.0,3129.0,31385.0,14826.0
2023-06-24,2023,183864.0,329038.5,219359,153481.0,0.0,0.0,5.0,49.0,398.0,3842.0,39604.0,18202.0
2023-06-25,2023,4109.0,13324.5,8883,6389.0,0.0,0.0,0.0,5.0,14.0,182.0,1597.0,670.0
2023-06-26,2023,4835.0,16162.5,10775,7157.5,0.0,0.0,0.0,3.0,15.0,213.0,1919.0,903.0
2023-06-27,2023,100704.0,193071.0,128714,94155.0,0.0,0.0,5.0,31.0,223.0,2371.0,22906.0,10552.0
2023-06-28,2023,125694.0,234216.0,156144,112390.5,0.0,0.0,5.0,27.0,291.0,2760.0,27772.0,14551.0
2023-06-29,2023,5000.0,17436.0,11624,7490.5,0.0,0.0,0.0,3.0,17.0,193.0,2057.0,981.0
2023-06-30,2023,145799.0,274558.5,183039,126290.5,0.0,0.0,4.0,29.0,327.0,3328.0,33112.0,15391.0
2023-07-01,2023,191695.0,346738.5,231159,155571.5,0.0,0.0,2.0,42.0,444.0,4179.0,41783.0,19887.0
2023-07-02,2023,4320.0,14542.5,9695,6080.5,0.0,0.0,0.0,2.0,13.0,175.0,1693.0,773.0
2023-07-03,2023,4962.0,16921.5,11281,9359.0,0.0,0.0,1.0,2.0,27.0,210.0,1987.0,930.0
2023-07-04,2023,106777.0,205888.5,137259,90785.0,0.0,0.0,2.0,18.0,234.0,2425.0,24766.0,11232.0
2023-07-05,2023,131212.0,244954.5,163303,117714.0,0.0,0.0,6.0,37.0,288.0,2947.0,29062.0,13130.0
2023-07-06,2023,5098.0,17421.0,11614,7603.0,0.0,0.0,0.0,3.0,21.0,207.0,2063.0,948.0
2023-07-07,2023,147155.0,277021.5,184681,123485.5,0.0,0.0,3.0,31.0,317.0,3352.0,33034.0,14745.0
2023-07-08,2023,194967.0,351628.5,234419,200303.0,0.0,2.0,4.0,38.0,444.0,4254.0,42059.0,20290.0
2023-07-09,2023,4175.0,13585.5,9057,6137.0,0.0,0.0,0.0,3.0,20.0,154.0,1606.0,770.0
2023-07-10,2023,4909.0,16231.5,10821,7168.0,0.0,0.0,0.0,2.0,16.0,181.0,1990.0,1042.0
2023-07-11,2023,114275.0,222274.5,148183,102596.0,0.0,0.0,2.0,37.0,265.0,2521.0,26597.0,13398.0
2023-07-12,2023,127962.0,238138.5,158759,103660.0,0.0,0.0,2.0,23.0,281.0,2893.0,28489.0,11998.0
2023-07-13,2023,5013.0,17203.5,11469,7133.0,0.0,0.0,0.0,1.0,23.0,212.0,2048.0,878.0
2023-07-14,2023,137697.0,257250.0,171500,117372.5,0.0,0.0,3.0,33.0,279.0,3202.0,31047.0,14059.0
2023-07-15,2023,186383.0,334369.5,222913,149558.0,0.0,0.0,4.0,31.0,386.0,3954.0,40206.0,18304.0
2023-07-16,2023,4142.0,13386.0,8924,6061.5,0.0,0.0,0.0,2.0,20.0,174.0,1631.0,753.0
2023-07-17,2023,4858.0,16180.5,10787,6858.5,0.0,0.0,0.0,2.0,19.0,192.0,1894.0,887.0
2023-07-18,2023,96137.0,184348.5,122899,86806.0,0.0,0.0,4.0,22.0,235.0,2150.0,21957.0,10028.0
2023-07-19,2023,125906.0,234441.0,156294,104048.0,0.0,0.0,3.0,27.0,263.0,2836.0,27799.0,11740.0
2023-07-20,2023,5172.0,17839.5,11893,9887.0,0.0,0.0,1.0,3.0,25.0,224.0,2127.0,942.0
2023-07-21,2023,124398.0,234852.0,156568,107402.5,0.0,0.0,4.0,25.0,278.0,2808.0,28234.0,12223.0
2023-07-22,2023,177762.0,321472.5,214315,144440.5,0.0,0.0,4.0,40.0,396.0,3798.0,38733.0,16043.0
2023-07-23,2023,4165.0,13797.0,9198,5911.0,0.0,0.0,0.0,1.0,20.0,193.0,1621.0,736.0
2023-07-24,2023,5032.0,17346.0,11564,7938.0,0.0,0.0,0.0,4.0,17.0,198.0,2064.0,1120.0
2023-07-25,2023,101200.0,195049.5,130033,88044.5,0.0,0.0,3.0,19.0,227.0,2296.0,23007.0,10807.0
2023-07-26,2023,125543.0,234726.0,156484,113849.5,0.0,0.0,5.0,34.0,310.0,2757.0,28465.0,13423.0
2023-07-27,2023,5044.0,18166.5,12111,9519.5,0.0,0.0,1.0,1.0,27.0,212.0,2109.0,1001.0
2023-07-28,2023,139942.0,265569.0,177046,122925.0,0.0,0.0,4.0,40.0,312.0,3210.0,31735.0,14110.0
2023-07-29,2023,192169.0,348219.0,232146,165142.0,0.0,0.0,7.0,48.0,403.0,4075.0,41447.0,20142.0
2023-07-30,2023,4238.0,14049.0,9366,5917.0,0.0,0.0,0.0,1.0,24.0,156.0,1663.0,754.0
2023-07-31,2023,5100.0,17130.0,11420,7120.5,0.0,0.0,0.0,1.0,23.0,190.0,2042.0,951.0
2023-08-01,2023,117233.0,228838.5,152559,99928.0,0.0,0.0,2.0,25.0,247.0,2638.0,26997.0,12536.0
2023-08-02,2023,137818.0,260445.0,173630,114538.5,0.0,0.0,3.0,28.0,287.0,3099.0,30960.0,13189.0
2023-08-03,2023,7200.0,22767.0,15178,30356.5,0.0,1.0,0.0,4.0,33.0,285.0,2835.0,1201.0
2023-08-04,2023,140937.0,265792.5,177195,116704.5,0.0,0.0,1.0,37.0,314.0,3205.0,31903.0,14129.0
2023-08-05,2023,203067.0,371673.0,247782,168951.0,0.0,0.0,5.0,31.0,462.0,4423.0,44807.0,21188.0
2023-08-06,2023,4481.0,14661.0,9774,6887.0,0.0,0.0,0.0,4.0,19.0,184.0,1762.0,842.0
2023-08-07,2023,7882.0,23943.0,15962,12219.0,0.0,0.0,1.0,2.0,30.0,266.0,2893.0,1402.0
2023-08-08,2023,105342.0,205003.5,136669,93393.5,0.0,0.0,3.0,21.0,251.0,2416.0,24799.0,10997.0
2023-08-09,2023,131369.0,246310.5,164207,107671.0,0.0,0.0,1.0,36.0,266.0,2992.0,29203.0,13190.0
2023-08-10,2023,14379.0,35004.0,23336,15766.5,0.0,0.0,0.0,6.0,48.0,432.0,4290.0,1911.0
2023-08-11,2023,145492.0,273847.5,182565,117867.0,0.0,0.0,0.0,32.0,298.0,3389.0,32878.0,15204.0
2023-08-12,2023,189005.0,339571.5,226381,190822.5,0.0,1.0,10.0,56.0,400.0,4109.0,40964.0,19433.0
2023-08-13,2023,4451.0,14461.5,9641,5963.5,0.0,0.0,0.0,0.0,23.0,157.0,1787.0,763.0
2023-08-14,2023,7359.0,21978.0,14652,9791.0,0.0,0.0,0.0,5.0,24.0,245.0,2649.0,1192.0
2023-08-15,2023,90800.0,175806.0,117204,95551.5,0.0,1.0,0.0,19.0,210.0,2129.0,21176.0,9703.0
2023-08-16,2023,122030.0,228447.0,152298,107385.5,0.0,0.0,4.0,30.0,284.0,2686.0,27255.0,13177.0
2023-08-17,2023,8944.0,24420.0,16280,10124.0,0.0,0.0,0.0,3.0,27.0,268.0,2829.0,1324.0
2023-08-18,2023,143821.0,271686.0,181124,124735.5,0.0,0.0,5.0,35.0,328.0,3175.0,31803.0,14463.0
2023-08-19,2023,191911.0,345975.0,230650,160872.5,0.0,0.0,6.0,33.0,420.0,4212.0,41638.0,19691.0
2023-08-20,2023,4271.0,13794.0,9196,5341.5,0.0,0.0,0.0,0.0,15.0,138.0,1644.0,709.0
2023-08-21,2023,6105.0,19494.0,12996,8147.5,0.0,0.0,0.0,2.0,20.0,203.0,2390.0,1035.0
2023-08-22,2023,107655.0,209254.5,139503,95368.0,0.0,0.0,3.0,22.0,245.0,2544.0,25169.0,11340.0
2023-08-23,2023,123587.0,230331.0,153554,106578.0,0.0,0.0,4.0,30.0,253.0,2788.0,27792.0,11996.0
2023-08-24,2023,7361.0,22570.5,15047,9397.5,0.0,0.0,0.0,2.0,28.0,252.0,2697.0,1189.0
2023-08-25,2023,148415.0,282790.5,188527,123628.5,0.0,0.0,2.0,23.0,328.0,3418.0,34311.0,15171.0
2023-08-26,2023,188876.0,340368.0,226912,152496.5,0.0,0.0,2.0,41.0,409.0,4096.0,41050.0,19691.0
2023-08-27,2023,4397.0,14331.0,9554,6097.5,0.0,0.0,0.0,2.0,18.0,178.0,1668.0,741.0
2023-08-28,2023,6166.0,19647.0,13098,8983.0,0.0,0.0,0.0,5.0,19.0,235.0,2449.0,1020.0
2023-08-29,2023,116040.0,226605.0,151070,100309.5,0.0,0.0,1.0,30.0,295.0,2714.0,27053.0,12489.0
2023-08-30,2023,137740.0,260140.5,173427,158506.0,0.0,2.0,4.0,23.0,285.0,3129.0,31035.0,14994.0
2023-08-31,2023,7412.0,23517.0,15678,10883.0,0.0,0.0,0.0,5.0,27.0,312.0,2936.0,1274.0
2023-09-01,2023,172728.0,335883.0,223922,163035.5,0.0,0.0,9.0,33.0,425.0,3978.0,40481.0,19389.0
2023-09-02,2023,196818.0,356755.5,237837,163607.5,0.0,0.0,5.0,37.0,445.0,4460.0,42413.0,20121.0
2023-09-03,2023,4729.0,15609.0,10406,7402.5,0.0,0.0,0.0,5.0,18.0,192.0,1864.0,903.0
2023-09-04,2023,5844.0,19540.5,13027,8133.0,0.0,0.0,0.0,1.0,21.0,254.0,2307.0,1086.0
2023-09-05,2023,101547.0,195078.0,130052,92752.5,0.0,0.0,4.0,29.0,244.0,2297.0,23115.0,10905.0
2023-09-06,2023,127456.0,239710.5,159807,107866.5,0.0,0.0,3.0,22.0,305.0,2861.0,28861.0,12893.0
2023-09-07,2023,5998.0,21463.5,14309,9427.0,0.0,0.0,0.0,3.0,32.0,247.0,2585.0,1188.0
2023-09-08,2023,142151.0,269944.5,179963,125893.0,0.0,0.0,5.0,23.0,314.0,3207.0,32666.0,15764.0
2023-09-09,2023,184762.0,333775.5,222517,147244.5,0.0,0.0,0.0,44.0,410.0,4019.0,40572.0,19337.0
2023-09-10,2023,4910.0,15895.5,10597,6271.5,0.0,0.0,0.0,0.0,20.0,170.0,1847.0,885.0
2023-09-11,2023,5744.0,19857.0,13238,8728.5,0.0,0.0,0.0,2.0,33.0,247.0,2364.0,1137.0
2023-09-12,2023,102326.0,197514.0,131676,84699.0,0.0,0.0,1.0,17.0,219.0,2312.0,23344.0,11114.0
2023-09-13,2023,124434.0,233452.5,155635,108979.0,0.0,0.0,4.0,27.0,287.0,2835.0,28487.0,12460.0
2023-09-14,2023,6412.0,23316.0,15544,10024.0,0.0,0.0,0.0,3.0,31.0,264.0,2830.0,1216.0
2023-09-15,2023,144249.0,273724.5,182483,118023.0,0.0,0.0,0.0,37.0,331.0,3271.0,32565.0,15012.0
2023-09-16,2023,185086.0,333870.0,222580,148133.5,0.0,0.0,2.0,43.0,398.0,4128.0,40470.0,17329.0
2023-09-17,2023,4623.0,15355.5,10237,6497.0,0.0,0.0,0.0,1.0,21.0,184.0,1829.0,866.0
2023-09-18,2023,5622.0,19068.0,12712,7816.5,0.0,0.0,0.0,2.0,20.0,209.0,2208.0,1037.0
2023-09-19,2023,92449.0,174901.5,116601,97228.0,0.0,1.0,0.0,29.0,221.0,2117.0,20893.0,9758.0
2023-09-20,2023,129001.0,242901.0,161934,111328.5,0.0,0.0,3.0,36.0,261.0,2956.0,29231.0,13111.0
2023-09-21,2023,5736.0,20583.0,13722,9068.0,0.0,0.0,0.0,5.0,19.0,223.0,2442.0,1126.0
2023-09-22,2023,147693.0,280054.5,186703,130571.0,0.0,0.0,5.0,38.0,335.0,3225.0,33358.0,15620.0
2023-09-23,2023,193995.0,352839.0,235226,163413.0,0.0,0.0,5.0,45.0,394.0,4164.0,42465.0,20522.0
2023-09-24,2023,4715.0,16165.5,10777,7860.0,0.0,0.0,0.0,5.0,21.0,200.0,1850.0,1160.0
2023-09-25,2023,5422.0,19506.0,13004,8502.5,0.0,0.0,0.0,1.0,19.0,247.0,2440.0,1205.0
2023-09-26,2023,107003.0,208782.0,139188,97604.0,0.0,0.0,4.0,24.0,252.0,2455.0,25046.0,11598.0
2023-09-27,2023,135018.0,256677.0,171118,122335.0,0.0,0.0,5.0,34.0,299.0,3072.0,31137.0,14614.0
2023-09-28,2023,5703.0,20680.5,13787,8337.0,0.0,0.0,0.0,0.0,27.0,218.0,2494.0,1146.0
2023-09-29,2023,274799.0,559486.5,372991,253241.0,0.0,0.0,8.0,52.0,671.0,6857.0,66630.0,30584.0
2023-09-30,2023,208842.0,382927.5,255285,209828.5,0.0,2.0,5.0,36.0,443.0,4610.0,45804.0,19407.0
2023-10-01,2023,4707.0,16252.5,10835,6582.0,0.0,0.0,0.0,1.0,16.0,200.0,1907.0,832.0
2023-10-02,2023,5719.0,19995.0,13330,8387.5,0.0,0.0,0.0,2.0,24.0,231.0,2334.0,1123.0
2023-10-03,2023,104585.0,203983.5,135989,94630.5,0.0,0.0,3.0,28.0,252.0,2461.0,24475.0,11157.0
2023-10-04,2023,147550.0,282912.0,188608,128977.0,0.0,0.0,5.0,29.0,327.0,3400.0,33687.0,14842.0
2023-10-05,2023,5519.0,19762.5,13175,10523.5,0.0,0.0,1.0,4.0,16.0,223.0,2317.0,1103.0
2023-10-06,2023,148583.0,281752.5,187835,1332328.5,1.0,0.0,6.0,31.0,347.0,3460.0,33791.0,14871.0
2023-10-07,2023,211530.0,386910.0,257940,180505.0,0.0,0.0,6.0,45.0,483.0,4647.0,46553.0,22336.0
2023-10-08,2023,4010.0,12762.0,8508,5350.5,0.0,0.0,0.0,0.0,11.0,164.0,1598.0,743.0
2023-10-09,2023,4500.0,15139.5,10093,6727.0,0.0,0.0,0.0,2.0,20.0,202.0,1794.0,886.0
2023-10-10,2023,102066.0,195642.0,130428,89416.5,0.0,0.0,2.0,21.0,233.0,2406.0,23897.0,11155.0
2023-10-11,2023,124877.0,232605.0,155070,107598.5,0.0,0.0,4.0,26.0,284.0,2754.0,27932.0,12723.0
2023-10-12,2023,4671.0,16408.5,10939,7324.5,0.0,0.0,0.0,3.0,20.0,213.0,1963.0,889.0
2023-10-13,2023,376021.0,744747.0,496498,372892.0,0.0,1.0,15.0,85.0,947.0,8943.0,89539.0,42106.0
2023-10-14,2023,197176.0,356619.0,237746,173870.5,0.0,0.0,10.0,43.0,423.0,4316.0,42853.0,19683.0
2023-10-15,2023,4105.0,13054.5,8703,7658.0,0.0,0.0,1.0,2.0,14.0,168.0,1550.0,692.0
2023-10-16,2023,4629.0,14595.0,9730,6441.5,0.0,0.0,0.0,2.0,18.0,173.0,1845.0,751.0
2023-10-17,2023,103576.0,200139.0,133426,90607.5,0.0,0.0,2.0,24.0,221.0,2460.0,24095.0,11265.0
2023-10-18,2023,129856.0,243447.0,162298,136486.5,0.0,1.0,6.0,32.0,289.0,2948.0,29076.0,12943.0
2023-10-19,2023,5209.0,18178.5,12119,8376.5,0.0,0.0,0.0,4.0,23.0,228.0,2260.0,971.0
2023-10-20,2023,137741.0,259116.0,172744,114577.0,0.0,0.0,2.0,33.0,295.0,3042.0,30809.0,14166.0
2023-10-21,2023,187514.0,337021.5,224681,146568.0,0.0,0.0,1.0,30.0,392.0,4056.0,40554.0,19560.0
2023-10-22,2023,4245.0,13614.0,9076,5733.5,0.0,0.0,0.0,2.0,12.0,168.0,1583.0,725.0
2023-10-23,2023,4901.0,16101.0,10734,6671.5,0.0,0.0,0.0,1.0,18.0,200.0,1886.0,893.0
2023-10-24,2023,98800.0,189417.0,126278,87195.0,0.0,0.0,3.0,20.0,221.0,2241.0,22907.0,10504.0
2023-10-25,2023,128084.0,240234.0,160156,111480.5,0.0,0.0,3.0,29.0,320.0,2890.0,29015.0,13867.0
2023-10-26,2023,5143.0,17391.0,11594,7084.5,0.0,0.0,0.0,1.0,18.0,204.0,2021.0,975.0
2023-10-27,2023,163847.0,315906.0,210604,144779.0,0.0,0.0,4.0,42.0,376.0,3828.0,38192.0,16890.0
2023-10-28,2023,196752.0,354949.5,236633,170838.5,0.0,0.0,8.0,42.0,444.0,4225.0,42652.0,20753.0
2023-10-29,2023,4371.0,14074.5,9383,6744.0,0.0,0.0,0.0,5.0,22.0,175.0,1685.0,706.0
2023-10-30,2023,4911.0,15987.0,10658,7041.5,0.0,0.0,0.0,1.0,25.0,209.0,1998.0,867.0
2023-10-31,2023,114402.0,222106.5,148071,102005.0,0.0,0.0,2.0,31.0,256.0,2714.0,26593.0,13286.0
2023-11-01,2023,129381.0,244692.0,163128,130424.0,0.0,1.0,3.0,34.0,275.0,2857.0,28868.0,13402.0
2023-11-02,2023,4857.0,16113.0,10742,7056.0,0.0,0.0,0.0,4.0,20.0,146.0,1909.0,872.0
2023-11-03,2023,149094.0,285054.0,190036,136724.5,0.0,0.0,7.0,30.0,366.0,3374.0,34502.0,15687.0
2023-11-04,2023,187474.0,335758.5,223839,192038.5,0.0,2.0,4.0,35.0,423.0,4020.0,40659.0,18107.0
2023-11-05,2023,4024.0,12667.5,8445,5620.0,0.0,0.0,0.0,2.0,15.0,138.0,1515.0,800.0
2023-11-06,2023,56749.0,119316.0,79544,55900.5,0.0,0.0,2.0,18.0,149.0,1455.0,14264.0,6345.0
2023-11-07,2023,98838.0,189169.5,126113,82575.5,0.0,0.0,1.0,23.0,227.0,2301.0,22295.0,10227.0
2023-11-08,2023,128151.0,239148.0,159432,112382.5,0.0,0.0,4.0,30.0,291.0,2912.0,29057.0,13259.0
2023-11-09,2023,42350.0,87808.5,58539,39285.5,0.0,0.0,1.0,10.0,112.0,1057.0,10404.0,4635.0
2023-11-10,2023,138332.0,257716.5,171811,113530.5,0.0,0.0,1.0,33.0,302.0,3095.0,30838.0,14493.0
2023-11-11,2023,176629.0,316306.5,210871,144431.0,0.0,0.0,3.0,40.0,384.0,3753.0,37431.0,19416.0
2023-11-12,2023,3864.0,11988.0,7992,5889.5,0.0,0.0,0.0,4.0,16.0,175.0,1450.0,663.0
2023-11-13,2023,38078.0,78483.0,52322,34776.5,0.0,0.0,0.0,15.0,82.0,950.0,9307.0,4515.0
2023-11-14,2023,92484.0,177811.5,118541,80872.0,0.0,0.0,2.0,24.0,207.0,2171.0,21364.0,9566.0
2023-11-15,2023,121942.0,227010.0,151340,102516.0,0.0,0.0,1.0,31.0,283.0,2768.0,27643.0,13020.0
2023-11-16,2023,39243.0,80206.5,53471,41230.0,0.0,0.0,3.0,12.0,97.0,965.0,9464.0,4758.0
2023-11-17,2023,140787.0,263893.5,175929,117709.5,0.0,0.0,2.0,27.0,301.0,3171.0,32175.0,14723.0
2023-11-18,2023,179037.0,318747.0,212498,162518.5,0.0,1.0,1.0,33.0,435.0,3909.0,38166.0,19561.0
2023-11-19,2023,3884.0,12070.5,8047,5222.5,0.0,0.0,0.0,1.0,17.0,142.0,1432.0,739.0
2023-11-20,2023,36900.0,74937.0,49958,34828.5,0.0,0.0,1.0,11.0,101.0,898.0,8952.0,4143.0
2023-11-21,2023,98439.0,188836.5,125891,93242.5,0.0,0.0,5.0,37.0,206.0,2238.0,22284.0,10643.0
2023-11-22,2023,120620.0,224071.5,149381,103473.5,0.0,0.0,4.0,29.0,270.0,2710.0,26775.0,11449.0
2023-11-23,2023,36864.0,75336.0,50224,31928.0,0.0,0.0,0.0,6.0,92.0,920.0,9030.0,4152.0
2023-11-24,2023,146171.0,275230.5,183487,125694.0,0.0,0.0,3.0,36.0,328.0,3259.0,33472.0,15130.0
2023-11-25,2023,185086.0,331168.5,220779,147991.5,0.0,0.0,3.0,33.0,417.0,4042.0,39803.0,18157.0
2023-11-26,2023,3947.0,12493.5,8329,6550.5,0.0,0.0,0.0,7.0,17.0,152.0,1540.0,647.0
2023-11-27,2023,34026.0,68772.0,45848,30729.5,0.0,0.0,0.0,9.0,87.0,856.0,8238.0,4289.0
2023-11-28,2023,104175.0,201286.5,134191,90672.0,0.0,0.0,2.0,27.0,267.0,2368.0,23919.0,10836.0
2023-11-29,2023,128671.0,240400.5,160267,104848.5,0.0,0.0,1.0,23.0,263.0,2909.0,28991.0,13641.0
2023-11-30,2023,36574.0,75112.5,50075,35579.5,0.0,0.0,2.0,3.0,96.0,938.0,9157.0,4037.0
2023-12-01,2023,306010.0,631030.5,420687,288980.5,0.0,0.0,8.0,58.0,816.0,7588.0,75748.0,37083.0
2023-12-02,2023,203974.0,369984.0,246656,169978.0,0.0,0.0,5.0,41.0,441.0,4564.0,44769.0,20400.0
2023-12-03,2023,4075.0,12903.0,8602,5540.5,0.0,0.0,0.0,1.0,15.0,150.0,1558.0,783.0
2023-12-04,2023,35277.0,72049.5,48033,33740.5,0.0,0.0,1.0,11.0,88.0,879.0,8701.0,3989.0
2023-12-05,2023,190004.0,394351.5,262901,186801.5,0.0,0.0,8.0,49.0,516.0,4744.0,46851.0,22173.0
2023-12-06,2023,142360.0,268870.5,179247,717692.5,1.0,0.0,0.0,30.0,331.0,3203.0,32129.0,16533.0
2023-12-07,2023,33546.0,68713.5,45809,29372.5,0.0,0.0,0.0,8.0,67.0,816.0,8294.0,3843.0
2023-12-08,2023,279743.0,581121.0,387414,272392.0,0.0,1.0,3.0,49.0,727.0,6955.0,69550.0,32118.0
2023-12-09,2023,192400.0,346554.0,231036,157992.5,0.0,0.0,4.0,41.0,411.0,4207.0,41160.0,20145.0
2023-12-10,2023,3728.0,11374.5,7583,4881.0,0.0,0.0,0.0,1.0,19.0,136.0,1287.0,698.0
2023-12-11,2023,32386.0,65908.5,43939,28206.5,0.0,0.0,0.0,4.0,72.0,792.0,7905.0,4131.0
2023-12-12,2023,107187.0,208608.0,139072,115392.0,0.0,1.0,3.0,28.0,246.0,2516.0,24929.0,10956.0
2023-12-13,2023,129491.0,241894.5,161263,106564.0,0.0,0.0,1.0,36.0,295.0,2889.0,29019.0,12654.0
2023-12-14,2023,30871.0,62971.5,41981,31413.0,0.0,0.0,2.0,9.0,76.0,772.0,7574.0,3390.0
2023-12-15,2023,147889.0,278971.5,185981,143018.5,0.0,1.0,2.0,27.0,362.0,3354.0,33720.0,14779.0
2023-12-16,2023,193505.0,347206.5,231471,165304.5,0.0,0.0,7.0,46.0,436.0,4138.0,42203.0,18859.0
2023-12-17,2023,3752.0,11646.0,7764,7048.0,0.0,0.0,1.0,2.0,8.0,138.0,1434.0,620.0
2023-12-18,2023,29616.0,59805.0,39870,28520.0,0.0,0.0,1.0,8.0,81.0,676.0,7359.0,3468.0
2023-12-19,2023,103277.0,199849.5,133233,91794.0,0.0,0.0,3.0,26.0,247.0,2427.0,23781.0,10638.0
2023-12-20,2023,131582.0,246795.0,164530,118404.5,0.0,0.0,6.0,32.0,275.0,3007.0,29639.0,13461.0
2023-12-21,2023,30162.0,62812.5,41875,26971.0,0.0,0.0,0.0,8.0,78.0,731.0,7462.0,3488.0
2023-12-22,2023,158983.0,302427.0,201618,138945.5,0.0,0.0,5.0,30.0,393.0,3607.0,36313.0,16283.0
2023-12-23,2023,196466.0,353224.5,235483,156080.5,0.0,0.0,2.0,46.0,402.0,4100.0,42207.0,19951.0
2023-12-24,2023,184070.0,371815.5,247877,162444.0,0.0,0.0,1.0,47.0,468.0,4517.0,44200.0,20466.0
2023-12-25,2023,30784.0,65394.0,43596,28351.5,0.0,0.0,0.0,8.0,74.0,821.0,7887.0,3595.0
2023-12-26,2023,94500.0,184128.0,122752,85002.0,0.0,0.0,2.0,27.0,244.0,2189.0,22054.0,10446.0
2023-12-27,2023,121795.0,229174.5,152783,105096.5,0.0,0.0,2.0,27.0,283.0,2777.0,27329.0,14329.0
2023-12-28,2023,30107.0,63340.5,42227,30978.0,0.0,0.0,1.0,14.0,86.0,771.0,7624.0,3570.0
2023-12-29,2023,151005.0,288147.0,192098,133334.5,0.0,0.0,4.0,38.0,325.0,3474.0,34486.0,16595.0
2023-12-30,2023,201700.0,366489.0,244326,167231.0,0.0,0.0,2.0,54.0,447.0,4320.0,43985.0,22614.0
2023-12-31,2023,227643.0,469440.0,312960,230233.5,0.0,0.0,12.0,57.0,609.0,5635.0,56168.0,28095.0
2024-01-01,2024,29284.0,61735.5,41157,26082.5,0.0,0.0,0.0,5.0,70.0,755.0,7391.0,3417.0
2024-01-02,2024,97215.0,192006.0,128004,104792.0,0.0,1.0,1.0,20.0,233.0,2314.0,23121.0,10880.0
2024-01-03,2024,125986.0,239271.0,159514,127125.0,0.0,1.0,2.0,26.0,285.0,2841.0,29038.0,13296.0
2024-01-04,2024,28679.0,59560.5,39707,26683.5,0.0,0.0,1.0,3.0,67.0,697.0,7206.0,3231.0
2024-01-05,2024,140635.0,267094.5,178063,145736.0,0.0,1.0,5.0,41.0,303.0,3122.0,31950.0,14644.0
2024-01-06,2024,196463.0,356599.5,237733,164591.0,0.0,0.0,5.0,40.0,394.0,4319.0,43204.0,20472.0
2024-01-07,2024,3824.0,12420.0,8280,5607.5,0.0,0.0,0.0,2.0,17.0,169.0,1505.0,675.0
2024-01-08,2024,27285.0,56808.0,37872,23835.5,0.0,0.0,0.0,3.0,74.0,722.0,6681.0,3189.0
2024-01-09,2024,102057.0,197554.5,131703,90849.0,0.0,0.0,2.0,32.0,243.0,2246.0,23670.0,11346.0
2024-01-10,2024,121450.0,226674.0,151116,99182.5,0.0,0.0,1.0,25.0,279.0,2716.0,27482.0,12039.0
2024-01-11,2024,27951.0,58288.5,38859,29812.0,0.0,0.0,2.0,8.0,70.0,740.0,7117.0,3252.0
2024-01-12,2024,145597.0,276084.0,184056,129328.5,0.0,0.0,5.0,34.0,327.0,3260.0,32881.0,15951.0
2024-01-13,2024,188028.0,337228.5,224819,151323.0,0.0,0.0,4.0,34.0,382.0,3927.0,40149.0,19300.0
2024-01-14,2024,3808.0,11892.0,7928,4833.5,0.0,0.0,0.0,0.0,12.0,141.0,1444.0,667.0
2024-01-15,2024,27669.0,57043.5,38029,25187.0,0.0,0.0,0.0,8.0,67.0,722.0,6968.0,3134.0
2024-01-16,2024,103143.0,199080.0,132720,88554.0,0.0,0.0,2.0,19.0,250.0,2396.0,23667.0,10960.0
2024-01-17,2024,117311.0,218955.0,145970,97938.0,0.0,0.0,2.0,34.0,265.0,2658.0,25853.0,11228.0
2024-01-18,2024,26267.0,54796.5,36531,26224.5,0.0,0.0,1.0,11.0,70.0,673.0,6454.0,2901.0
2024-01-19,2024,129619.0,243901.5,162601,107605.0,0.0,0.0,2.0,25.0,282.0,2893.0,29482.0,13024.0
2024-01-20,2024,181019.0,325621.5,217081,148495.5,0.0,0.0,4.0,42.0,381.0,3966.0,39311.0,17349.0
2024-01-21,2024,3817.0,12130.5,8087,5062.5,0.0,0.0,0.0,1.0,13.0,148.0,1434.0,663.0
2024-01-22,2024,26669.0,55536.0,37024,25152.0,0.0,0.0,0.0,13.0,76.0,669.0,6547.0,3062.0
2024-01-23,2024,94973.0,182214.0,121476,84213.5,0.0,0.0,3.0,19.0,201.0,2218.0,21911.0,10321.0
2024-01-24,2024,125240.0,233416.5,155611,101445.5,0.0,0.0,0.0,27.0,294.0,2774.0,28133.0,13353.0
2024-01-25,2024,27196.0,56524.5,37683,26008.5,0.0,0.0,1.0,5.0,66.0,713.0,6760.0,3069.0
2024-01-26,2024,250785.0,504304.5,336203,251295.0,0.0,1.0,6.0,59.0,628.0,6008.0,60573.0,29166.0
2024-01-27,2024,196748.0,355288.5,236859,177278.5,0.0,1.0,1.0,43.0,438.0,4352.0,42801.0,20371.0
2024-01-28,2024,3935.0,13003.5,8669,5432.5,0.0,0.0,0.0,1.0,15.0,149.0,1571.0,697.0
2024-01-29,2024,27242.0,56356.5,37571,28052.0,0.0,0.0,2.0,5.0,73.0,636.0,6827.0,3172.0
2024-01-30,2024,160454.0,327427.5,218285,147925.5,0.0,0.0,4.0,44.0,381.0,3871.0,39044.0,17375.0
2024-01-31,2024,122227.0,227119.5,151413,101052.0,0.0,0.0,1.0,26.0,285.0,2706.0,27426.0,13180.0
2024-02-01,2024,28759.0,60333.0,40222,27698.5,0.0,0.0,1.0,7.0,78.0,735.0,7191.0,3121.0
2024-02-02,2024,145588.0,274323.0,182882,123977.5,0.0,0.0,4.0,32.0,329.0,3225.0,32559.0,14503.0
2024-02-03,2024,186001.0,334281.0,222854,151329.5,0.0,0.0,3.0,50.0,397.0,3978.0,40531.0,17625.0
2024-02-04,2024,4089.0,12958.5,8639,5295.0,0.0,0.0,0.0,0.0,7.0,163.0,1609.0,748.0
2024-02-05,2024,26828.0,55950.0,37300,23869.0,0.0,0.0,0.0,6.0,64.0,658.0,6681.0,3158.0
2024-02-06,2024,100156.0,193102.5,128735,85900.0,0.0,0.0,1.0,27.0,245.0,2330.0,23160.0,10420.0
2024-02-07,2024,123066.0,228543.0,152362,107840.0,0.0,0.0,4.0,33.0,263.0,2844.0,27619.0,12348.0
2024-02-08,2024,26265.0,55108.5,36739,23784.0,0.0,0.0,0.0,8.0,62.0,630.0,6701.0,2928.0
2024-02-09,2024,142000.0,268663.5,179109,122081.0,0.0,0.0,2.0,27.0,332.0,3294.0,32670.0,16154.0
2024-02-10,2024,185998.0,333210.0,222140,151795.5,0.0,0.0,4.0,35.0,382.0,3966.0,40034.0,19505.0
2024-02-11,2024,3911.0,12634.5,8423,5305.0,0.0,0.0,0.0,1.0,9.0,168.0,1504.0,718.0
2024-02-12,2024,25309.0,52836.0,35224,24762.5,0.0,0.0,1.0,7.0,62.0,644.0,6259.0,2923.0
2024-02-13,2024,101170.0,194313.0,129542,84137.5,0.0,0.0,1.0,17.0,226.0,2352.0,23371.0,10477.0
2024-02-14,2024,233735.0,448401.0,298934,203793.0,0.0,0.0,6.0,59.0,521.0,5196.0,53918.0,23838.0
2024-02-15,2024,25850.0,54327.0,36218,28741.5,0.0,0.0,2.0,11.0,71.0,657.0,6633.0,3047.0
2024-02-16,2024,139666.0,262738.5,175159,121746.0,0.0,0.0,3.0,36.0,309.0,3171.0,31461.0,15726.0
2024-02-17,2024,190362.0,342699.0,228466,778546.0,1.0,1.0,6.0,43.0,437.0,4077.0,41365.0,17394.0
2024-02-18,2024,3623.0,11134.5,7423,5040.5,0.0,0.0,0.0,3.0,12.0,122.0,1325.0,627.0
2024-02-19,2024,24969.0,50737.5,33825,26155.5,0.0,0.0,2.0,7.0,68.0,609.0,6097.0,2771.0
2024-02-20,2024,100390.0,192375.0,128250,90214.5,0.0,0.0,4.0,26.0,233.0,2276.0,22736.0,10335.0
2024-02-21,2024,129956.0,243835.5,162557,107177.0,0.0,0.0,2.0,27.0,259.0,2918.0,29300.0,12938.0
2024-02-22,2024,26980.0,55836.0,37224,24268.0,0.0,0.0,0.0,6.0,69.0,676.0,6820.0,3112.0
2024-02-23,2024,131139.0,244161.0,162774,109741.0,0.0,0.0,4.0,19.0,290.0,2883.0,28999.0,13152.0
2024-02-24,2024,199784.0,362014.5,241343,161733.5,0.0,0.0,2.0,56.0,457.0,4252.0,43375.0,19589.0
2024-02-25,2024,3820.0,12147.0,8098,4927.5,0.0,0.0,0.0,1.0,13.0,145.0,1386.0,647.0
2024-02-26,2024,26506.0,54496.5,36331,24746.5,0.0,0.0,0.0,10.0,65.0,646.0,6637.0,3295.0
2024-02-27,2024,92167.0,175497.0,116998,81158.0,0.0,0.0,2.0,29.0,205.0,2082.0,20747.0,10236.0
2024-02-28,2024,137573.0,257812.5,171875,136566.5,0.0,1.0,1.0,33.0,325.0,3128.0,30929.0,15979.0
2024-02-29,2024,27816.0,57658.5,38439,24601.0,0.0,0.0,0.0,5.0,66.0,674.0,6742.0,3618.0
2024-03-01,2024,137128.0,257449.5,171633,521527.5,1.0,0.0,4.0,36.0,354.0,3163.0,30950.0,14355.0
2024-03-02,2024,209672.0,383995.5,255997,168428.0,0.0,0.0,2.0,44.0,461.0,4583.0,45632.0,21486.0
2024-03-03,2024,3662.0,11514.0,7676,4747.0,0.0,0.0,0.0,1.0,11.0,134.0,1347.0,642.0
2024-03-04,2024,27847.0,56388.0,37592,24995.0,0.0,0.0,0.0,5.0,75.0,715.0,6778.0,3576.0
2024-03-05,2024,98714.0,188922.0,125948,84941.5,0.0,0.0,2.0,16.0,238.0,2217.0,22891.0,10743.0
2024-03-06,2024,145232.0,273891.0,182594,163343.5,0.0,2.0,2.0,32.0,342.0,3265.0,33019.0,15827.0
2024-03-07,2024,27659.0,55815.0,37210,27125.0,0.0,0.0,1.0,7.0,78.0,681.0,6752.0,3504.0
2024-03-08,2024,144626.0,271144.5,180763,135769.0,0.0,1.0,1.0,20.0,324.0,3273.0,32149.0,15084.0
2024-03-09,2024,208816.0,380527.5,253685,173482.0,0.0,0.0,4.0,51.0,472.0,4632.0,45756.0,20780.0
2024-03-10,2024,3634.0,11154.0,7436,4686.0,0.0,0.0,0.0,1.0,12.0,134.0,1305.0,644.0
2024-03-11,2024,27037.0,54084.0,36056,46702.0,0.0,1.0,2.0,4.0,67.0,671.0,6502.0,2802.0
2024-03-12,2024,102932.0,197413.5,131609,86775.5,0.0,0.0,1.0,32.0,228.0,2271.0,23356.0,10499.0
2024-03-13,2024,150058.0,284437.5,189625,131318.5,0.0,0.0,3.0,43.0,315.0,3365.0,34652.0,16193.0
2024-03-14,2024,26047.0,52377.0,34918,21790.0,0.0,0.0,0.0,3.0,63.0,666.0,6287.0,2684.0
2024-03-15,2024,228990.0,451885.5,301257,200477.0,0.0,0.0,3.0,50.0,508.0,5371.0,54168.0,26084.0
2024-03-16,2024,216488.0,395904.0,263936,186354.0,0.0,0.0,6.0,44.0,504.0,4755.0,47620.0,24306.0
2024-03-17,2024,3529.0,10711.5,7141,4393.5,0.0,0.0,0.0,1.0,8.0,125.0,1237.0,623.0
2024-03-18,2024,26136.0,52081.5,34721,24070.0,0.0,0.0,1.0,6.0,66.0,590.0,6116.0,2912.0
2024-03-19,2024,94316.0,179317.5,119545,81924.5,0.0,0.0,3.0,18.0,208.0,2083.0,21413.0,9949.0
2024-03-20,2024,154235.0,292489.5,194993,175984.5,0.0,2.0,5.0,42.0,340.0,3539.0,35297.0,14997.0
2024-03-21,2024,27355.0,56791.5,37861,25693.0,0.0,0.0,1.0,4.0,55.0,705.0,6791.0,3124.0
2024-03-22,2024,133867.0,249493.5,166329,112780.0,0.0,0.0,3.0,27.0,307.0,3009.0,29980.0,13490.0
2024-03-23,2024,185325.0,332175.0,221450,190666.0,0.0,2.0,4.0,41.0,371.0,3892.0,39003.0,19720.0
2024-03-24,2024,3832.0,12543.0,8362,5172.5,0.0,0.0,0.0,1.0,7.0,165.0,1448.0,741.0
2024-03-25,2024,26118.0,53589.0,35726,24027.0,0.0,0.0,1.0,4.0,44.0,621.0,6401.0,2960.0
2024-03-26,2024,94078.0,178942.5,119295,88364.5,0.0,0.0,5.0,27.0,208.0,2145.0,21503.0,10049.0
2024-03-27,2024,123630.0,229471.5,152981,106894.0,0.0,0.0,4.0,40.0,250.0,2685.0,27404.0,11774.0
2024-03-28,2024,26581.0,55204.5,36803,23800.5,0.0,0.0,0.0,6.0,61.0,699.0,6566.0,3169.0
2024-03-29,2024,141003.0,264504.0,176336,143828.5,0.0,1.0,5.0,28.0,309.0,3288.0,31843.0,14615.0
2024-03-30,2024,187135.0,335512.5,223675,142759.0,0.0,0.0,0.0,31.0,389.0,4093.0,40681.0,17968.0
2024-03-31,2024,3836.0,12079.5,8053,5999.5,0.0,0.0,0.0,6.0,10.0,162.0,1408.0,649.0
2024-04-01,2024,25190.0,52474.5,34983,22608.5,0.0,0.0,0.0,6.0,61.0,615.0,6315.0,2989.0
2024-04-02,2024,90540.0,174016.5,116011,77992.5,0.0,0.0,1.0,22.0,215.0,2185.0,20785.0,9865.0
2024-04-03,2024,124835.0,235500.0,157000,108405.0,0.0,0.0,2.0,38.0,285.0,2953.0,28498.0,12896.0
2024-04-04,2024,25187.0,52075.5,34717,22312.0,0.0,0.0,0.0,3.0,58.0,596.0,6356.0,3240.0
2024-04-05,2024,138495.0,260194.5,173463,136867.0,0.0,1.0,2.0,39.0,287.0,3046.0,30956.0,14790.0
2024-04-06,2024,191523.0,344937.0,229958,166528.5,0.0,0.0,8.0,47.0,428.0,4167.0,41613.0,19005.0
2024-04-07,2024,3751.0,11695.5,7797,4806.0,0.0,0.0,0.0,1.0,16.0,132.0,1330.0,644.0
2024-04-08,2024,24232.0,49368.0,32912,22076.5,0.0,0.0,0.0,10.0,63.0,599.0,5897.0,2685.0
2024-04-09,2024,100148.0,193737.0,129158,117937.0,0.0,1.0,6.0,22.0,267.0,2405.0,23260.0,11768.0
2024-04-10,2024,130340.0,242593.5,161729,111216.0,0.0,0.0,1.0,32.0,311.0,2896.0,29799.0,15012.0
2024-04-11,2024,23847.0,49312.5,32875,19927.5,0.0,0.0,0.0,2.0,55.0,577.0,5882.0,2519.0
2024-04-12,2024,138902.0,262173.0,174782,125586.0,0.0,0.0,7.0,30.0,288.0,3159.0,31541.0,13966.0
2024-04-13,2024,195706.0,353419.5,235613,167317.5,0.0,0.0,7.0,43.0,418.0,4229.0,43018.0,19451.0
2024-04-14,2024,3644.0,11614.5,7743,5461.5,0.0,0.0,0.0,3.0,14.0,150.0,1432.0,645.0
2024-04-15,2024,23194.0,47163.0,31442,20604.5,0.0,0.0,0.0,6.0,52.0,622.0,5630.0,2663.0
2024-04-16,2024,105920.0,206433.0,137622,98569.5,0.0,0.0,4.0,27.0,273.0,2430.0,24968.0,11749.0
2024-04-17,2024,118415.0,219322.5,146215,99602.0,0.0,0.0,2.0,27.0,278.0,2561.0,25579.0,13786.0
2024-04-18,2024,22564.0,45871.5,30581,19739.5,0.0,0.0,0.0,6.0,49.0,571.0,5511.0,2455.0
2024-04-19,2024,176108.0,344275.5,229517,153440.0,0.0,0.0,3.0,36.0,395.0,4156.0,41317.0,19284.0
2024-04-20,2024,185446.0,332439.0,221626,160983.0,0.0,0.0,7.0,44.0,413.0,4028.0,40286.0,19474.0
2024-04-21,2024,3792.0,12291.0,8194,5522.5,0.0,0.0,0.0,3.0,9.0,154.0,1504.0,643.0
2024-04-22,2024,23162.0,48448.5,32299,23654.5,0.0,0.0,1.0,10.0,60.0,597.0,5658.0,2769.0
2024-04-23,2024,120429.0,237427.5,158285,105558.5,0.0,0.0,1.0,32.0,262.0,2747.0,28858.0,13645.0
2024-04-24,2024,117816.0,215704.5,143803,97527.0,0.0,0.0,2.0,28.0,244.0,2581.0,25846.0,12300.0
2024-04-25,2024,24376.0,50371.5,33581,20896.0,0.0,0.0,0.0,5.0,53.0,551.0,5996.0,2726.0
2024-04-26,2024,192324.0,382542.0,255028,174286.0,0.0,0.0,5.0,44.0,453.0,4597.0,45738.0,21310.0
2024-04-27,2024,193373.0,349380.0,232920,156530.0,0.0,0.0,4.0,22.0,422.0,4231.0,42335.0,19910.0
2024-04-28,2024,3875.0,12597.0,8398,5389.5,0.0,0.0,0.0,2.0,15.0,151.0,1434.0,711.0
2024-04-29,2024,24251.0,50361.0,33574,23959.0,0.0,0.0,1.0,8.0,65.0,573.0,6084.0,2684.0
2024-04-30,2024,141735.0,284221.5,189481,144986.0,0.0,1.0,3.0,29.0,314.0,3364.0,33769.0,15032.0
2024-05-01,2024,125140.0,235143.0,156762,108021.5,0.0,0.0,3.0,30.0,263.0,2860.0,28075.0,13541.0
2024-05-02,2024,24476.0,52038.0,34692,24666.0,0.0,0.0,1.0,8.0,70.0,617.0,6234.0,2742.0
2024-05-03,2024,134032.0,253599.0,169066,113234.5,0.0,0.0,2.0,31.0,322.0,3012.0,30499.0,13691.0
2024-05-04,2024,184715.0,332673.0,221782,150016.0,0.0,0.0,2.0,54.0,397.0,4094.0,40155.0,17664.0
2024-05-05,2024,3965.0,12955.5,8637,6326.5,0.0,0.0,0.0,5.0,15.0,143.0,1519.0,849.0
2024-05-06,2024,24585.0,51712.5,34475,23841.5,0.0,0.0,1.0,6.0,56.0,648.0,6070.0,2761.0
2024-05-07,2024,99691.0,192343.5,128229,85552.0,0.0,0.0,1.0,24.0,222.0,2259.0,23083.0,11234.0
2024-05-08,2024,126815.0,237085.5,158057,106544.5,0.0,0.0,1.0,24.0,276.0,2884.0,28800.0,14803.0
2024-05-09,2024,22322.0,46963.5,31309,19500.5,0.0,0.0,0.0,4.0,51.0,529.0,5729.0,2385.0
2024-05-10,2024,127910.0,241456.5,160971,106561.5,0.0,0.0,2.0,24.0,271.0,2944.0,29186.0,12833.0
2024-05-11,2024,173259.0,310783.5,207189,147726.5,0.0,0.0,5.0,42.0,351.0,3663.0,37442.0,19405.0
2024-05-12,2024,3784.0,12183.0,8122,5503.0,0.0,0.0,0.0,2.0,12.0,158.0,1477.0,746.0
2024-05-13,2024,23589.0,48877.5,32585,23420.0,0.0,0.0,1.0,8.0,67.0,554.0,5857.0,2664.0
2024-05-14,2024,99201.0,192243.0,128162,91039.0,0.0,0.0,4.0,21.0,268.0,2316.0,23094.0,10474.0
2024-05-15,2024,124325.0,232587.0,155058,125513.5,0.0,1.0,1.0,30.0,303.0,2844.0,28593.0,13365.0
2024-05-16,2024,23952.0,50722.5,33815,23857.5,0.0,0.0,1.0,5.0,64.0,612.0,6086.0,2897.0
2024-05-17,2024,130722.0,245784.0,163856,108069.0,0.0,0.0,2.0,23.0,327.0,2925.0,29393.0,13012.0
2024-05-18,2024,187243.0,337588.5,225059,149634.0,0.0,0.0,2.0,54.0,387.0,4070.0,40541.0,17108.0
2024-05-19,2024,3888.0,12568.5,8379,7528.0,0.0,0.0,1.0,2.0,15.0,157.0,1459.0,750.0
2024-05-20,2024,20891.0,43515.0,29010,18713.5,0.0,0.0,0.0,5.0,53.0,505.0,5265.0,2399.0
2024-05-21,2024,87747.0,170272.5,113515,79961.0,0.0,0.0,3.0,21.0,191.0,2089.0,20515.0,9644.0
2024-05-22,2024,125223.0,235794.0,157196,109360.5,0.0,0.0,3.0,34.0,278.0,2895.0,28911.0,12469.0
2024-05-23,2024,24885.0,53967.0,35978,24774.5,0.0,0.0,1.0,6.0,59.0,621.0,6328.0,3089.0
2024-05-24,2024,136195.0,257664.0,171776,115500.5,0.0,0.0,3.0,31.0,287.0,3079.0,30663.0,13893.0
2024-05-25,2024,181886.0,327697.5,218465,153259.5,0.0,0.0,5.0,46.0,354.0,3894.0,39546.0,18945.0
2024-05-26,2024,4076.0,13654.5,9103,6014.5,0.0,0.0,0.0,3.0,11.0,181.0,1604.0,721.0
2024-05-27,2024,23698.0,50817.0,33878,24340.0,0.0,0.0,1.0,7.0,64.0,574.0,6178.0,2956.0
2024-05-28,2024,97804.0,189742.5,126495,94227.0,0.0,0.0,6.0,24.0,235.0,2314.0,23005.0,10098.0
2024-05-29,2024,124311.0,233851.5,155901,103105.0,0.0,0.0,1.0,30.0,282.0,2910.0,28111.0,12462.0
2024-05-30,2024,24416.0,52753.5,35169,27492.5,0.0,0.0,2.0,9.0,66.0,613.0,6427.0,2969.0
2024-05-31,2024,148680.0,285066.0,190044,129743.0,0.0,0.0,2.0,49.0,350.0,3432.0,34112.0,15706.0
2024-06-01,2024,188988.0,342784.5,228523,162312.5,0.0,0.0,8.0,34.0,424.0,4198.0,41048.0,18631.0
2024-06-02,2024,4348.0,14905.5,9937,6509.0,0.0,0.0,0.0,2.0,17.0,193.0,1793.0,812.0
2024-06-03,2024,24541.0,52780.5,35187,23199.5,0.0,0.0,0.0,8.0,63.0,599.0,6357.0,3087.0
2024-06-04,2024,109114.0,215161.5,143441,95312.5,0.0,0.0,1.0,30.0,258.0,2610.0,25840.0,11615.0
2024-06-05,2024,130110.0,246163.5,164109,111289.5,0.0,0.0,2.0,40.0,278.0,2968.0,29571.0,13165.0
2024-06-06,2024,23809.0,51046.5,34031,22798.5,0.0,0.0,1.0,2.0,56.0,629.0,6041.0,2701.0
2024-06-07,2024,242588.0,489355.5,326237,242430.5,0.0,1.0,5.0,58.0,599.0,5922.0,59122.0,27331.0
2024-06-08,2024,198484.0,361897.5,241265,170091.5,0.0,0.0,6.0,48.0,467.0,4353.0,43919.0,19699.0
2024-06-09,2024,4010.0,13486.5,8991,5820.5,0.0,0.0,0.0,2.0,16.0,156.0,1603.0,743.0
2024-06-10,2024,23436.0,49897.5,33265,21599.0,0.0,0.0,0.0,5.0,55.0,615.0,6028.0,2912.0
2024-06-11,2024,155736.0,320163.0,213442,136955.5,0.0,0.0,0.0,29.0,410.0,3823.0,38274.0,18195.0
2024-06-12,2024,137676.0,261325.5,174217,117839.5,0.0,0.0,1.0,38.0,328.0,3127.0,31653.0,15159.0
2024-06-13,2024,23624.0,50985.0,33990,23888.0,0.0,0.0,1.0,7.0,54.0,572.0,6141.0,2844.0
2024-06-14,2024,202203.0,405366.0,270244,204580.5,0.0,1.0,5.0,51.0,474.0,4897.0,49007.0,21601.0
2024-06-15,2024,185194.0,335037.0,223358,153716.0,0.0,0.0,4.0,35.0,421.0,3964.0,40439.0,19732.0
2024-06-16,2024,4031.0,13720.5,9147,5617.5,0.0,0.0,0.0,1.0,11.0,157.0,1649.0,743.0
2024-06-17,2024,23046.0,49147.5,32765,25114.5,0.0,0.0,2.0,6.0,66.0,575.0,5912.0,2597.0
2024-06-18,2024,156494.0,321369.0,214246,141339.0,0.0,0.0,2.0,36.0,370.0,3841.0,38492.0,17700.0
2024-06-19,2024,121805.0,228025.5,152017,100728.5,0.0,0.0,3.0,25.0,251.0,2700.0,26869.0,11647.0
2024-06-20,2024,22835.0,49429.5,32953,25021.0,0.0,0.0,2.0,4.0,63.0,650.0,5820.0,2714.0
2024-06-21,2024,220632.0,450436.5,300291,201690.5,0.0,0.0,5.0,47.0,524.0,5396.0,54032.0,24511.0
2024-06-22,2024,189239.0,343923.0,229282,157900.0,0.0,0.0,6.0,36.0,429.0,4227.0,41354.0,17518.0
2024-06-23,2024,4147.0,14368.5,9579,6033.0,0.0,0.0,0.0,2.0,10.0,149.0,1756.0,784.0
2024-06-24,2024,23372.0,50548.5,33699,21984.5,0.0,0.0,0.0,7.0,53.0,637.0,6060.0,2813.0
2024-06-25,2024,188527.0,393832.5,262555,172387.5,0.0,0.0,2.0,50.0,450.0,4704.0,47366.0,20757.0
2024-06-26,2024,123422.0,231930.0,154620,99399.0,0.0,0.0,0.0,24.0,278.0,2779.0,28131.0,12588.0
2024-06-27,2024,23640.0,52150.5,34767,22043.5,0.0,0.0,0.0,5.0,55.0,658.0,6283.0,2725.0
2024-06-28,2024,141096.0,269340.0,179560,119158.0,0.0,0.0,2.0,29.0,301.0,3260.0,32176.0,15124.0
2024-06-29,2024,182694.0,331882.5,221255,150451.0,0.0,0.0,3.0,42.0,389.0,3939.0,39969.0,19092.0
2024-06-30,2024,4141.0,14596.5,9731,6460.0,0.0,0.0,0.0,1.0,20.0,165.0,1769.0,998.0
2024-07-01,2024,22639.0,49578.0,33052,25067.0,0.0,0.0,2.0,5.0,60.0,621.0,5916.0,2620.0
2024-07-02,2024,100096.0,194760.0,129840,88416.0,0.0,0.0,1.0,30.0,236.0,2407.0,23492.0,11118.0
2024-07-03,2024,127109.0,240615.0,160410,113798.5,0.0,0.0,5.0,28.0,304.0,2904.0,28501.0,13731.0
2024-07-04,2024,22447.0,49362.0,32908,23304.0,0.0,0.0,1.0,8.0,57.0,591.0,5787.0,2690.0
2024-07-05,2024,143616.0,274665.0,183110,147994.0,0.0,1.0,4.0,33.0,328.0,3390.0,32735.0,16276.0
2024-07-06,2024,188634.0,342699.0,228466,160572.5,0.0,0.0,6.0,33.0,426.0,4146.0,41503.0,19811.0
2024-07-07,2024,4209.0,14608.5,9739,6303.0,0.0,0.0,0.0,1.0,22.0,193.0,1740.0,812.0
2024-07-08,2024,23025.0,51616.5,34411,22972.5,0.0,0.0,0.0,8.0,46.0,689.0,6286.0,2957.0
2024-07-09,2024,98209.0,191958.0,127972,86133.0,0.0,0.0,2.0,24.0,231.0,2324.0,22886.0,10214.0
2024-07-10,2024,122742.0,232138.5,154759,104099.0,0.0,0.0,2.0,23.0,293.0,2847.0,28120.0,12776.0
2024-07-11,2024,23570.0,51973.5,34649,43924.0,0.0,1.0,1.0,3.0,59.0,623.0,6383.0,2842.0
2024-07-12,2024,133153.0,252036.0,168024,1114288.5,1.0,0.0,3.0,22.0,323.0,3035.0,30356.0,14361.0
2024-07-13,2024,181469.0,326376.0,217584,144088.0,0.0,0.0,2.0,40.0,425.0,3937.0,38975.0,17302.0
2024-07-14,2024,3832.0,12493.5,8329,5883.0,0.0,0.0,0.0,5.0,14.0,125.0,1458.0,708.0
2024-07-15,2024,21807.0,46557.0,31038,19398.5,0.0,0.0,0.0,2.0,59.0,551.0,5614.0,2557.0
2024-07-16,2024,97280.0,187195.5,124797,85237.0,0.0,0.0,3.0,11.0,240.0,2261.0,22381.0,10780.0
2024-07-17,2024,117808.0,218938.5,145959,105646.5,0.0,0.0,6.0,26.0,282.0,2635.0,26502.0,11085.0
2024-07-18,2024,20787.0,43737.0,29158,18671.0,0.0,0.0,0.0,6.0,43.0,514.0,5282.0,2318.0
2024-07-19,2024,129502.0,243318.0,162212,108233.0,0.0,0.0,1.0,37.0,288.0,2944.0,29281.0,13194.0
2024-07-20,2024,172091.0,307791.0,205194,141214.0,0.0,0.0,5.0,37.0,345.0,3685.0,36712.0,16710.0
2024-07-21,2024,3695.0,12142.5,8095,4852.0,0.0,0.0,0.0,0.0,16.0,138.0,1468.0,604.0
2024-07-22,2024,20011.0,42174.0,28116,19391.0,0.0,0.0,1.0,2.0,45.0,483.0,5113.0,2300.0
2024-07-23,2024,87155.0,166500.0,111000,80709.5,0.0,0.0,4.0,20.0,235.0,2040.0,20007.0,9197.0
2024-07-24,2024,121337.0,226891.5,151261,101102.0,0.0,0.0,2.0,28.0,282.0,2726.0,27437.0,11572.0
2024-07-25,2024,20580.0,44256.0,29504,19041.5,0.0,0.0,0.0,6.0,49.0,525.0,5286.0,2443.0
2024-07-26,2024,125982.0,236872.5,157915,108964.5,0.0,0.0,3.0,37.0,275.0,2881.0,28184.0,12861.0
2024-07-27,2024,177402.0,318657.0,212438,151318.0,0.0,0.0,6.0,42.0,376.0,3872.0,38105.0,18552.0
2024-07-28,2024,3728.0,12010.5,8007,5034.5,0.0,0.0,0.0,0.0,13.0,158.0,1471.0,695.0
2024-07-29,2024,20078.0,42141.0,28094,18927.0,0.0,0.0,0.0,7.0,47.0,523.0,5114.0,2496.0
2024-07-30,2024,87595.0,167824.5,111883,81746.5,0.0,0.0,5.0,17.0,190.0,2044.0,20060.0,9471.0
2024-07-31,2024,129120.0,243301.5,162201,111604.5,0.0,0.0,3.0,31.0,285.0,2969.0,29178.0,13669.0
2024-08-01,2024,21161.0,45454.5,30303,19699.5,0.0,0.0,0.0,6.0,56.0,531.0,5506.0,2475.0
2024-08-02,2024,128815.0,241987.5,161325,110786.0,0.0,0.0,4.0,25.0,293.0,2797.0,28748.0,13630.0
2024-08-03,2024,186927.0,338782.5,225855,178473.0,0.0,1.0,5.0,38.0,407.0,3914.0,40536.0,21394.0
2024-08-04,2024,3833.0,12718.5,8479,5354.0,0.0,0.0,0.0,1.0,13.0,160.0,1510.0,716.0
2024-08-05,2024,21517.0,45381.0,30254,18233.5,0.0,0.0,0.0,2.0,46.0,546.0,5330.0,2349.0
2024-08-06,2024,97738.0,188262.0,125508,85775.0,0.0,0.0,2.0,27.0,218.0,2323.0,22415.0,10380.0
2024-08-07,2024,119289.0,222829.5,148553,108639.0,0.0,0.0,7.0,22.0,273.0,2720.0,26381.0,12278.0
2024-08-08,2024,21672.0,46005.0,30670,19853.0,0.0,0.0,0.0,9.0,52.0,504.0,5484.0,2350.0
2024-08-09,2024,136793.0,258999.0,172666,115851.5,0.0,0.0,2.0,34.0,308.0,3206.0,31098.0,13777.0
2024-08-10,2024,180688.0,325141.5,216761,144749.5,0.0,0.0,3.0,32.0,423.0,3832.0,38900.0,17953.0
2024-08-11,2024,3823.0,12441.0,8294,5550.5,0.0,0.0,0.0,2.0,14.0,194.0,1453.0,663.0
2024-08-12,2024,20634.0,43509.0,29006,19101.0,0.0,0.0,0.0,8.0,47.0,494.0,5226.0,2426.0
2024-08-13,2024,101421.0,197082.0,131388,89835.0,0.0,0.0,2.0,25.0,225.0,2406.0,23754.0,11198.0
2024-08-14,2024,120487.0,223825.5,149217,98310.5,0.0,0.0,1.0,26.0,298.0,2633.0,26614.0,12505.0
2024-08-15,2024,19943.0,41467.5,27645,17272.0,0.0,0.0,0.0,2.0,44.0,497.0,4985.0,2358.0
2024-08-16,2024,132141.0,251881.5,167921,108999.0,0.0,0.0,2.0,26.0,251.0,2892.0,29862.0,13730.0
2024-08-17,2024,169461.0,304918.5,203279,136241.0,0.0,0.0,3.0,44.0,344.0,3569.0,36883.0,15300.0
2024-08-18,2024,3787.0,12196.5,8131,5159.0,0.0,0.0,0.0,2.0,10.0,144.0,1453.0,622.0
2024-08-19,2024,22655.0,47374.5,31583,21741.0,0.0,0.0,1.0,3.0,56.0,533.0,5689.0,2652.0
2024-08-20,2024,105022.0,206464.5,137643,90520.5,0.0,0.0,1.0,21.0,272.0,2507.0,24724.0,11265.0
2024-08-21,2024,120455.0,225391.5,150261,102929.5,0.0,0.0,3.0,24.0,252.0,2682.0,27368.0,12629.0
2024-08-22,2024,22286.0,47736.0,31824,19656.0,0.0,0.0,0.0,2.0,51.0,561.0,5806.0,2546.0
2024-08-23,2024,145451.0,280059.0,186706,128016.5,0.0,0.0,3.0,44.0,345.0,3283.0,33352.0,15465.0
2024-08-24,2024,180908.0,326122.5,217415,164932.5,0.0,1.0,3.0,32.0,398.0,4008.0,39235.0,17375.0
2024-08-25,2024,3943.0,12955.5,8637,5017.5,0.0,0.0,0.0,0.0,9.0,160.0,1511.0,677.0
2024-08-26,2024,22401.0,47356.5,31571,22221.0,0.0,0.0,1.0,4.0,45.0,603.0,5737.0,2688.0
2024-08-27,2024,122914.0,243729.0,162486,106511.5,0.0,0.0,1.0,23.0,284.0,2913.0,29514.0,13759.0
2024-08-28,2024,129997.0,244500.0,163000,733070.0,1.0,1.0,4.0,29.0,318.0,2905.0,29522.0,12894.0
2024-08-29,2024,22846.0,47602.5,31735,20616.5,0.0,0.0,0.0,5.0,64.0,620.0,5741.0,2503.0
2024-08-30,2024,166201.0,322038.0,214692,146550.0,0.0,0.0,2.0,53.0,396.0,3816.0,38861.0,18152.0
2024-08-31,2024,192320.0,347946.0,231964,164897.5,0.0,0.0,6.0,43.0,456.0,4206.0,41953.0,20161.0
2024-09-01,2024,3661.0,11622.0,7748,5119.5,0.0,0.0,0.0,2.0,14.0,156.0,1325.0,673.0
2024-09-02,2024,23183.0,47877.0,31918,19588.0,0.0,0.0,0.0,3.0,44.0,592.0,5714.0,2480.0
2024-09-03,2024,135122.0,267403.5,178269,128280.0,0.0,0.0,6.0,32.0,310.0,3163.0,31955.0,15970.0
2024-09-04,2024,137594.0,258094.5,172063,115126.5,0.0,0.0,2.0,26.0,299.0,3193.0,31187.0,14405.0
2024-09-05,2024,22399.0,46584.0,31056,20811.0,0.0,0.0,0.0,8.0,61.0,578.0,5584.0,2622.0
2024-09-06,2024,184340.0,360898.5,240599,161692.0,0.0,0.0,4.0,44.0,439.0,4431.0,42631.0,19130.0
2024-09-07,2024,199738.0,364140.0,242760,165713.0,0.0,0.0,4.0,41.0,453.0,4379.0,43595.0,20912.0
2024-09-08,2024,3707.0,11562.0,7708,5223.5,0.0,0.0,0.0,2.0,9.0,152.0,1473.0,625.0
2024-09-09,2024,22602.0,46647.0,31098,21390.5,0.0,0.0,1.0,1.0,63.0,521.0,5712.0,2601.0
2024-09-10,2024,98532.0,188961.0,125974,84694.5,0.0,0.0,1.0,29.0,214.0,2392.0,22468.0,10479.0
2024-09-11,2024,118830.0,220225.5,146817,95929.5,0.0,0.0,1.0,22.0,232.0,2597.0,26677.0,12367.0
2024-09-12,2024,21281.0,43764.0,29176,20803.5,0.0,0.0,1.0,6.0,55.0,525.0,5164.0,2367.0
2024-09-13,2024,297894.0,555564.0,370376,267466.0,0.0,0.0,12.0,69.0,661.0,6676.0,66624.0,33212.0
2024-09-14,2024,186093.0,335977.5,223985,157112.0,0.0,0.0,5.0,42.0,443.0,4054.0,40763.0,18704.0
2024-09-15,2024,3737.0,11577.0,7718,5520.0,0.0,0.0,0.0,4.0,8.0,118.0,1433.0,736.0
2024-09-16,2024,21514.0,44407.5,29605,18743.5,0.0,0.0,0.0,4.0,50.0,548.0,5313.0,2385.0
2024-09-17,2024,99591.0,191749.5,127833,83882.0,0.0,0.0,1.0,21.0,209.0,2367.0,23029.0,10406.0
2024-09-18,2024,155836.0,298360.5,198907,131200.0,0.0,0.0,2.0,32.0,372.0,3577.0,35694.0,16058.0
2024-09-19,2024,21169.0,43755.0,29170,19327.0,0.0,0.0,0.0,8.0,52.0,473.0,5253.0,2544.0
2024-09-20,2024,144948.0,273255.0,182170,129710.5,0.0,0.0,6.0,26.0,316.0,3317.0,32775.0,16037.0
2024-09-21,2024,211544.0,388987.5,259325,170564.0,0.0,0.0,2.0,43.0,455.0,4741.0,46486.0,21458.0
2024-09-22,2024,3759.0,12094.5,8063,4961.0,0.0,0.0,0.0,1.0,10.0,143.0,1422.0,668.0
2024-09-23,2024,22196.0,46632.0,31088,20131.5,0.0,0.0,0.0,6.0,45.0,563.0,5773.0,2447.0
2024-09-24,2024,107540.0,208011.0,138674,94280.0,0.0,0.0,3.0,20.0,241.0,2514.0,24889.0,11408.0
2024-09-25,2024,123146.0,229627.5,153085,100044.0,0.0,0.0,1.0,26.0,297.0,2731.0,27563.0,12082.0
2024-09-26,2024,21892.0,45459.0,30306,20431.5,0.0,0.0,0.0,6.0,52.0,551.0,5622.0,2795.0
2024-09-27,2024,255378.0,509349.0,339566,230948.5,0.0,0.0,5.0,70.0,597.0,6014.0,61257.0,28283.0
2024-09-28,2024,191552.0,344691.0,229794,176802.5,0.0,1.0,3.0,48.0,429.0,4070.0,41113.0,20031.0
2024-09-29,2024,3790.0,12361.5,8241,5317.5,0.0,0.0,0.0,1.0,13.0,164.0,1511.0,677.0
2024-09-30,2024,22516.0,47116.5,31411,26461.5,0.0,0.0,3.0,5.0,56.0,577.0,5524.0,2939.0
2024-10-01,2024,154754.0,310140.0,206760,135928.0,0.0,0.0,3.0,28.0,356.0,3778.0,36805.0,16472.0
2024-10-02,2024,129980.0,243471.0,162314,109383.0,0.0,0.0,3.0,26.0,273.0,2986.0,29202.0,12926.0
2024-10-03,2024,23732.0,49747.5,33165,21722.0,0.0,0.0,0.0,7.0,61.0,592.0,6013.0,2744.0
2024-10-04,2024,206188.0,404172.0,269448,181467.0,0.0,0.0,5.0,47.0,454.0,4853.0,48236.0,21500.0
2024-10-05,2024,183969.0,329751.0,219834,149173.5,0.0,0.0,3.0,35.0,384.0,3982.0,39948.0,19125.0
2024-10-06,2024,3970.0,12865.5,8577,5298.0,0.0,0.0,0.0,1.0,21.0,146.0,1461.0,684.0
2024-10-07,2024,25127.0,51762.0,34508,25570.0,0.0,0.0,2.0,3.0,62.0,609.0,6175.0,2890.0
2024-10-08,2024,104284.0,201540.0,134360,89386.0,0.0,0.0,2.0,23.0,254.0,2379.0,23906.0,10666.0
2024-10-09,2024,120614.0,225138.0,150092,104523.5,0.0,0.0,4.0,26.0,260.0,2738.0,27105.0,12149.0
2024-10-10,2024,24765.0,51391.5,34261,22653.5,0.0,0.0,0.0,8.0,62.0,635.0,6085.0,2979.0
2024-10-11,2024,142051.0,266335.5,177557,121877.5,0.0,0.0,3.0,38.0,340.0,3246.0,32162.0,13949.0
2024-10-12,2024,183420.0,328792.5,219195,149910.0,0.0,0.0,4.0,33.0,383.0,3949.0,39590.0,19150.0
2024-10-13,2024,3808.0,12198.0,8132,5195.0,0.0,0.0,0.0,2.0,13.0,143.0,1427.0,644.0
2024-10-14,2024,25131.0,51381.0,34254,21357.0,0.0,0.0,0.0,2.0,58.0,639.0,6171.0,2840.0
2024-10-15,2024,98934.0,188913.0,125942,82359.5,0.0,0.0,0.0,28.0,223.0,2319.0,22736.0,10155.0
2024-10-16,2024,123506.0,229960.5,153307,102333.5,0.0,0.0,3.0,22.0,262.0,2668.0,27121.0,12741.0
2024-10-17,2024,23264.0,48199.5,32133,21326.0,0.0,0.0,0.0,10.0,52.0,542.0,5892.0,2528.0
2024-10-18,2024,141422.0,265836.0,177224,124341.0,0.0,0.0,4.0,42.0,343.0,3171.0,31753.0,14480.0
2024-10-19,2024,187516.0,337351.5,224901,155367.0,0.0,0.0,7.0,40.0,419.0,4042.0,39640.0,16998.0
2024-10-20,2024,3719.0,11820.0,7880,4879.5,0.0,0.0,0.0,1.0,10.0,130.0,1401.0,685.0
2024-10-21,2024,22516.0,46870.5,31247,19689.0,0.0,0.0,0.0,4.0,58.0,537.0,5653.0,2492.0
2024-10-22,2024,101620.0,195621.0,130414,89418.0,0.0,0.0,3.0,18.0,257.0,2318.0,23447.0,10796.0
2024-10-23,2024,116231.0,215710.5,143807,97298.5,0.0,0.0,2.0,30.0,249.0,2601.0,25278.0,12505.0
2024-10-24,2024,22796.0,47799.0,31866,20543.0,0.0,0.0,0.0,6.0,47.0,614.0,5793.0,2498.0
2024-10-25,2024,143585.0,271189.5,180793,160820.0,0.0,2.0,3.0,28.0,311.0,3120.0,32735.0,14620.0
2024-10-26,2024,180274.0,322251.0,214834,152203.5,0.0,0.0,6.0,50.0,412.0,3866.0,38293.0,17365.0
2024-10-27,2024,3865.0,12406.5,8271,7570.0,0.0,0.0,1.0,2.0,14.0,158.0,1501.0,732.0
2024-10-28,2024,22498.0,46258.5,30839,20780.5,0.0,0.0,0.0,9.0,61.0,554.0,5582.0,2551.0
2024-10-29,2024,110898.0,215578.5,143719,98445.0,0.0,0.0,2.0,34.0,248.0,2684.0,26057.0,11434.0
2024-10-30,2024,128899.0,241009.5,160673,125502.0,0.0,1.0,2.0,27.0,264.0,2912.0,28477.0,12872.0
2024-10-31,2024,25046.0,53230.5,35487,23412.0,0.0,0.0,0.0,8.0,63.0,594.0,6346.0,3260.0
2024-11-01,2024,148528.0,285948.0,190632,124383.0,0.0,0.0,1.0,32.0,352.0,3435.0,33887.0,15996.0
2024-11-02,2024,185877.0,337089.0,224726,148737.0,0.0,0.0,3.0,34.0,398.0,3982.0,39926.0,18810.0
2024-11-03,2024,3981.0,13063.5,8709,7780.5,0.0,0.0,1.0,2.0,12.0,155.0,1570.0,817.0
2024-11-04,2024,21004.0,44628.0,29752,20941.0,0.0,0.0,1.0,5.0,51.0,523.0,5278.0,2500.0
2024-11-05,2024,148771.0,295911.0,197274,151898.0,0.0,1.0,2.0,42.0,338.0,3535.0,35455.0,16102.0
2024-11-06,2024,122599.0,228490.5,152327,102073.0,0.0,0.0,3.0,20.0,236.0,2769.0,27283.0,12628.0
2024-11-07,2024,22932.0,48493.5,32329,20552.0,0.0,0.0,0.0,4.0,62.0,616.0,5805.0,2548.0
2024-11-08,2024,183336.0,356644.5,237763,162559.0,0.0,0.0,6.0,35.0,394.0,4258.0,42604.0,19454.0
2024-11-09,2024,182324.0,327901.5,218601,150614.5,0.0,0.0,4.0,37.0,404.0,3908.0,39560.0,18983.0
2024-11-10,2024,4053.0,13315.5,8877,5950.5,0.0,0.0,0.0,3.0,19.0,142.0,1609.0,695.0
2024-11-11,2024,22034.0,46008.0,30672,21190.5,0.0,0.0,1.0,3.0,52.0,562.0,5568.0,2403.0
2024-11-12,2024,128002.0,253417.5,168945,119600.0,0.0,0.0,5.0,31.0,289.0,3080.0,30355.0,14340.0
2024-11-13,2024,116431.0,216511.5,144341,115098.5,0.0,1.0,1.0,23.0,263.0,2575.0,25929.0,12337.0
2024-11-14,2024,24048.0,50358.0,33572,22431.5,0.0,0.0,0.0,8.0,45.0,639.0,6035.0,3111.0
2024-11-15,2024,195312.0,382105.5,254737,199746.0,0.0,1.0,8.0,51.0,470.0,4508.0,45659.0,20192.0
2024-11-16,2024,181195.0,324289.5,216193,143831.5,0.0,0.0,3.0,42.0,376.0,3887.0,38939.0,16399.0
2024-11-17,2024,3941.0,12930.0,8620,5188.5,0.0,0.0,0.0,0.0,15.0,155.0,1540.0,689.0
2024-11-18,2024,24595.0,51801.0,34534,23790.5,0.0,0.0,0.0,10.0,73.0,641.0,6150.0,3217.0
2024-11-19,2024,153008.0,306894.0,204596,143964.5,0.0,0.0,6.0,39.0,355.0,3737.0,36931.0,16345.0
2024-11-20,2024,119790.0,222156.0,148104,97494.0,0.0,0.0,1.0,26.0,269.0,2715.0,26416.0,12338.0
2024-11-21,2024,24305.0,51750.0,34500,22546.5,0.0,0.0,0.0,9.0,60.0,625.0,6179.0,2709.0
2024-11-22,2024,302515.0,622290.0,414860,308425.0,0.0,1.0,9.0,76.0,782.0,7306.0,75204.0,35098.0
2024-11-23,2024,186494.0,337758.0,225172,157114.5,0.0,0.0,4.0,38.0,400.0,4021.0,41002.0,20937.0
2024-11-24,2024,4231.0,14152.5,9435,6114.0,0.0,0.0,0.0,1.0,34.0,167.0,1676.0,698.0
2024-11-25,2024,27313.0,58236.0,38824,27363.5,0.0,0.0,1.0,9.0,62.0,696.0,7015.0,3209.0
2024-11-26,2024,192514.0,393486.0,262324,982041.0,1.0,0.0,5.0,51.0,477.0,4900.0,47651.0,21666.0
2024-11-27,2024,120975.0,224605.5,149737,103476.0,0.0,0.0,3.0,26.0,275.0,2703.0,26885.0,12994.0
2024-11-28,2024,25091.0,52852.5,35235,42639.0,0.0,1.0,0.0,5.0,64.0,643.0,6454.0,2824.0
2024-11-29,2024,152586.0,287796.0,191864,131648.5,0.0,0.0,3.0,37.0,351.0,3318.0,35263.0,16075.0
2024-11-30,2024,184643.0,330702.0,220468,144009.5,0.0,0.0,2.0,33.0,383.0,3912.0,39624.0,17961.0
2024-12-01,2024,3885.0,12339.0,8226,5185.5,0.0,0.0,0.0,1.0,13.0,144.0,1519.0,645.0
2024-12-02,2024,22442.0,46917.0,31278,20847.0,0.0,0.0,0.0,9.0,52.0,590.0,5577.0,2602.0
2024-12-03,2024,105138.0,200830.5,133887,105103.5,0.0,1.0,0.0,18.0,254.0,2329.0,23942.0,11263.0
2024-12-04,2024,126069.0,235132.5,156755,121945.0,0.0,0.0,10.0,30.0,280.0,2867.0,28453.0,12736.0
2024-12-05,2024,21708.0,45919.5,30613,20285.5,0.0,0.0,0.0,6.0,48.0,577.0,5530.0,2787.0
2024-12-06,2024,151408.0,287640.0,191760,132230.5,0.0,0.0,4.0,28.0,353.0,3512.0,34088.0,17223.0
2024-12-07,2024,186472.0,335242.5,223495,159177.0,0.0,0.0,5.0,43.0,387.0,4107.0,40623.0,20704.0
2024-12-08,2024,3747.0,11892.0,7928,5008.5,0.0,0.0,0.0,2.0,12.0,132.0,1402.0,603.0
2024-12-09,2024,21585.0,44889.0,29926,19331.5,0.0,0.0,0.0,3.0,51.0,566.0,5532.0,2545.0
2024-12-10,2024,108936.0,210727.5,140485,93341.0,0.0,0.0,2.0,21.0,268.0,2404.0,24894.0,11982.0
2024-12-11,2024,117980.0,218277.0,145518,115529.0,0.0,1.0,1.0,16.0,259.0,2700.0,26343.0,12642.0
2024-12-12,2024,21353.0,44380.5,29587,18641.0,0.0,0.0,0.0,3.0,48.0,565.0,5295.0,2444.0
2024-12-13,2024,362658.0,703806.0,469204,323469.5,0.0,0.0,11.0,69.0,867.0,8355.0,84965.0,39083.0
2024-12-14,2024,185458.0,333367.5,222245,170559.0,0.0,1.0,5.0,33.0,388.0,3849.0,39821.0,18208.0
2024-12-15,2024,3844.0,12411.0,8274,5445.0,0.0,0.0,0.0,1.0,15.0,169.0,1567.0,644.0
2024-12-16,2024,22005.0,45504.0,30336,21292.5,0.0,0.0,1.0,3.0,54.0,581.0,5481.0,2497.0
2024-12-17,2024,111645.0,217341.0,144894,104223.5,0.0,0.0,3.0,36.0,277.0,2649.0,26235.0,13179.0
2024-12-18,2024,119013.0,220032.0,146688,120283.5,0.0,1.0,3.0,27.0,260.0,2611.0,26501.0,11751.0
2024-12-19,2024,21964.0,46237.5,30825,23055.5,0.0,0.0,2.0,3.0,56.0,522.0,5565.0,2397.0
2024-12-20,2024,143366.0,269793.0,179862,120121.5,0.0,0.0,3.0,24.0,306.0,3292.0,32423.0,14597.0
2024-12-21,2024,185171.0,332673.0,221782,176066.0,0.0,1.0,4.0,52.0,394.0,4054.0,40085.0,19564.0
2024-12-22,2024,4143.0,13567.5,9045,6289.0,0.0,0.0,0.0,3.0,23.0,166.0,1586.0,818.0
2024-12-23,2024,23194.0,50263.5,33509,24251.0,0.0,0.0,1.0,10.0,45.0,632.0,5964.0,2842.0
2024-12-24,2024,305362.0,601821.0,401214,275308.0,0.0,0.0,7.0,77.0,768.0,7249.0,72106.0,33394.0
2024-12-25,2024,126690.0,239874.0,159916,121437.5,0.0,0.0,8.0,36.0,303.0,2932.0,28807.0,13269.0
2024-12-26,2024,21515.0,46807.5,31205,19618.5,0.0,0.0,0.0,2.0,51.0,571.0,5646.0,2701.0
2024-12-27,2024,137116.0,262866.0,175244,117609.0,0.0,0.0,3.0,29.0,294.0,3161.0,31355.0,14276.0
2024-12-28,2024,184620.0,334512.0,223008,151014.0,0.0,0.0,4.0,38.0,417.0,4017.0,40005.0,17986.0
2024-12-29,2024,3951.0,12727.5,8485,5345.0,0.0,0.0,0.0,1.0,17.0,151.0,1548.0,636.0
2024-12-30,2024,23423.0,50637.0,33758,23709.0,0.0,0.0,1.0,7.0,53.0,618.0,6050.0,2706.0
2024-12-31,2024,340255.0,685843.5,457229,309216.0,0.0,0.0,7.0,83.0,810.0,8289.0,82296.0,37586.0
2025-01-01,2025,125861.0,238189.5,158793,108543.0,0.0,0.0,1.0,39.0,343.0,2895.0,28372.0,13776.0
2025-01-02,2025,23224.0,50230.5,33487,22606.0,0.0,0.0,0.0,8.0,77.0,624.0,6112.0,2748.0
2025-01-03,2025,129186.0,247174.5,164783,109377.0,0.0,0.0,2.0,28.0,264.0,3024.0,29559.0,13506.0
2025-01-04,2025,181204.0,327397.5,218265,164576.5,0.0,1.0,3.0,31.0,366.0,3933.0,38772.0,18565.0
2025-01-05,2025,4048.0,13411.5,8941,5287.0,0.0,0.0,0.0,0.0,13.0,156.0,1636.0,650.0
2025-01-06,2025,22584.0,48063.0,32042,22272.5,0.0,0.0,0.0,13.0,65.0,577.0,5766.0,2637.0
2025-01-07,2025,101933.0,197713.5,131809,94956.0,0.0,0.0,5.0,20.0,227.0,2307.0,24126.0,11086.0
2025-01-08,2025,125931.0,236404.5,157603,106163.5,0.0,0.0,2.0,30.0,284.0,2806.0,28161.0,13421.0
2025-01-09,2025,20845.0,44473.5,29649,19796.5,0.0,0.0,0.0,8.0,51.0,582.0,5382.0,2335.0
2025-01-10,2025,140171.0,267010.5,178007,143289.0,0.0,1.0,3.0,46.0,284.0,3259.0,31981.0,14768.0
2025-01-11,2025,182524.0,330558.0,220372,167806.5,0.0,1.0,3.0,45.0,386.0,3846.0,39216.0,18283.0
2025-01-12,2025,3905.0,12408.0,8272,5899.5,0.0,0.0,0.0,4.0,16.0,164.0,1481.0,665.0
2025-01-13,2025,22538.0,47190.0,31460,20315.5,0.0,0.0,0.0,5.0,66.0,587.0,5572.0,2611.0
2025-01-14,2025,106402.0,206707.5,137805,94600.0,0.0,0.0,2.0,28.0,254.0,2480.0,24856.0,11872.0
2025-01-15,2025,129887.0,244257.0,162838,104003.0,0.0,0.0,0.0,32.0,283.0,2962.0,29244.0,12430.0
2025-01-16,2025,21447.0,45820.5,30547,21010.0,0.0,0.0,1.0,2.0,59.0,544.0,5474.0,2508.0
2025-01-17,2025,179670.0,352947.0,235298,160752.0,0.0,0.0,5.0,40.0,437.0,4180.0,42354.0,18936.0
2025-01-18,2025,195457.0,356280.0,237520,160969.5,0.0,0.0,5.0,38.0,435.0,4195.0,42394.0,19271.0
2025-01-19,2025,3979.0,12826.5,8551,5144.0,0.0,0.0,0.0,1.0,17.0,154.0,1440.0,636.0
2025-01-20,2025,23615.0,49882.5,33255,21648.5,0.0,0.0,0.0,6.0,56.0,619.0,6028.0,2785.0
2025-01-21,2025,113208.0,222247.5,148165,100190.5,0.0,0.0,2.0,25.0,266.0,2713.0,26801.0,12469.0
2025-01-22,2025,137939.0,262291.5,174861,120964.5,0.0,0.0,5.0,22.0,287.0,3063.0,31621.0,14845.0
2025-01-23,2025,21669.0,46326.0,30884,19911.5,0.0,0.0,0.0,6.0,50.0,562.0,5584.0,2489.0
2025-01-24,2025,186273.0,368107.5,245405,158671.0,0.0,0.0,0.0,46.0,451.0,4372.0,44315.0,19974.0
2025-01-25,2025,206721.0,381739.5,254493,179690.0,0.0,0.0,5.0,45.0,471.0,4615.0,46393.0,23606.0
2025-01-26,2025,4015.0,13041.0,8694,5290.5,0.0,0.0,0.0,0.0,12.0,161.0,1582.0,721.0
2025-01-27,2025,23780.0,50464.5,33643,22979.5,0.0,0.0,1.0,4.0,57.0,598.0,5948.0,2769.0
2025-01-28,2025,99616.0,193897.5,129265,86723.0,0.0,0.0,2.0,21.0,211.0,2274.0,23137.0,11106.0
2025-01-29,2025,149851.0,286956.0,191304,125700.0,0.0,0.0,1.0,29.0,353.0,3473.0,34976.0,15682.0
2025-01-30,2025,20904.0,45273.0,30182,20013.5,0.0,0.0,0.0,5.0,72.0,529.0,5389.0,2767.0
2025-01-31,2025,141379.0,268044.0,178696,119435.5,0.0,0.0,1.0,41.0,340.0,3096.0,32206.0,15029.0
2025-02-01,2025,213612.0,394618.5,263079,783487.0,1.0,0.0,5.0,57.0,474.0,4645.0,47780.0,22548.0
2025-02-02,2025,3793.0,11946.0,7964,4844.5,0.0,0.0,0.0,0.0,18.0,132.0,1448.0,619.0
2025-02-03,2025,20739.0,43113.0,28742,18785.5,0.0,0.0,0.0,6.0,56.0,527.0,5245.0,2227.0
2025-02-04,2025,101648.0,196155.0,130770,89027.0,0.0,0.0,3.0,24.0,218.0,2217.0,23441.0,10600.0
2025-02-05,2025,157210.0,301609.5,201073,132416.0,0.0,0.0,2.0,38.0,324.0,3539.0,36337.0,15978.0
2025-02-06,2025,20434.0,43999.5,29333,23091.0,0.0,0.0,2.0,4.0,67.0,541.0,5284.0,2452.0
2025-02-07,2025,145444.0,276574.5,184383,133038.0,0.0,0.0,7.0,32.0,325.0,3279.0,33011.0,15814.0
2025-02-08,2025,220027.0,408490.5,272327,176476.5,0.0,0.0,1.0,47.0,495.0,5001.0,48879.0,21609.0
2025-02-09,2025,3693.0,11577.0,7718,4841.5,0.0,0.0,0.0,1.0,13.0,105.0,1407.0,695.0
2025-02-10,2025,20026.0,42121.5,28081,18517.5,0.0,0.0,0.0,7.0,52.0,510.0,5050.0,2285.0
2025-02-11,2025,105497.0,204219.0,136146,96445.0,0.0,0.0,5.0,19.0,236.0,2390.0,24613.0,11166.0
2025-02-12,2025,159627.0,305743.5,203829,135112.0,0.0,0.0,2.0,38.0,377.0,3672.0,36677.0,16172.0
2025-02-13,2025,19515.0,41089.5,27393,21259.5,0.0,0.0,2.0,3.0,57.0,496.0,4869.0,2201.0
2025-02-14,2025,268282.0,519012.0,346008,235406.0,0.0,0.0,7.0,57.0,648.0,6231.0,61428.0,28690.0
2025-02-15,2025,182730.0,328864.5,219243,151684.0,0.0,0.0,5.0,37.0,400.0,4020.0,39742.0,17800.0
2025-02-16,2025,3713.0,11349.0,7566,5037.5,0.0,0.0,0.0,1.0,15.0,140.0,1366.0,737.0
2025-02-17,2025,20580.0,42450.0,28300,18617.0,0.0,0.0,0.0,6.0,37.0,504.0,5091.0,2650.0
2025-02-18,2025,92586.0,176994.0,117996,79187.5,0.0,0.0,2.0,16.0,213.0,2090.0,21246.0,9857.0
2025-02-19,2025,144040.0,272992.5,181995,118153.0,0.0,0.0,0.0,30.0,323.0,3316.0,32984.0,15430.0
2025-02-20,2025,20155.0,42417.0,28278,17866.5,0.0,0.0,0.0,4.0,48.0,557.0,4965.0,2261.0
2025-02-21,2025,132391.0,248674.5,165783,105733.5,0.0,0.0,0.0,24.0,278.0,2967.0,30190.0,13439.0
2025-02-22,2025,181225.0,325951.5,217301,149532.0,0.0,0.0,5.0,41.0,413.0,3915.0,39270.0,16638.0
2025-02-23,2025,3787.0,12168.0,8112,5445.0,0.0,0.0,0.0,2.0,25.0,132.0,1473.0,626.0
2025-02-24,2025,20184.0,42439.5,28293,18088.5,0.0,0.0,0.0,3.0,60.0,547.0,5105.0,2229.0
2025-02-25,2025,97510.0,187783.5,125189,89303.5,0.0,0.0,4.0,18.0,225.0,2254.0,22470.0,11329.0
2025-02-26,2025,122429.0,228936.0,152624,109784.5,0.0,0.0,5.0,31.0,257.0,2791.0,27959.0,12381.0
2025-02-27,2025,22820.0,48850.5,32567,25141.5,0.0,0.0,2.0,6.0,67.0,581.0,5785.0,2751.0
2025-02-28,2025,145447.0,276412.5,184275,127095.0,0.0,0.0,5.0,33.0,279.0,3307.0,32724.0,15288.0
2025-03-01,2025,188326.0,340297.5,226865,161132.5,0.0,0.0,7.0,34.0,421.0,4165.0,40927.0,19489.0
2025-03-02,2025,3886.0,12523.5,8349,5151.0,0.0,0.0,0.0,1.0,12.0,152.0,1497.0,638.0
2025-03-03,2025,21791.0,45919.5,30613,19540.5,0.0,0.0,0.0,4.0,58.0,585.0,5452.0,2501.0
2025-03-04,2025,98692.0,190744.5,127163,88282.5,0.0,0.0,2.0,32.0,239.0,2313.0,22821.0,10597.0
2025-03-05,2025,128958.0,242176.5,161451,108777.5,0.0,0.0,2.0,37.0,290.0,2954.0,29106.0,12397.0
2025-03-06,2025,21226.0,45268.5,30179,22863.5,0.0,0.0,2.0,5.0,44.0,527.0,5480.0,2259.0
2025-03-07,2025,252962.0,509766.0,339844,242363.0,0.0,0.0,9.0,75.0,647.0,6090.0,61442.0,28726.0
2025-03-08,2025,194015.0,352690.5,235127,157546.5,0.0,0.0,4.0,42.0,408.0,4198.0,42445.0,18071.0
2025-03-09,2025,4016.0,12720.0,8480,5506.0,0.0,0.0,0.0,1.0,15.0,153.0,1591.0,706.0
2025-03-10,2025,26026.0,54480.0,36320,24815.5,0.0,0.0,0.0,14.0,78.0,643.0,6500.0,2827.0
2025-03-11,2025,161061.0,328366.5,218911,140758.5,0.0,0.0,1.0,30.0,384.0,4027.0,39514.0,17277.0
2025-03-12,2025,124092.0,232495.5,154997,108424.5,0.0,0.0,4.0,27.0,264.0,2928.0,27635.0,13223.0
2025-03-13,2025,23283.0,49167.0,32778,21245.5,0.0,0.0,0.0,4.0,56.0,605.0,5928.0,2963.0
2025-03-14,2025,215852.0,431245.5,287497,196448.0,0.0,0.0,6.0,51.0,496.0,5293.0,51926.0,22674.0
2025-03-15,2025,187827.0,339307.5,226205,158105.0,0.0,0.0,6.0,34.0,402.0,4012.0,41396.0,18942.0
2025-03-16,2025,3882.0,12399.0,8266,5412.0,0.0,0.0,0.0,1.0,19.0,141.0,1498.0,754.0
2025-03-17,2025,23318.0,48735.0,32490,19512.0,0.0,0.0,0.0,0.0,45.0,564.0,5940.0,2608.0
2025-03-18,2025,166291.0,338244.0,225496,156564.5,0.0,0.0,6.0,39.0,400.0,4047.0,40155.0,18813.0
2025-03-19,2025,121272.0,226639.5,151093,96338.0,0.0,0.0,0.0,21.0,281.0,2688.0,26954.0,12780.0
2025-03-20,2025,22058.0,45919.5,30613,18829.0,0.0,0.0,0.0,2.0,53.0,512.0,5483.0,2562.0
2025-03-21,2025,226216.0,455184.0,303456,203607.5,0.0,0.0,4.0,47.0,553.0,5542.0,54086.0,26177.0
2025-03-22,2025,180493.0,324877.5,216585,171763.0,0.0,1.0,5.0,43.0,376.0,3885.0,39063.0,18728.0
2025-03-23,2025,4016.0,13005.0,8670,5462.5,0.0,0.0,0.0,2.0,16.0,142.0,1474.0,723.0
2025-03-24,2025,23043.0,48645.0,32430,21540.0,0.0,0.0,0.0,7.0,64.0,600.0,5704.0,2968.0
2025-03-25,2025,204294.0,423615.0,282410,194774.0,0.0,0.0,5.0,52.0,511.0,4918.0,50834.0,25264.0
2025-03-26,2025,126736.0,237798.0,158532,108281.0,0.0,0.0,2.0,29.0,286.0,2906.0,28197.0,14558.0
2025-03-27,2025,24163.0,51601.5,34401,24237.0,0.0,0.0,1.0,7.0,58.0,598.0,6197.0,2862.0
2025-03-28,2025,320476.0,671064.0,447376,325985.0,0.0,1.0,7.0,83.0,795.0,8071.0,80717.0,38464.0
2025-03-29,2025,195714.0,357376.5,238251,169984.0,0.0,0.0,6.0,49.0,436.0,4455.0,43677.0,19890.0
2025-03-30,2025,4118.0,13785.0,9190,7645.5,0.0,0.0,1.0,1.0,21.0,140.0,1613.0,733.0
2025-03-31,2025,26095.0,56631.0,37754,24686.0,0.0,0.0,0.0,5.0,85.0,707.0,6836.0,3186.0
2025-04-01,2025,111474.0,222507.0,148338,111772.5,0.0,0.0,6.0,37.0,269.0,2655.0,26676.0,13577.0
2025-04-02,2025,122410.0,230781.0,153854,102602.5,0.0,0.0,1.0,28.0,270.0,2906.0,27808.0,12971.0
2025-04-03,2025,23639.0,50923.5,33949,21454.5,0.0,0.0,0.0,2.0,74.0,606.0,6125.0,2863.0
2025-04-04,2025,147651.0,281931.0,187954,125997.0,0.0,0.0,2.0,36.0,337.0,3296.0,33922.0,15822.0
2025-04-05,2025,183389.0,331108.5,220739,148009.0,0.0,0.0,2.0,35.0,423.0,4064.0,39863.0,19002.0
2025-04-06,2025,4165.0,14193.0,9462,6219.0,0.0,0.0,0.0,3.0,17.0,149.0,1694.0,764.0
2025-04-07,2025,23680.0,50080.5,33387,24432.5,0.0,0.0,1.0,8.0,73.0,597.0,6093.0,2801.0
2025-04-08,2025,101535.0,197374.5,131583,87507.0,0.0,0.0,1.0,29.0,207.0,2390.0,23755.0,10738.0
2025-04-09,2025,123608.0,232081.5,154721,106553.0,0.0,0.0,4.0,26.0,277.0,2713.0,27335.0,13052.0
2025-04-10,2025,22594.0,48087.0,32058,21312.0,0.0,0.0,0.0,8.0,60.0,602.0,5855.0,2528.0
2025-04-11,2025,140853.0,267498.0,178332,117854.0,0.0,0.0,1.0,33.0,312.0,3156.0,32190.0,15236.0
2025-04-12,2025,183296.0,331320.0,220880,151831.0,0.0,0.0,4.0,34.0,399.0,3987.0,39378.0,20240.0
2025-04-13,2025,4075.0,13750.5,9167,5979.0,0.0,0.0,0.0,1.0,21.0,169.0,1651.0,808.0
2025-04-14,2025,22057.0,46842.0,31228,20549.5,0.0,0.0,0.0,3.0,65.0,581.0,5722.0,2867.0
2025-04-15,2025,101693.0,197092.5,131395,82035.0,0.0,0.0,0.0,18.0,214.0,2374.0,23500.0,10190.0
2025-04-16,2025,130467.0,246246.0,164164,112958.5,0.0,0.0,4.0,23.0,288.0,2925.0,29543.0,13925.0
2025-04-17,2025,21379.0,45901.5,30601,20149.5,0.0,0.0,0.0,6.0,57.0,595.0,5459.0,2611.0
2025-04-18,2025,143495.0,273051.0,182034,116929.5,0.0,0.0,1.0,30.0,300.0,3178.0,32527.0,14657.0
2025-04-19,2025,176872.0,318412.5,212275,148449.0,0.0,0.0,6.0,40.0,379.0,3798.0,37729.0,17614.0
2025-04-20,2025,3999.0,13317.0,8878,5638.0,0.0,0.0,0.0,2.0,9.0,166.0,1547.0,756.0
2025-04-21,2025,20437.0,44502.0,29668,19862.0,0.0,0.0,0.0,9.0,58.0,522.0,5391.0,2340.0
2025-04-22,2025,98069.0,191916.0,127944,106629.5,0.0,1.0,2.0,23.0,240.0,2275.0,23116.0,10415.0
2025-04-23,2025,118357.0,223627.5,149085,98186.5,0.0,0.0,0.0,27.0,282.0,2781.0,26963.0,12877.0
2025-04-24,2025,21421.0,46773.0,31182,22171.0,0.0,0.0,1.0,6.0,46.0,578.0,5719.0,2482.0
2025-04-25,2025,187586.0,369405.0,246270,171279.0,0.0,0.0,5.0,44.0,472.0,4473.0,44014.0,21764.0
2025-04-26,2025,184031.0,336019.5,224013,152176.0,0.0,0.0,4.0,44.0,396.0,4086.0,40484.0,17372.0
2025-04-27,2025,4252.0,14089.5,9393,5982.0,0.0,0.0,0.0,0.0,24.0,168.0,1665.0,888.0
2025-04-28,2025,21909.0,47107.5,31405,20170.0,0.0,0.0,0.0,6.0,41.0,544.0,5720.0,2660.0
2025-04-29,2025,112999.0,223005.0,148670,102843.0,0.0,0.0,3.0,29.0,279.0,2751.0,27031.0,11764.0
2025-04-30,2025,126692.0,238665.0,159110,109527.5,0.0,0.0,4.0,24.0,257.0,2852.0,28463.0,13601.0
2025-05-01,2025,19335.0,41796.0,27864,17479.5,0.0,0.0,0.0,4.0,55.0,506.0,4943.0,2109.0
2025-05-02,2025,149161.0,290247.0,193498,155055.0,0.0,1.0,5.0,41.0,338.0,3459.0,34955.0,15260.0
2025-05-03,2025,183802.0,341593.5,227729,166180.0,0.0,0.0,10.0,46.0,389.0,4125.0,40714.0,18098.0
2025-05-04,2025,4333.0,14595.0,9730,6189.0,0.0,0.0,0.0,1.0,18.0,182.0,1815.0,726.0
2025-05-05,2025,24603.0,52506.0,35004,24182.5,0.0,0.0,1.0,6.0,69.0,585.0,6298.0,2721.0
2025-05-06,2025,126127.0,251209.5,167473,115043.0,0.0,0.0,4.0,28.0,294.0,2972.0,30078.0,13698.0
2025-05-07,2025,139758.0,267523.5,178349,148009.0,0.0,1.0,6.0,30.0,306.0,3240.0,32221.0,15498.0
2025-05-08,2025,23271.0,51232.5,34155,25113.5,0.0,0.0,1.0,6.0,95.0,626.0,6344.0,2797.0
2025-05-09,2025,172252.0,338061.0,225374,149036.5,0.0,0.0,2.0,37.0,452.0,3971.0,40159.0,18949.0
2025-05-10,2025,200598.0,368982.0,245988,184250.5,0.0,1.0,4.0,41.0,412.0,4374.0,44601.0,19159.0
2025-05-11,2025,4315.0,14469.0,9646,6127.0,0.0,0.0,0.0,1.0,16.0,192.0,1710.0,818.0
2025-05-12,2025,22840.0,49158.0,32772,20560.0,0.0,0.0,0.0,2.0,66.0,591.0,5922.0,2694.0
2025-05-13,2025,132359.0,264769.5,176513,116423.0,0.0,0.0,2.0,22.0,356.0,3172.0,31642.0,14506.0
2025-05-14,2025,126181.0,238807.5,159205,109326.0,0.0,0.0,4.0,24.0,292.0,2843.0,28349.0,13182.0
2025-05-15,2025,22052.0,47896.5,31931,22377.0,0.0,0.0,1.0,4.0,67.0,566.0,5695.0,2678.0
2025-05-16,2025,178771.0,351826.5,234551,159890.5,0.0,0.0,4.0,39.0,403.0,4244.0,42274.0,20175.0
2025-05-17,2025,186748.0,339670.5,226447,148952.5,0.0,0.0,1.0,51.0,451.0,4114.0,40922.0,16879.0
2025-05-18,2025,4261.0,14203.5,9469,6016.5,0.0,0.0,0.0,1.0,14.0,172.0,1715.0,831.0
2025-05-19,2025,25294.0,54030.0,36020,23010.0,0.0,0.0,0.0,4.0,70.0,633.0,6568.0,3006.0
2025-05-20,2025,138338.0,277114.5,184743,124949.5,0.0,0.0,3.0,27.0,348.0,3308.0,33435.0,15453.0
2025-05-21,2025,129720.0,246660.0,164440,111269.0,0.0,0.0,1.0,31.0,309.0,2977.0,29707.0,15060.0
2025-05-22,2025,25672.0,56784.0,37856,25612.0,0.0,0.0,1.0,3.0,77.0,646.0,6823.0,3064.0
2025-05-23,2025,187654.0,370645.5,247097,166276.5,0.0,0.0,2.0,40.0,445.0,4568.0,44595.0,22231.0
2025-05-24,2025,186926.0,342280.5,228187,155575.0,0.0,0.0,5.0,34.0,420.0,4222.0,40726.0,18542.0
2025-05-25,2025,4527.0,15880.5,10587,6448.5,0.0,0.0,0.0,0.0,19.0,188.0,1902.0,883.0
2025-05-26,2025,26543.0,57780.0,38520,29432.5,0.0,0.0,2.0,8.0,65.0,708.0,6785.0,3615.0
2025-05-27,2025,173262.0,356677.5,237785,154158.0,0.0,0.0,2.0,29.0,403.0,4211.0,42938.0,19578.0
2025-05-28,2025,133115.0,252141.0,168094,115090.0,0.0,0.0,4.0,26.0,274.0,2956.0,29955.0,14480.0
2025-05-29,2025,25055.0,54141.0,36094,24841.5,0.0,0.0,1.0,4.0,69.0,658.0,6351.0,3113.0
2025-05-30,2025,233526.0,476020.5,317347,219348.0,0.0,0.0,8.0,58.0,565.0,5567.0,56688.0,26158.0
2025-05-31,2025,211808.0,396906.0,264604,173480.5,0.0,0.0,2.0,40.0,459.0,4619.0,47436.0,22889.0
2025-06-01,2025,4460.0,15621.0,10414,6623.5,0.0,0.0,0.0,1.0,22.0,171.0,1857.0,943.0
2025-06-02,2025,28827.0,62298.0,41532,28228.0,0.0,0.0,0.0,9.0,80.0,766.0,7637.0,3816.0
2025-06-03,2025,212955.0,441013.5,294009,224891.0,0.0,1.0,6.0,48.0,522.0,5467.0,52931.0,26436.0
2025-06-04,2025,137669.0,261675.0,174450,119747.5,0.0,0.0,4.0,28.0,310.0,3208.0,31645.0,13745.0
2025-06-05,2025,28203.0,61755.0,41170,29665.0,0.0,0.0,2.0,3.0,86.0,771.0,7393.0,3136.0
2025-06-06,2025,296629.0,615289.5,410193,282173.5,0.0,0.0,8.0,78.0,745.0,7378.0,73750.0,34189.0
2025-06-07,2025,200405.0,367485.0,244990,160469.0,0.0,0.0,3.0,43.0,393.0,4440.0,44052.0,18470.0
2025-06-08,2025,4505.0,15484.5,10323,7179.5,0.0,0.0,0.0,4.0,17.0,172.0,1962.0,837.0
2025-06-09,2025,26253.0,56005.5,37337,25813.5,0.0,0.0,1.0,3.0,90.0,653.0,6669.0,3207.0
2025-06-10,2025,206472.0,434811.0,289874,217617.5,0.0,1.0,5.0,52.0,524.0,5241.0,52153.0,24151.0
2025-06-11,2025,134792.0,256257.0,170838,118191.5,0.0,0.0,4.0,24.0,320.0,3075.0,30970.0,14451.0
2025-06-12,2025,25662.0,55476.0,36984,26608.0,0.0,0.0,1.0,8.0,79.0,702.0,6706.0,3004.0
2025-06-13,2025,425187.0,855391.5,570261,391588.5,0.0,0.0,12.0,96.0,1033.0,10287.0,102848.0,47065.0
2025-06-14,2025,209648.0,388911.0,259274,176178.0,0.0,0.0,4.0,58.0,480.0,4661.0,46595.0,20322.0
2025-06-15,2025,4429.0,15070.5,10047,6902.0,0.0,0.0,0.0,2.0,21.0,212.0,1875.0,848.0
2025-06-16,2025,27691.0,59311.5,39541,25647.0,0.0,0.0,0.0,5.0,84.0,751.0,7119.0,3316.0
2025-06-17,2025,197590.0,409593.0,273062,191699.0,0.0,0.0,9.0,39.0,529.0,4956.0,49209.0,21414.0
2025-06-18,2025,150286.0,286804.5,191203,152731.5,0.0,1.0,3.0,34.0,352.0,3450.0,34527.0,17725.0
2025-06-19,2025,23702.0,51451.5,34301,20897.0,0.0,0.0,0.0,3.0,59.0,565.0,6154.0,2656.0
2025-06-20,2025,148376.0,283704.0,189136,126570.0,0.0,0.0,3.0,34.0,343.0,3392.0,33806.0,14892.0
2025-06-21,2025,203104.0,375034.5,250023,164662.0,0.0,0.0,2.0,47.0,437.0,4423.0,44692.0,20682.0
2025-06-22,2025,4467.0,15241.5,10161,6388.0,0.0,0.0,0.0,2.0,11.0,166.0,1875.0,792.0
2025-06-23,2025,22799.0,50691.0,33794,24035.5,0.0,0.0,1.0,6.0,65.0,627.0,6011.0,2919.0
2025-06-24,2025,108197.0,212160.0,141440,100029.0,0.0,0.0,3.0,36.0,272.0,2588.0,25391.0,11778.0
2025-06-25,2025,153645.0,295674.0,197116,133066.5,0.0,0.0,3.0,33.0,333.0,3533.0,35428.0,16857.0
2025-06-26,2025,22443.0,49753.5,33169,20488.5,0.0,0.0,0.0,3.0,47.0,584.0,5894.0,2827.0
2025-06-27,2025,148181.0,283261.5,188841,126043.0,0.0,0.0,2.0,32.0,347.0,3390.0,33938.0,15918.0
2025-06-28,2025,234979.0,443892.0,295928,203590.5,0.0,0.0,6.0,66.0,566.0,5380.0,53199.0,22515.0
2025-06-29,2025,4712.0,16528.5,11019,9190.0,0.0,0.0,1.0,2.0,21.0,205.0,2023.0,866.0
2025-06-30,2025,23611.0,52806.0,35204,42233.5,0.0,1.0,0.0,2.0,72.0,622.0,6466.0,2901.0
2025-07-01,2025,108305.0,213516.0,142344,98156.5,0.0,0.0,2.0,36.0,265.0,2649.0,25760.0,11261.0
2025-07-02,2025,125144.0,240195.0,160130,111562.5,0.0,0.0,3.0,27.0,291.0,2832.0,28953.0,14851.0
2025-07-03,2025,22706.0,51105.0,34070,22805.5,0.0,0.0,0.0,12.0,67.0,576.0,6106.0,2649.0
2025-07-04,2025,148545.0,288982.5,192655,132120.5,0.0,0.0,5.0,30.0,344.0,3447.0,34407.0,15461.0
2025-07-05,2025,189437.0,348592.5,232395,166635.0,0.0,0.0,8.0,41.0,425.0,4081.0,41813.0,19936.0
2025-07-06,2025,4975.0,18676.5,12451,10153.0,0.0,0.0,1.0,3.0,19.0,222.0,2196.0,1114.0
2025-07-07,2025,23444.0,54138.0,36092,46220.5,0.0,1.0,1.0,7.0,76.0,685.0,6651.0,3049.0
2025-07-08,2025,109808.0,218520.0,145680,94692.5,0.0,0.0,0.0,24.0,273.0,2801.0,26126.0,12117.0
2025-07-09,2025,125548.0,238693.5,159129,107426.5,0.0,0.0,2.0,28.0,312.0,2849.0,28857.0,13085.0
2025-07-10,2025,24315.0,54321.0,36214,22963.0,0.0,0.0,0.0,5.0,58.0,674.0,6612.0,2806.0
2025-07-11,2025,145819.0,281002.5,187335,126562.5,0.0,0.0,2.0,34.0,348.0,3361.0,33965.0,16045.0
2025-07-12,2025,184421.0,336748.5,224499,1368007.5,1.0,0.0,10.0,37.0,373.0,4000.0,40838.0,20981.0
2025-07-13,2025,4180.0,13998.0,9332,7846.0,0.0,0.0,1.0,1.0,12.0,148.0,1697.0,848.0
2025-07-14,2025,24742.0,51741.0,34494,21685.5,0.0,0.0,0.0,5.0,47.0,641.0,6120.0,2867.0
2025-07-15,2025,108996.0,211798.5,141199,118966.5,0.0,1.0,4.0,20.0,225.0,2551.0,25234.0,12829.0
2025-07-16,2025,126951.0,237999.0,158666,113222.5,0.0,0.0,4.0,25.0,287.0,2866.0,28854.0,14963.0
2025-07-17,2025,23346.0,48261.0,32174,21647.5,0.0,0.0,0.0,7.0,64.0,590.0,5899.0,2813.0
2025-07-18,2025,149727.0,287640.0,191760,149160.0,0.0,1.0,3.0,29.0,361.0,3491.0,34323.0,16026.0
2025-07-19,2025,174999.0,314991.0,209994,144990.0,0.0,0.0,4.0,39.0,393.0,3861.0,38189.0,17098.0
2025-07-20,2025,3727.0,11686.5,7791,5312.0,0.0,0.0,0.0,2.0,16.0,151.0,1422.0,662.0
2025-07-21,2025,21990.0,45277.5,30185,18733.0,0.0,0.0,0.0,4.0,49.0,532.0,5360.0,2382.0
2025-07-22,2025,110956.0,219876.0,146584,105368.5,0.0,0.0,7.0,17.0,254.0,2605.0,26024.0,11877.0
2025-07-23,2025,117536.0,220371.0,146914,97863.0,0.0,0.0,2.0,20.0,241.0,2625.0,26479.0,12640.0
2025-07-24,2025,23446.0,49228.5,32819,21442.5,0.0,0.0,0.0,7.0,75.0,600.0,5924.0,2463.0
2025-07-25,2025,152204.0,292704.0,195136,134597.5,0.0,0.0,4.0,36.0,363.0,3523.0,35061.0,16267.0
2025-07-26,2025,196831.0,361300.5,240867,156486.0,0.0,0.0,1.0,38.0,442.0,4338.0,43193.0,19980.0
2025-07-27,2025,3910.0,12547.5,8365,5306.0,0.0,0.0,0.0,1.0,21.0,133.0,1553.0,610.0
2025-07-28,2025,23564.0,49198.5,32799,21102.5,0.0,0.0,0.0,4.0,64.0,579.0,5990.0,2765.0
2025-07-29,2025,122189.0,242091.0,161394,109006.5,0.0,0.0,3.0,24.0,300.0,2787.0,29250.0,13181.0
2025-07-30,2025,120306.0,224886.0,149924,99648.0,0.0,0.0,1.0,25.0,290.0,2809.0,26968.0,12578.0
2025-07-31,2025,23076.0,48309.0,32206,20816.0,0.0,0.0,0.0,5.0,55.0,629.0,5738.0,2730.0
2025-08-01,2025,167549.0,328590.0,219060,157347.0,0.0,0.0,8.0,45.0,371.0,3872.0,39192.0,18122.0
2025-08-02,2025,180614.0,326461.5,217641,144011.5,0.0,0.0,1.0,40.0,399.0,3918.0,39270.0,18601.0
2025-08-03,2025,4046.0,13200.0,8800,5796.5,0.0,0.0,0.0,1.0,20.0,153.0,1540.0,901.0
2025-08-04,2025,24168.0,50442.0,33628,23525.0,0.0,0.0,1.0,5.0,55.0,612.0,6072.0,2814.0
2025-08-05,2025,134679.0,269611.5,179741,123213.5,0.0,0.0,3.0,37.0,330.0,3220.0,32399.0,14877.0
2025-08-06,2025,126221.0,236692.5,157795,112544.0,0.0,0.0,4.0,35.0,309.0,2965.0,28569.0,12934.0
2025-08-07,2025,24206.0,50440.5,33627,23081.5,0.0,0.0,1.0,4.0,52.0,588.0,6113.0,2717.0
2025-08-08,2025,183751.0,365410.5,243607,167343.5,0.0,0.0,5.0,50.0,438.0,4308.0,44049.0,19297.0
2025-08-09,2025,186034.0,336852.0,224568,147553.0,0.0,0.0,2.0,41.0,431.0,3935.0,39822.0,18276.0
2025-08-10,2025,3950.0,12822.0,8548,5390.5,0.0,0.0,0.0,0.0,26.0,144.0,1548.0,703.0
2025-08-11,2025,25189.0,52425.0,34950,24023.0,0.0,0.0,1.0,5.0,72.0,590.0,6311.0,2674.0
2025-08-12,2025,151706.0,308118.0,205412,146653.5,0.0,0.0,6.0,44.0,349.0,3663.0,37149.0,17507.0
2025-08-13,2025,120630.0,225394.5,150263,102507.0,0.0,0.0,2.0,32.0,292.0,2700.0,26737.0,12862.0
2025-08-14,2025,25087.0,52660.5,35107,22746.5,0.0,0.0,0.0,5.0,58.0,653.0,6161.0,3333.0
2025-08-15,2025,184813.0,377388.0,251592,576512.5,1.0,0.0,4.0,41.0,486.0,4727.0,45712.0,23689.0
2025-08-16,2025,171691.0,310603.5,207069,142475.0,0.0,0.0,4.0,36.0,374.0,3744.0,37060.0,17970.0
2025-08-17,2025,3661.0,11433.0,7622,4451.0,0.0,0.0,0.0,0.0,9.0,136.0,1332.0,618.0
2025-08-18,2025,22484.0,46809.0,31206,42578.5,0.0,1.0,1.0,6.0,62.0,586.0,5583.0,2695.0
2025-08-19,2025,168935.0,346825.5,231217,179886.0,0.0,1.0,4.0,53.0,436.0,4156.0,41532.0,19148.0
2025-08-20,2025,122666.0,228910.5,152607,111269.5,0.0,0.0,6.0,26.0,324.0,2783.0,27589.0,12331.0
2025-08-21,2025,23280.0,48640.5,32427,20190.0,0.0,0.0,0.0,4.0,51.0,547.0,5812.0,2674.0
2025-08-22,2025,134312.0,254247.0,169498,110048.5,0.0,0.0,0.0,34.0,309.0,3063.0,30322.0,14073.0
2025-08-23,2025,182955.0,331636.5,221091,153145.0,0.0,0.0,3.0,42.0,428.0,3938.0,39697.0,20734.0
2025-08-24,2025,3984.0,12820.5,8547,6083.5,0.0,0.0,0.0,4.0,12.0,140.0,1634.0,717.0
2025-08-25,2025,22498.0,46546.5,31031,19391.0,0.0,0.0,0.0,4.0,43.0,554.0,5634.0,2462.0
2025-08-26,2025,101078.0,195582.0,130388,88386.0,0.0,0.0,2.0,22.0,245.0,2340.0,23593.0,10800.0
2025-08-27,2025,133532.0,250869.0,167246,122601.0,0.0,0.0,6.0,33.0,314.0,3030.0,30574.0,14282.0
2025-08-28,2025,22884.0,47695.5,31797,23967.0,0.0,0.0,2.0,3.0,54.0,549.0,5833.0,2584.0
2025-08-29,2025,141809.0,268749.0,179166,126274.0,0.0,0.0,5.0,31.0,343.0,3225.0,32389.0,14874.0
2025-08-30,2025,222423.0,413982.0,275988,188408.5,0.0,0.0,4.0,42.0,543.0,5072.0,50165.0,23639.0
2025-08-31,2025,4029.0,12850.5,8567,7295.5,0.0,0.0,1.0,1.0,16.0,143.0,1506.0,699.0
2025-09-01,2025,24499.0,50706.0,33804,27418.5,0.0,0.0,3.0,5.0,68.0,567.0,6140.0,2629.0
2025-09-02,2025,109318.0,211714.5,141143,91436.5,0.0,0.0,1.0,18.0,264.0,2616.0,25402.0,11115.0
2025-09-03,2025,144706.0,275347.5,183565,148504.5,0.0,1.0,5.0,42.0,337.0,3376.0,32674.0,14091.0
2025-09-04,2025,23442.0,49191.0,32794,20832.5,0.0,0.0,0.0,5.0,62.0,572.0,5848.0,2691.0
2025-09-05,2025,148618.0,284565.0,189710,128516.5,0.0,0.0,3.0,34.0,348.0,3474.0,34429.0,15019.0
2025-09-06,2025,182259.0,330039.0,220026,155119.0,0.0,0.0,7.0,33.0,402.0,3960.0,39637.0,18270.0
2025-09-07,2025,4058.0,13203.0,8802,5943.5,0.0,0.0,0.0,1.0,36.0,162.0,1596.0,681.0
2025-09-08,2025,23050.0,48300.0,32200,22680.5,0.0,0.0,1.0,5.0,47.0,587.0,5928.0,2633.0
2025-09-09,2025,99524.0,192066.0,128044,83946.0,0.0,0.0,1.0,16.0,232.0,2404.0,23033.0,10680.0
2025-09-10,2025,123797.0,231954.0,154636,104652.5,0.0,0.0,3.0,28.0,286.0,2760.0,27695.0,12095.0
2025-09-11,2025,22065.0,46395.0,30930,21220.0,0.0,0.0,1.0,4.0,55.0,549.0,5372.0,2554.0
2025-09-12,2025,136788.0,259048.5,172699,114649.0,0.0,0.0,1.0,38.0,294.0,3120.0,30992.0,14390.0
2025-09-13,2025,177737.0,320811.0,213874,189641.0,0.0,2.0,5.0,45.0,390.0,3865.0,38669.0,17452.0
2025-09-14,2025,4003.0,13056.0,8704,5905.5,0.0,0.0,0.0,3.0,20.0,134.0,1577.0,721.0
2025-09-15,2025,21884.0,45849.0,30566,23722.0,0.0,0.0,2.0,6.0,50.0,611.0,5405.0,2438.0
2025-09-16,2025,101208.0,195783.0,130522,113418.5,0.0,1.0,4.0,22.0,235.0,2220.0,23712.0,11863.0
2025-09-17,2025,121017.0,226545.0,151030,102365.0,0.0,0.0,2.0,29.0,278.0,2747.0,27302.0,12444.0
2025-09-18,2025,21172.0,44367.0,29578,22161.0,0.0,0.0,1.0,8.0,56.0,511.0,5376.0,2756.0
2025-09-19,2025,146983.0,279744.0,186496,130148.0,0.0,0.0,5.0,31.0,343.0,3461.0,33325.0,15422.0
2025-09-20,2025,174775.0,314823.0,209882,162397.0,0.0,1.0,5.0,33.0,360.0,3723.0,37760.0,16308.0
2025-09-21,2025,3954.0,13131.0,8754,6408.5,0.0,0.0,0.0,5.0,18.0,160.0,1606.0,691.0
2025-09-22,2025,21801.0,46162.5,30775,22233.5,0.0,0.0,1.0,4.0,63.0,548.0,5682.0,2713.0
2025-09-23,2025,109169.0,213201.0,142134,119458.0,0.0,1.0,4.0,22.0,263.0,2549.0,25390.0,12182.0
2025-09-24,2025,118632.0,222280.5,148187,108088.5,0.0,0.0,4.0,34.0,259.0,2621.0,27085.0,13889.0
2025-09-25,2025,21962.0,46375.5,30917,19550.0,0.0,0.0,0.0,6.0,51.0,532.0,5376.0,2612.0
2025-09-26,2025,240417.0,478725.0,319150,237095.5,0.0,1.0,4.0,63.0,561.0,5576.0,57397.0,28401.0
2025-09-27,2025,208312.0,384247.5,256165,178464.5,0.0,0.0,6.0,45.0,455.0,4598.0,46497.0,21587.0
2025-09-28,2025,4190.0,13972.5,9315,6207.0,0.0,0.0,0.0,3.0,17.0,158.0,1658.0,774.0
2025-09-29,2025,25240.0,52849.5,35233,24046.0,0.0,0.0,1.0,4.0,65.0,658.0,6312.0,2688.0
2025-09-30,2025,104475.0,204607.5,136405,90185.0,0.0,0.0,1.0,28.0,219.0,2405.0,24684.0,11208.0
2025-10-01,2025,128341.0,242191.5,161461,112037.5,0.0,0.0,5.0,26.0,299.0,2834.0,28962.0,12509.0
2025-10-02,2025,36399.0,76174.5,50783,34822.0,0.0,0.0,1.0,5.0,95.0,890.0,9199.0,4716.0
2025-10-03,2025,146154.0,278461.5,185641,126617.5,0.0,0.0,4.0,33.0,334.0,3378.0,33147.0,14769.0
2025-10-04,2025,183457.0,333154.5,222103,157298.5,0.0,0.0,7.0,40.0,410.0,3993.0,39847.0,18293.0
2025-10-05,2025,4258.0,14235.0,9490,6097.5,0.0,0.0,0.0,2.0,21.0,164.0,1658.0,761.0
2025-10-06,2025,38076.0,77691.0,51794,35203.5,0.0,0.0,1.0,8.0,81.0,952.0,9371.0,4321.0
2025-10-07,2025,101706.0,197742.0,131828,84082.5,0.0,0.0,0.0,19.0,225.0,2298.0,23603.0,11391.0
2025-10-08,2025,122668.0,230820.0,153880,97431.5,0.0,0.0,1.0,20.0,250.0,2774.0,27415.0,11821.0
2025-10-09,2025,36073.0,73830.0,49220,35578.5,0.0,0.0,2.0,8.0,87.0,886.0,8854.0,4067.0
2025-10-10,2025,143931.0,273562.5,182375,119746.0,0.0,0.0,2.0,19.0,314.0,3338.0,33079.0,15212.0
2025-10-11,2025,185365.0,335865.0,223910,152813.0,0.0,0.0,4.0,40.0,419.0,4040.0,39895.0,18962.0
2025-10-12,2025,4133.0,13621.5,9081,5632.5,0.0,0.0,0.0,1.0,16.0,156.0,1645.0,695.0
2025-10-13,2025,35251.0,72009.0,48006,31434.0,0.0,0.0,0.0,8.0,91.0,889.0,8468.0,4422.0
2025-10-14,2025,97511.0,189100.5,126067,84270.5,0.0,0.0,2.0,16.0,224.0,2296.0,22894.0,10215.0
2025-10-15,2025,127457.0,240175.5,160117,132605.0,0.0,1.0,4.0,22.0,277.0,2916.0,28860.0,14910.0
2025-10-16,2025,32127.0,65911.5,43941,27015.0,0.0,0.0,0.0,3.0,58.0,798.0,7982.0,3534.0
2025-10-17,2025,138248.0,261370.5,174247,136927.5,0.0,1.0,3.0,29.0,282.0,3249.0,31227.0,13859.0
2025-10-18,2025,189224.0,343104.0,228736,194027.0,0.0,2.0,4.0,43.0,408.0,4151.0,40231.0,18700.0
2025-10-19,2025,4050.0,12967.5,8645,5731.0,0.0,0.0,0.0,2.0,16.0,153.0,1571.0,736.0
2025-10-20,2025,31912.0,64977.0,43318,26455.5,0.0,0.0,0.0,4.0,74.0,750.0,7647.0,3421.0
2025-10-21,2025,100293.0,195964.5,130643,88163.0,0.0,0.0,1.0,21.0,241.0,2325.0,23741.0,12024.0
2025-10-22,2025,133337.0,253213.5,168809,117316.5,0.0,0.0,4.0,27.0,316.0,3018.0,30712.0,14055.0
2025-10-23,2025,30016.0,62197.5,41465,26446.5,0.0,0.0,0.0,5.0,78.0,722.0,7610.0,3371.0
2025-10-24,2025,143151.0,273805.5,182537,118500.0,0.0,0.0,1.0,31.0,345.0,3256.0,32676.0,14512.0
2025-10-25,2025,216810.0,405259.5,270173,196057.0,0.0,0.0,11.0,52.0,467.0,4926.0,49311.0,20710.0
2025-10-26,2025,4366.0,14961.0,9974,6218.5,0.0,0.0,0.0,1.0,15.0,164.0,1856.0,791.0
2025-10-27,2025,31695.0,65221.5,43481,30090.5,0.0,0.0,1.0,9.0,75.0,762.0,7737.0,3671.0
2025-10-28,2025,105883.0,207895.5,138597,91430.0,0.0,0.0,0.0,26.0,258.0,2516.0,25260.0,11980.0
2025-10-29,2025,119697.0,225090.0,150060,100944.0,0.0,0.0,2.0,26.0,275.0,2730.0,26805.0,12656.0
2025-10-30,2025,30644.0,64039.5,42693,27207.5,0.0,0.0,0.0,7.0,76.0,761.0,7629.0,3483.0
2025-10-31,2025,153073.0,296985.0,197990,130927.0,0.0,0.0,2.0,33.0,343.0,3495.0,35267.0,16972.0
2025-11-01,2025,175460.0,319819.5,213213,145514.5,0.0,0.0,4.0,34.0,398.0,3834.0,38236.0,18075.0
2025-11-02,2025,4388.0,15232.5,10155,6311.0,0.0,0.0,0.0,1.0,14.0,175.0,1908.0,760.0
2025-11-03,2025,31837.0,67177.5,44785,30975.0,0.0,0.0,1.0,8.0,83.0,826.0,8013.0,3706.0
2025-11-04,2025,111792.0,221860.5,147907,116608.5,0.0,1.0,1.0,26.0,228.0,2636.0,26718.0,12155.0
2025-11-05,2025,128686.0,243444.0,162296,130396.5,0.0,1.0,3.0,32.0,274.0,2941.0,29302.0,12805.0
2025-11-06,2025,31912.0,67099.5,44733,31823.0,0.0,0.0,1.0,8.0,75.0,822.0,8194.0,4150.0
2025-11-07,2025,160336.0,312471.0,208314,150280.5,0.0,0.0,8.0,38.0,341.0,3894.0,37467.0,16971.0
2025-11-08,2025,194644.0,355588.5,237059,163532.0,0.0,0.0,7.0,26.0,412.0,4236.0,43077.0,19172.0
2025-11-09,2025,4369.0,14601.0,9734,5837.0,0.0,0.0,0.0,0.0,19.0,164.0,1768.0,734.0
2025-11-10,2025,31003.0,64515.0,43010,29132.5,0.0,0.0,1.0,6.0,53.0,744.0,7568.0,4011.0
2025-11-11,2025,111101.0,221526.0,147684,97624.0,0.0,0.0,1.0,27.0,291.0,2637.0,26944.0,11554.0
2025-11-12,2025,127095.0,241609.5,161073,149638.5,0.0,2.0,4.0,23.0,302.0,2831.0,28170.0,13669.0
2025-11-13,2025,28052.0,59410.5,39607,27321.5,0.0,0.0,1.0,6.0,67.0,700.0,7270.0,3161.0
2025-11-14,2025,173262.0,338512.5,225675,162168.5,0.0,0.0,6.0,51.0,416.0,4067.0,41244.0,19217.0
2025-11-15,2025,184152.0,336145.5,224097,178335.5,0.0,1.0,6.0,44.0,395.0,3966.0,40622.0,19041.0
2025-11-16,2025,4338.0,14902.5,9935,8460.5,0.0,0.0,1.0,2.0,19.0,189.0,1794.0,765.0
2025-11-17,2025,29614.0,61302.0,40868,26703.0,0.0,0.0,0.0,5.0,76.0,751.0,7268.0,3928.0
2025-11-18,2025,128865.0,255880.5,170587,131804.0,0.0,1.0,1.0,30.0,283.0,3174.0,30643.0,13992.0
2025-11-19,2025,121737.0,228777.0,152518,900346.5,1.0,0.0,1.0,25.0,255.0,2733.0,27552.0,12985.0
2025-11-20,2025,26769.0,54327.0,36218,23093.0,0.0,0.0,0.0,2.0,75.0,612.0,6749.0,3090.0
2025-11-21,2025,174633.0,340069.5,226713,151010.0,0.0,0.0,2.0,42.0,388.0,4235.0,40604.0,18978.0
2025-11-22,2025,189318.0,342784.5,228523,184441.5,0.0,1.0,8.0,46.0,424.0,4161.0,41641.0,17783.0
2025-11-23,2025,4037.0,13125.0,8750,5713.5,0.0,0.0,0.0,1.0,12.0,153.0,1595.0,879.0
2025-11-24,2025,28622.0,58467.0,38978,26398.0,0.0,0.0,1.0,4.0,78.0,665.0,6946.0,3214.0
2025-11-25,2025,134021.0,266053.5,177369,122967.5,0.0,0.0,3.0,40.0,337.0,3272.0,31932.0,14669.0
2025-11-26,2025,120127.0,225514.5,150343,101930.0,0.0,0.0,3.0,27.0,281.0,2614.0,26827.0,12124.0
2025-11-27,2025,27709.0,57180.0,38120,26029.5,0.0,0.0,1.0,4.0,84.0,669.0,6730.0,3163.0
2025-11-28,2025,200431.0,395568.0,263712,176000.5,0.0,0.0,3.0,45.0,485.0,4726.0,47672.0,21551.0
2025-11-29,2025,205211.0,377773.5,251849,166864.5,0.0,0.0,3.0,27.0,473.0,4542.0,45469.0,21571.0
2025-11-30,2025,4059.0,13323.0,8882,5919.5,0.0,0.0,0.0,2.0,8.0,174.0,1665.0,773.0
2025-12-01,2025,31149.0,63718.5,42479,30498.0,0.0,0.0,1.0,12.0,71.0,803.0,7672.0,3546.0
2025-12-02,2025,109070.0,212608.5,141739,92777.0,0.0,0.0,0.0,29.0,249.0,2594.0,25719.0,11726.0
2025-12-03,2025,132463.0,250350.0,166900,111790.5,0.0,0.0,3.0,30.0,290.0,2993.0,29444.0,13425.0
2025-12-04,2025,28993.0,59776.5,39851,30299.5,0.0,0.0,2.0,11.0,71.0,691.0,7129.0,3311.0
2025-12-05,2025,231874.0,462013.5,308009,207391.5,0.0,0.0,3.0,65.0,537.0,5572.0,55752.0,25525.0
2025-12-06,2025,202291.0,370555.5,247037,167551.5,0.0,0.0,3.0,47.0,456.0,4438.0,44565.0,21141.0
2025-12-07,2025,4072.0,13459.5,8973,6234.0,0.0,0.0,0.0,2.0,24.0,145.0,1728.0,782.0
2025-12-08,2025,29510.0,60580.5,40387,25662.5,0.0,0.0,0.0,4.0,76.0,694.0,7345.0,3455.0
2025-12-09,2025,141995.0,282652.5,188435,153198.5,0.0,1.0,3.0,45.0,381.0,3452.0,33787.0,17163.0
2025-12-10,2025,142058.0,268657.5,179105,140713.0,0.0,1.0,3.0,30.0,354.0,3210.0,32446.0,13794.0
2025-12-11,2025,28246.0,58119.0,38746,24931.5,0.0,0.0,0.0,11.0,72.0,695.0,6785.0,2831.0
2025-12-12,2025,149539.0,284259.0,189506,129631.0,0.0,0.0,4.0,33.0,334.0,3338.0,34408.0,15230.0
2025-12-13,2025,208006.0,381712.5,254475,183535.0,0.0,0.0,8.0,56.0,443.0,4633.0,46120.0,21380.0
2025-12-14,2025,3852.0,12414.0,8276,5071.0,0.0,0.0,0.0,1.0,5.0,141.0,1499.0,712.0
2025-12-15,2025,27670.0,56460.0,37640,22820.5,0.0,0.0,0.0,4.0,59.0,707.0,6543.0,2813.0
2025-12-16,2025,106198.0,205678.5,137119,95817.0,0.0,0.0,3.0,23.0,257.0,2523.0,25100.0,11508.0
2025-12-17,2025,156887.0,301236.0,200824,157978.5,0.0,1.0,4.0,31.0,348.0,3673.0,36413.0,17085.0
2025-12-18,2025,26616.0,54600.0,36400,24353.5,0.0,0.0,0.0,7.0,81.0,689.0,6578.0,3155.0
2025-12-19,2025,151578.0,289135.5,192757,155257.5,0.0,1.0,4.0,38.0,378.0,3514.0,34924.0,16453.0
2025-12-20,2025,222585.0,414204.0,276136,185599.5,0.0,0.0,4.0,49.0,492.0,4936.0,49731.0,22545.0
2025-12-21,2025,4045.0,13675.5,9117,5418.5,0.0,0.0,0.0,0.0,19.0,146.0,1612.0,723.0
2025-12-22,2025,29171.0,60390.0,40260,27887.5,0.0,0.0,1.0,5.0,64.0,771.0,7264.0,3483.0
2025-12-23,2025,124203.0,243283.5,162189,109762.5,0.0,0.0,2.0,30.0,324.0,2843.0,29138.0,13861.0
2025-12-24,2025,363350.0,706660.5,471107,310082.5,0.0,0.0,4.0,77.0,855.0,8545.0,84109.0,39093.0
2025-12-25,2025,26345.0,54900.0,36600,27761.5,0.0,0.0,2.0,7.0,65.0,672.0,6621.0,2973.0
2025-12-26,2025,143954.0,283006.5,188671,135272.0,0.0,0.0,6.0,33.0,347.0,3421.0,34093.0,16294.0
2025-12-27,2025,194228.0,363411.0,242274,170990.0,0.0,0.0,7.0,35.0,417.0,4436.0,44006.0,20972.0
2025-12-28,2025,4043.0,13203.0,8802,5258.0,0.0,0.0,0.0,0.0,19.0,154.0,1532.0,696.0
2025-12-29,2025,29801.0,62242.5,41495,26874.0,0.0,0.0,0.0,8.0,72.0,773.0,7460.0,3366.0
2025-12-30,2025,119819.0,235258.5,156839,129614.0,0.0,1.0,4.0,31.0,285.0,2765.0,28271.0,12898.0
2025-12-31,2025,393050.0,783826.5,522551,361378.5,0.0,0.0,11.0,93.0,933.0,9447.0,94744.0,43597.0
2026-01-01,2026,29225.0,62517.0,41678,26450.5,0.0,0.0,0.0,3.0,70.0,784.0,7665.0,3467.0
2026-01-02,2026,139558.0,274831.5,183221,127018.0,0.0,0.0,4.0,36.0,306.0,3370.0,32877.0,15396.0
2026-01-03,2026,180019.0,335338.5,223559,151643.0,0.0,0.0,4.0,35.0,416.0,4006.0,40351.0,18394.0
2026-01-04,2026,4203.0,13678.5,9119,5492.0,0.0,0.0,0.0,2.0,13.0,135.0,1510.0,758.0
2026-01-05,2026,29079.0,61662.0,41108,28819.0,0.0,0.0,1.0,9.0,77.0,748.0,7216.0,3538.0
2026-01-06,2026,106574.0,210516.0,140344,107149.5,0.0,0.0,8.0,25.0,266.0,2552.0,25277.0,11677.0
2026-01-07,2026,119604.0,229012.5,152675,99283.5,0.0,0.0,0.0,29.0,261.0,2665.0,28095.0,12499.0
2026-01-08,2026,28014.0,59797.5,39865,26127.0,0.0,0.0,0.0,10.0,69.0,687.0,7091.0,3420.0
2026-01-09,2026,142777.0,277431.0,184954,126363.5,0.0,0.0,2.0,45.0,331.0,3300.0,33247.0,15833.0
2026-01-10,2026,183992.0,337740.0,225160,157345.0,0.0,0.0,6.0,38.0,391.0,3947.0,40638.0,19276.0
2026-01-11,2026,4558.0,15600.0,10400,8935.5,0.0,0.0,1.0,2.0,28.0,178.0,1888.0,873.0
2026-01-12,2026,27458.0,58122.0,38748,28172.5,0.0,0.0,1.0,13.0,65.0,678.0,7084.0,3143.0
2026-01-13,2026,108838.0,214105.5,142737,100500.0,0.0,0.0,3.0,32.0,238.0,2611.0,25892.0,12334.0
2026-01-14,2026,129823.0,246061.5,164041,135145.0,0.0,1.0,6.0,27.0,303.0,2833.0,29241.0,12692.0
2026-01-15,2026,25150.0,53028.0,35352,24027.0,0.0,0.0,1.0,3.0,64.0,608.0,6254.0,3066.0
2026-01-16,2026,147171.0,283255.5,188837,124937.5,0.0,0.0,2.0,27.0,360.0,3505.0,34001.0,15207.0
2026-01-17,2026,189390.0,346441.5,230961,154754.5,0.0,0.0,2.0,49.0,400.0,4084.0,41538.0,19639.0
2026-01-18,2026,4129.0,13672.5,9115,8227.5,0.0,0.0,1.0,4.0,12.0,155.0,1604.0,803.0
2026-01-19,2026,26090.0,55014.0,36676,23917.0,0.0,0.0,0.0,7.0,69.0,639.0,6658.0,3084.0
2026-01-20,2026,110789.0,217647.0,145098,93531.5,0.0,0.0,0.0,18.0,266.0,2657.0,26394.0,12359.0
2026-01-21,2026,135855.0,258865.5,172577,120769.0,0.0,0.0,5.0,26.0,303.0,3164.0,31310.0,14046.0
2026-01-22,2026,24876.0,52587.0,35058,24543.0,0.0,0.0,0.0,13.0,56.0,620.0,6340.0,3362.0
2026-01-23,2026,198915.0,401194.5,267463,207585.5,0.0,1.0,5.0,65.0,491.0,4873.0,48380.0,22427.0
2026-01-24,2026,204598.0,377709.0,251806,174657.0,0.0,0.0,5.0,48.0,447.0,4550.0,45701.0,21310.0
2026-01-25,2026,4535.0,15582.0,10388,7101.0,0.0,0.0,0.0,4.0,21.0,181.0,1813.0,900.0
2026-01-26,2026,27082.0,57742.5,38495,23349.0,0.0,0.0,0.0,1.0,68.0,676.0,6836.0,3158.0
2026-01-27,2026,123235.0,246151.5,164101,128826.0,0.0,1.0,3.0,22.0,301.0,2774.0,29164.0,13472.0
2026-01-28,2026,122222.0,231478.5,154319,102903.5,0.0,0.0,3.0,21.0,279.0,2697.0,27328.0,12655.0
2026-01-29,2026,25257.0,53926.5,35951,22639.5,0.0,0.0,0.0,5.0,62.0,601.0,6529.0,2891.0
2026-01-30,2026,169262.0,332104.5,221403,158294.5,0.0,0.0,6.0,47.0,400.0,4066.0,40471.0,18415.0
2026-01-31,2026,207110.0,386236.5,257491,185418.0,0.0,0.0,10.0,46.0,454.0,4705.0,46100.0,20942.0
2026-02-01,2026,4555.0,15493.5,10329,7271.5,0.0,0.0,0.0,4.0,24.0,189.0,1924.0,799.0
2026-02-02,2026,27170.0,58758.0,39172,26338.5,0.0,0.0,0.0,11.0,81.0,690.0,7108.0,3235.0
2026-02-03,2026,105295.0,208171.5,138781,93530.5,0.0,0.0,3.0,16.0,218.0,2526.0,25283.0,11183.0
2026-02-04,2026,136105.0,260466.0,173644,117930.0,0.0,0.0,3.0,30.0,321.0,3087.0,30921.0,14822.0
2026-02-05,2026,26731.0,58600.5,39067,26207.0,0.0,0.0,1.0,4.0,71.0,708.0,6774.0,3266.0
2026-02-06,2026,148536.0,287602.5,191735,130992.5,0.0,0.0,3.0,36.0,321.0,3339.0,34276.0,17417.0
2026-02-07,2026,197848.0,364020.0,242680,168563.5,0.0,0.0,5.0,46.0,460.0,4274.0,43997.0,20533.0
2026-02-08,2026,4508.0,15216.0,10144,6732.5,0.0,0.0,0.0,3.0,19.0,177.0,1827.0,809.0
2026-02-09,2026,27152.0,58414.5,38943,25254.0,0.0,0.0,0.0,9.0,61.0,657.0,7046.0,3238.0
2026-02-10,2026,109555.0,216319.5,144213,99822.5,0.0,0.0,3.0,23.0,267.0,2567.0,26208.0,12421.0
2026-02-11,2026,135349.0,257593.5,171729,120224.5,0.0,0.0,4.0,46.0,280.0,3091.0,30694.0,13721.0
2026-02-12,2026,26238.0,56635.5,37757,25140.5,0.0,0.0,0.0,8.0,64.0,729.0,6889.0,3225.0
2026-02-13,2026,360671.0,721438.5,480959,340054.0,0.0,0.0,14.0,86.0,829.0,8790.0,86958.0,40272.0
2026-02-14,2026,196746.0,363465.0,242310,186426.5,0.0,1.0,4.0,46.0,453.0,4452.0,44053.0,19867.0
2026-02-15,2026,4529.0,15466.5,10311,6372.5,0.0,0.0,0.0,0.0,20.0,201.0,1886.0,797.0
2026-02-16,2026,27810.0,59023.5,39349,26663.0,0.0,0.0,0.0,11.0,67.0,692.0,7385.0,3262.0
2026-02-17,2026,114817.0,229491.0,152994,105195.5,0.0,0.0,3.0,22.0,315.0,2735.0,27730.0,12907.0
2026-02-18,2026,146172.0,282546.0,188364,136315.5,0.0,0.0,7.0,25.0,348.0,3524.0,34586.0,15709.0
2026-02-19,2026,25651.0,56262.0,37508,24624.5,0.0,0.0,0.0,6.0,85.0,700.0,6794.0,3091.0
2026-02-20,2026,239047.0,491538.0,327692,220539.5,0.0,0.0,4.0,58.0,612.0,5887.0,59044.0,27451.0
2026-02-21,2026,188715.0,347640.0,231760,165330.5,0.0,0.0,6.0,49.0,428.0,4194.0,42214.0,19715.0
2026-02-22,2026,4635.0,15994.5,10663,7275.0,0.0,0.0,0.0,5.0,7.0,194.0,1906.0,902.0
2026-02-23,2026,28074.0,61705.5,41137,29189.5,0.0,0.0,1.0,10.0,67.0,785.0,7524.0,3251.0
2026-02-24,2026,159312.0,331218.0,220812,155479.0,0.0,0.0,6.0,44.0,385.0,3999.0,39611.0,18508.0
2026-02-25,2026,128481.0,243793.5,162529,110020.5,0.0,0.0,3.0,30.0,294.0,3029.0,28969.0,12705.0
2026-02-26,2026,26281.0,57970.5,38647,24688.5,0.0,0.0,0.0,6.0,76.0,676.0,6985.0,3079.0
2026-02-27,2026,216259.0,441756.0,294504,201801.0,0.0,0.0,7.0,52.0,551.0,5248.0,52531.0,23386.0
2026-02-28,2026,221098.0,415117.5,276745,198348.5,0.0,0.0,8.0,57.0,509.0,4823.0,49336.0,25321.0
2026-03-01,2026,4774.0,16630.5,11087,6902.5,0.0,0.0,0.0,2.0,12.0,187.0,2051.0,817.0
2026-03-02,2026,26999.0,58678.5,39119,24836.0,0.0,0.0,0.0,6.0,62.0,708.0,6944.0,3312.0
2026-03-03,2026,168767.0,350373.0,233582,174163.5,0.0,1.0,2.0,44.0,390.0,4101.0,41857.0,19563.0
2026-03-04,2026,127149.0,241390.5,160927,107151.5,0.0,0.0,2.0,34.0,288.0,2953.0,28749.0,12219.0
2026-03-05,2026,26274.0,57582.0,38388,28739.0,0.0,0.0,2.0,7.0,66.0,700.0,6978.0,3042.0
2026-03-06,2026,236929.0,493797.0,329198,1215083.5,1.0,0.0,2.0,61.0,585.0,5798.0,58789.0,27077.0
2026-03-07,2026,189175.0,343753.5,229169,161289.0,0.0,0.0,6.0,47.0,426.0,4075.0,41574.0,18564.0
2026-03-08,2026,4096.0,12853.5,8569,5345.5,0.0,0.0,0.0,0.0,18.0,162.0,1559.0,705.0
2026-03-09,2026,25338.0,52347.0,34898,22682.5,0.0,0.0,0.0,8.0,62.0,608.0,6209.0,2923.0
2026-03-10,2026,196025.0,414655.5,276437,189483.0,0.0,0.0,7.0,35.0,502.0,4921.0,49438.0,23308.0
2026-03-11,2026,127531.0,239920.5,159947,112585.0,0.0,0.0,5.0,20.0,292.0,2930.0,28774.0,13698.0
2026-03-12,2026,24290.0,50838.0,33892,23778.5,0.0,0.0,1.0,9.0,53.0,610.0,5889.0,2727.0
2026-03-13,2026,357667.0,713823.0,475882,374889.0,0.0,2.0,8.0,113.0,863.0,8624.0,86429.0,42034.0
2026-03-14,2026,195595.0,359019.0,239346,168396.5,0.0,0.0,8.0,44.0,423.0,4184.0,42922.0,18915.0
2026-03-15,2026,4915.0,16206.0,10804,8470.0,0.0,0.0,1.0,0.0,18.0,189.0,1948.0,846.0
2026-03-16,2026,26562.0,56655.0,37770,23747.0,0.0,0.0,0.0,7.0,66.0,671.0,6730.0,2808.0
2026-03-17,2026,118288.0,235137.0,156758,101956.0,0.0,0.0,1.0,26.0,275.0,2725.0,28517.0,12398.0
2026-03-18,2026,136717.0,258991.5,172661,112470.5,0.0,0.0,1.0,26.0,338.0,3082.0,31081.0,13959.0
2026-03-19,2026,23601.0,49204.5,32803,23561.5,0.0,0.0,1.0,6.0,63.0,598.0,6000.0,2741.0
2026-03-20,2026,158580.0,305889.0,203926,146153.5,0.0,0.0,7.0,36.0,360.0,3648.0,36502.0,17673.0
2026-03-21,2026,199769.0,368226.0,245484,170437.5,0.0,0.0,7.0,43.0,422.0,4401.0,43535.0,20215.0
2026-03-22,2026,4231.0,13257.0,8838,7271.5,0.0,0.0,1.0,0.0,12.0,150.0,1546.0,793.0
2026-03-23,2026,24110.0,50506.5,33671,21374.5,0.0,0.0,0.0,4.0,60.0,574.0,6111.0,2855.0
2026-03-24,2026,112578.0,221931.0,147954,95168.0,0.0,0.0,0.0,24.0,271.0,2712.0,26463.0,12308.0
2026-03-25,2026,122423.0,230475.0,153650,99297.5,0.0,0.0,0.0,28.0,285.0,2682.0,27513.0,13041.0
2026-03-26,2026,23302.0,49146.0,32764,21443.5,0.0,0.0,0.0,8.0,68.0,600.0,5761.0,2641.0
2026-03-27,2026,152376.0,293653.5,195769,131824.5,0.0,0.0,3.0,33.0,365.0,3385.0,34881.0,16825.0
2026-03-28,2026,206302.0,381151.5,254101,191662.5,0.0,1.0,3.0,47.0,462.0,4710.0,45480.0,21675.0
2026-03-29,2026,4121.0,13279.5,8853,5930.5,0.0,0.0,0.0,2.0,17.0,164.0,1655.0,707.0
2026-03-30,2026,24403.0,51108.0,34072,23692.5,0.0,0.0,1.0,2.0,64.0,627.0,6239.0,2933.0
2026-03-31,2026,115025.0,227241.0,151494,100957.5,0.0,0.0,1.0,20.0,275.0,2754.0,27526.0,13757.0
2026-04-01,2026,123288.0,231832.5,154555,101024.0,0.0,0.0,1.0,18.0,275.0,2763.0,28162.0,13190.0
2026-04-02,2026,28679.0,61330.5,40887,26047.0,0.0,0.0,0.0,8.0,66.0,675.0,7218.0,3544.0
2026-04-03,2026,157682.0,305281.5,203521,139769.5,0.0,0.0,4.0,37.0,382.0,3685.0,36214.0,17251.0
2026-04-04,2026,188055.0,342273.0,228182,178095.5,0.0,1.0,4.0,42.0,431.0,4124.0,41644.0,19445.0
2026-04-05,2026,4399.0,14392.5,9595,6808.0,0.0,0.0,0.0,3.0,26.0,201.0,1695.0,862.0
2026-04-06,2026,23896.0,49990.5,33327,24412.0,0.0,0.0,1.0,8.0,67.0,605.0,5903.0,3094.0
2026-04-07,2026,109563.0,218613.0,145742,98829.0,0.0,0.0,2.0,21.0,274.0,2680.0,26630.0,12326.0
2026-04-08,2026,120651.0,227749.5,151833,106939.0,0.0,0.0,2.0,34.0,303.0,2810.0,27588.0,13902.0
2026-04-09,2026,24281.0,50592.0,33728,22545.0,0.0,0.0,0.0,6.0,66.0,592.0,6167.0,3154.0
2026-04-10,2026,160924.0,314932.5,209955,138949.5,0.0,0.0,1.0,36.0,386.0,3900.0,37884.0,17841.0
2026-04-11,2026,186730.0,341061.0,227374,158987.5,0.0,0.0,6.0,38.0,397.0,4092.0,40814.0,19573.0
2026-04-12,2026,4138.0,13348.5,8899,5508.0,0.0,0.0,0.0,0.0,18.0,157.0,1628.0,738.0
2026-04-13,2026,23690.0,49054.5,32703,21732.0,0.0,0.0,0.0,7.0,54.0,547.0,5956.0,3070.0
2026-04-14,2026,124002.0,247411.5,164941,117000.5,0.0,0.0,5.0,32.0,288.0,3022.0,30053.0,13083.0
2026-04-15,2026,130713.0,246484.5,164323,118491.5,0.0,0.0,6.0,26.0,306.0,2991.0,29657.0,13935.0
2026-04-16,2026,23021.0,48126.0,32084,20358.0,0.0,0.0,0.0,4.0,60.0,592.0,5635.0,2752.0
2026-04-17,2026,171641.0,339324.0,226216,157180.0,0.0,0.0,4.0,53.0,431.0,4004.0,40456.0,19352.0
2026-04-18,2026,178221.0,323301.0,215534,155195.0,0.0,0.0,6.0,49.0,380.0,3954.0,39094.0,18558.0
2026-04-19,2026,4172.0,13777.5,9185,5732.0,0.0,0.0,0.0,1.0,14.0,162.0,1639.0,776.0
2026-04-20,2026,23319.0,48798.0,32532,19818.5,0.0,0.0,0.0,4.0,47.0,578.0,5711.0,2511.0
2026-04-21,2026,136351.0,276070.5,184047,124819.5,0.0,0.0,3.0,37.0,337.0,3267.0,33010.0,14883.0
2026-04-22,2026,122471.0,231297.0,154198,106098.0,0.0,0.0,3.0,26.0,279.0,2780.0,27983.0,12968.0
2026-04-23,2026,23386.0,49621.5,33081,23572.5,0.0,0.0,1.0,9.0,64.0,555.0,5926.0,2577.0
2026-04-24,2026,138297.0,263842.5,175895,141007.0,0.0,1.0,3.0,35.0,308.0,3155.0,31669.0,15156.0
2026-04-25,2026,203260.0,376522.5,251015,194789.5,0.0,1.0,6.0,45.0,434.0,4491.0,45647.0,20907.0
2026-04-26,2026,4289.0,14226.0,9484,6094.5,0.0,0.0,0.0,1.0,20.0,191.0,1720.0,733.0
2026-04-27,2026,23279.0,48984.0,32656,27226.5,0.0,0.0,3.0,6.0,50.0,587.0,5870.0,2901.0
2026-04-28,2026,101620.0,198958.5,132639,90519.5,0.0,0.0,3.0,25.0,216.0,2382.0,23817.0,10437.0
2026-04-29,2026,122800.0,232824.0,155216,127239.5,0.0,1.0,4.0,25.0,266.0,2818.0,28426.0,11985.0
2026-04-30,2026,24507.0,52593.0,35062,21753.5,0.0,0.0,0.0,2.0,61.0,619.0,6189.0,3107.0
2026-05-01,2026,131623.0,254239.5,169493,120796.0,0.0,0.0,3.0,42.0,309.0,3043.0,31228.0,15030.0
2026-05-02,2026,174964.0,320019.0,213346,149675.0,0.0,0.0,7.0,34.0,330.0,3902.0,38274.0,17478.0
2026-05-03,2026,4391.0,14826.0,9884,6314.5,0.0,0.0,0.0,1.0,17.0,162.0,1880.0,803.0
2026-05-04,2026,21366.0,46408.5,30939,19359.5,0.0,0.0,0.0,3.0,49.0,564.0,5529.0,2601.0
2026-05-05,2026,118294.0,235312.5,156875,136683.0,0.0,1.0,7.0,29.0,280.0,2800.0,28578.0,13418.0
2026-05-06,2026,128167.0,244456.5,162971,106919.5,0.0,0.0,1.0,33.0,288.0,2942.0,29519.0,12541.0
2026-05-07,2026,24555.0,53214.0,35476,24382.5,0.0,0.0,1.0,6.0,52.0,655.0,6279.0,2873.0
2026-05-08,2026,160520.0,313003.5,208669,162839.5,0.0,1.0,3.0,45.0,393.0,3721.0,37572.0,17487.0
2026-05-09,2026,181199.0,331369.5,220913,150800.5,0.0,0.0,5.0,34.0,405.0,3961.0,39385.0,18217.0
2026-05-10,2026,4431.0,15021.0,10014,8500.0,0.0,0.0,1.0,2.0,22.0,155.0,1823.0,826.0
2026-05-11,2026,23302.0,50488.5,33659,28130.0,0.0,0.0,3.0,9.0,55.0,591.0,6039.0,2798.0
2026-05-12,2026,115062.0,229347.0,152898,98285.5,0.0,0.0,0.0,23.0,274.0,2745.0,27791.0,12599.0
2026-05-13,2026,128288.0,243363.0,162242,110461.0,0.0,0.0,2.0,23.0,299.0,2919.0,29462.0,14908.0
2026-05-14,2026,20820.0,44947.5,29965,19658.0,0.0,0.0,0.0,7.0,48.0,509.0,5515.0,2482.0
2026-05-15,2026,148833.0,293454.0,195636,130497.0,0.0,0.0,2.0,39.0,364.0,3474.0,35517.0,15342.0
2026-05-16,2026,177569.0,326304.0,217536,146187.0,0.0,0.0,3.0,47.0,406.0,3870.0,39198.0,16614.0
2026-05-17,2026,4248.0,14263.5,9509,6104.5,0.0,0.0,0.0,1.0,17.0,174.0,1745.0,803.0
2026-05-18,2026,22975.0,48708.0,32472,22579.0,0.0,0.0,1.0,5.0,55.0,566.0,5942.0,2510.0
2026-05-19,2026,117231.0,233830.5,155887,144665.0,0.0,2.0,3.0,22.0,260.0,2823.0,28163.0,12416.0
2026-05-20,2026,126907.0,241314.0,160876,110579.5,0.0,0.0,3.0,34.0,281.0,2786.0,28725.0,13853.0
2026-05-21,2026,21967.0,47896.5,31931,21244.5,0.0,0.0,0.0,8.0,51.0,625.0,5811.0,2585.0
2026-05-22,2026,158530.0,310965.0,207310,160795.5,0.0,1.0,4.0,37.0,338.0,3705.0,37354.0,16935.0
2026-05-23,2026,190360.0,351814.5,234543,227254.0,0.0,3.0,6.0,47.0,450.0,4284.0,42450.0,20356.0
2026-05-24,2026,4504.0,15520.5,10347,6084.0,0.0,0.0,0.0,0.0,11.0,186.0,1810.0,876.0
2026-05-25,2026,21247.0,46129.5,30753,22593.5,0.0,0.0,1.0,9.0,54.0,549.0,5580.0,2539.0
2026-05-26,2026,115167.0,232590.0,155060,122889.0,0.0,1.0,1.0,39.0,269.0,2718.0,27821.0,12318.0
2026-05-27,2026,117908.0,225102.0,150068,100775.0,0.0,0.0,1.0,36.0,281.0,2625.0,27106.0,12412.0
2026-05-28,2026,23012.0,50584.5,33723,22628.5,0.0,0.0,0.0,7.0,59.0,633.0,6095.0,3129.0
2026-05-29,2026,179882.0,359596.5,239731,156199.5,0.0,0.0,1.0,44.0,412.0,4197.0,42665.0,20563.0
2026-05-30,2026,205064.0,384667.5,256445,176477.0,0.0,0.0,5.0,44.0,460.0,4667.0,45867.0,22272.0
2026-05-31,2026,4729.0,16908.0,11272,7198.0,0.0,0.0,0.0,2.0,19.0,187.0,2050.0,922.0
2026-06-01,2026,24058.0,52564.5,35043,22685.5,0.0,0.0,0.0,6.0,67.0,635.0,6227.0,3011.0
2026-06-02,2026,150869.0,311253.0,207502,145452.5,0.0,0.0,5.0,42.0,359.0,3653.0,37363.0,17921.0
2026-06-03,2026,128007.0,246502.5,164335,108877.5,0.0,0.0,1.0,32.0,300.0,2991.0,29427.0,13779.0
2026-06-04,2026,24414.0,53746.5,35831,22289.5,0.0,0.0,0.0,4.0,48.0,618.0,6436.0,3045.0
2026-06-05,2026,225396.0,464242.5,309495,214332.5,0.0,0.0,7.0,59.0,586.0,5573.0,55576.0,25197.0
2026-06-06,2026,191599.0,354708.0,236472,173269.5,0.0,1.0,2.0,25.0,448.0,4157.0,41927.0,20447.0
2026-06-07,2026,4564.0,15684.0,10456,6195.5,0.0,0.0,0.0,0.0,22.0,187.0,1778.0,843.0
2026-06-08,2026,24983.0,53986.5,35991,22651.5,0.0,0.0,0.0,5.0,55.0,625.0,6422.0,3055.0
2026-06-09,2026,172049.0,360991.5,240661,181470.5,0.0,1.0,3.0,47.0,458.0,4318.0,42715.0,19927.0
2026-06-10,2026,135007.0,260550.0,173700,144034.5,0.0,1.0,4.0,35.0,311.0,3070.0,31691.0,16055.0
2026-06-11,2026,25086.0,55287.0,36858,26470.5,0.0,0.0,1.0,5.0,73.0,689.0,6702.0,3441.0
2026-06-12,2026,154872.0,303438.0,202292,157001.5,0.0,1.0,4.0,28.0,346.0,3671.0,36341.0,16963.0
2026-06-13,2026,200726.0,374542.5,249695,175143.5,0.0,0.0,6.0,52.0,467.0,4601.0,45344.0,19807.0
2026-06-14,2026,4649.0,15933.0,10622,8771.0,0.0,0.0,1.0,3.0,17.0,168.0,1807.0,918.0
2026-06-15,2026,23519.0,50928.0,33952,22298.5,0.0,0.0,0.0,7.0,66.0,637.0,6036.0,2881.0
2026-06-16,2026,111560.0,221203.5,147469,101516.0,0.0,0.0,3.0,34.0,244.0,2582.0,25929.0,12712.0
2026-06-17,2026,147867.0,288843.0,192562,147394.5,0.0,1.0,2.0,30.0,328.0,3487.0,34717.0,15977.0
2026-06-18,2026,21837.0,47535.0,31690,22570.5,0.0,0.0,1.0,4.0,69.0,568.0,5823.0,2603.0
2026-06-19,2026,143978.0,277566.0,185044,121564.5,0.0,0.0,2.0,31.0,307.0,3323.0,33507.0,14397.0
2026-06-20,2026,204387.0,384147.0,256098,171299.0,0.0,0.0,2.0,44.0,490.0,4670.0,46125.0,22066.0
2026-06-21,2026,4735.0,16564.5,11043,6809.0,0.0,0.0,0.0,2.0,22.0,182.0,1913.0,822.0
2026-06-22,2026,22074.0,48276.0,32184,20634.0,0.0,0.0,0.0,5.0,40.0,551.0,5797.0,2990.0
2026-06-23,2026,108301.0,213939.0,142626,123526.5,0.0,1.0,6.0,29.0,233.0,2430.0,25585.0,11831.0
2026-06-24,2026,156353.0,308356.5,205571,141625.5,0.0,0.0,3.0,35.0,387.0,3788.0,36824.0,18865.0
2026-06-25,2026,21262.0,46642.5,31095,19184.0,0.0,0.0,0.0,3.0,59.0,539.0,5415.0,2586.0
2026-06-26,2026,141727.0,275112.0,183408,125178.0,0.0,0.0,3.0,33.0,338.0,3343.0,33078.0,15298.0
2026-06-27,2026,223537.0,431281.5,287521,189065.5,0.0,0.0,3.0,52.0,473.0,5271.0,51917.0,22011.0
2026-06-28,2026,4520.0,15708.0,10472,6201.0,0.0,0.0,0.0,0.0,17.0,179.0,1868.0,820.0
2026-06-29,2026,21918.0,48123.0,32082,21201.0,0.0,0.0,0.0,9.0,55.0,552.0,5699.0,2762.0
2026-06-30,2026,115372.0,229590.0,153060,99927.0,0.0,0.0,1.0,25.0,297.0,2739.0,27679.0,11956.0
2026-07-01,2026,168089.0,333475.5,222317,154572.0,0.0,0.0,3.0,47.0,412.0,4015.0,39938.0,20654.0
2026-07-02,2026,22284.0,49519.5,33013,20786.5,0.0,0.0,0.0,3.0,46.0,608.0,6095.0,2691.0
2026-07-03,2026,152653.0,299199.0,199466,139419.0,0.0,0.0,4.0,36.0,369.0,3474.0,36167.0,18090.0
2026-07-04,2026,224625.0,429708.0,286472,187986.0,0.0,0.0,1.0,51.0,489.0,5261.0,51477.0,24498.0
2026-07-05,2026,4654.0,16309.5,10873,6313.5,0.0,0.0,0.0,0.0,13.0,195.0,1904.0,847.0
2026-07-06,2026,22930.0,50049.0,33366,24234.0,0.0,0.0,1.0,8.0,66.0,566.0,6166.0,2768.0
2026-07-07,2026,102754.0,203389.5,135593,92765.0,0.0,0.0,3.0,24.0,239.0,2443.0,24220.0,11020.0
2026-07-08,2026,174580.0,348645.0,232430,164232.0,0.0,0.0,6.0,55.0,416.0,4214.0,42283.0,18184.0
2026-07-09,2026,22177.0,48994.5,32663,21488.0,0.0,0.0,0.0,6.0,64.0,590.0,5959.0,2760.0
2026-07-10,2026,139102.0,269365.5,179577,146032.0,0.0,1.0,5.0,24.0,354.0,3275.0,32466.0,15230.0
2026-07-11,2026,228095.0,436158.0,290772,195870.0,0.0,0.0,4.0,52.0,515.0,5212.0,52402.0,24204.0
2026-07-12,2026,4540.0,15639.0,10426,8401.5,0.0,0.0,1.0,0.0,21.0,199.0,1867.0,835.0
2026-07-13,2026,22530.0,49306.5,32871,22101.0,0.0,0.0,0.0,8.0,57.0,610.0,6054.0,2802.0
2026-07-14,2026,102610.0,202954.5,135303,94141.0,0.0,0.0,3.0,22.0,289.0,2453.0,24379.0,11292.0
2026-07-15,2026,175364.0,350560.5,233707,158268.0,0.0,0.0,4.0,47.0,436.0,4037.0,42225.0,18342.0
2026-07-16,2026,21611.0,48118.5,32079,21409.0,0.0,0.0,0.0,7.0,62.0,578.0,5673.0,3022.0
2026-07-17,2026,135719.0,262644.0,175096,121098.0,0.0,0.0,4.0,31.0,330.0,3084.0,31459.0,14640.0
2026-07-18,2026,184611.0,341485.5,227657,149475.0,0.0,0.0,1.0,46.0,443.0,4035.0,40640.0,18640.0
2026-07-19,2026,4504.0,15364.5,10243,6420.0,0.0,0.0,0.0,0.0,27.0,169.0,1808.0,946.0
2026-07-20,2026,21364.0,46602.0,31068,20365.0,0.0,0.0,0.0,7.0,56.0,564.0,5576.0,2582.0
2026-07-21,2026,94872.0,191304.0,127536,85078.0,0.0,0.0,1.0,24.0,233.0,2287.0,23023.0,10758.0
2026-07-22,2026,122165.0,236269.5,157513,123033.0,0.0,1.0,1.0,24.0,301.0,2805.0,28221.0,13164.0
2026-07-23,2026,20530.0,46848.0,31232,19779.5,0.0,0.0,0.0,3.0,55.0,584.0,5635.0,2593.0
2026-07-24,2026,139467.0,272115.0,181410,128418.0,0.0,0.0,4.0,32.0,292.0,3226.0,33166.0,17144.0
2026-07-25,2026,198725.0,374664.0,249776,168526.0,0.0,0.0,4.0,40.0,440.0,4520.0,44594.0,21292.0
2026-07-26,2026,4792.0,17293.5,11529,7986.5,0.0,0.0,0.0,4.0,24.0,212.0,2101.0,963.0
2026-07-27,2026,22052.0,49014.0,32676,24743.5,0.0,0.0,2.0,4.0,56.0,591.0,5865.0,2759.0
2026-07-28,2026,107362.0,215370.0,143580,98509.0,0.0,0.0,3.0,28.0,238.0,2578.0,25448.0,12242.0
2026-07-29,2026,134592.0,260913.0,173942,115750.5,0.0,0.0,2.0,26.0,307.0,3124.0,31299.0,14795.0
2026-07-30,2026,21970.0,50118.0,33412,21372.0,0.0,0.0,0.0,5.0,62.0,577.0,6016.0,2810.0
2026-07-31,2026,145340.0,286216.5,190811,133076.5,0.0,0.0,4.0,40.0,353.0,3346.0,34422.0,16295.0
2026-08-01,2026,199570.0,375039.0,250026,166841.5,0.0,0.0,3.0,42.0,431.0,4462.0,45296.0,20613.0
2026-08-02,2026,4882.0,17500.5,11667,6972.0,0.0,0.0,0.0,0.0,14.0,208.0,1965.0,1148.0
2026-08-03,2026,22602.0,51031.5,34021,25645.0,0.0,0.0,1.0,10.0,59.0,621.0,6265.0,3220.0
2026-08-04,2026,119613.0,244197.0,162798,107854.0,0.0,0.0,1.0,35.0,300.0,2884.0,29632.0,12780.0
2026-08-05,2026,128816.0,249048.0,166032,116353.0,0.0,0.0,4.0,25.0,315.0,3044.0,30265.0,14202.0
2026-08-06,2026,24426.0,55438.5,36959,25269.0,0.0,0.0,0.0,13.0,64.0,745.0,6687.0,2860.0
2026-08-07,2026,163843.0,328765.5,219177,162404.0,0.0,1.0,1.0,39.0,364.0,3870.0,39490.0,17996.0
2026-08-08,2026,191720.0,358440.0,238960,174383.5,0.0,1.0,2.0,38.0,398.0,4309.0,43068.0,18095.0
2026-08-09,2026,5332.0,19549.5,13033,10806.0,0.0,0.0,1.0,3.0,29.0,240.0,2433.0,1040.0
2026-08-10,2026,24425.0,54754.5,36503,26311.5,0.0,0.0,1.0,10.0,77.0,610.0,6577.0,3045.0
2026-08-11,2026,104815.0,211474.5,140983,94977.5,0.0,0.0,2.0,21.0,282.0,2513.0,25311.0,11967.0
2026-08-12,2026,131553.0,254584.5,169723,1312495.0,1.0,0.0,2.0,22.0,325.0,3067.0,30390.0,14320.0
2026-08-13,2026,22055.0,48019.5,32013,21905.5,0.0,0.0,0.0,9.0,68.0,592.0,5930.0,2617.0
2026-08-14,2026,139394.0,270603.0,180402,121325.5,0.0,0.0,2.0,31.0,324.0,3397.0,32491.0,15119.0
2026-08-15,2026,177056.0,328044.0,218696,177084.5,0.0,1.0,8.0,36.0,408.0,3971.0,39908.0,17369.0
2026-08-16,2026,4133.0,13326.0,8884,5471.5,0.0,0.0,0.0,0.0,16.0,170.0,1613.0,717.0
2026-08-17,2026,21047.0,44949.0,29966,19650.5,0.0,0.0,0.0,2.0,73.0,529.0,5433.0,2853.0
2026-08-18,2026,101700.0,201775.5,134517,90631.0,0.0,0.0,2.0,23.0,225.0,2537.0,24236.0,10916.0
2026-08-19,2026,129104.0,246751.5,164501,129419.0,0.0,1.0,2.0,31.0,311.0,2842.0,29280.0,13486.0
2026-08-20,2026,20996.0,44532.0,29688,23872.5,0.0,0.0,2.0,6.0,60.0,543.0,5452.0,2569.0
2026-08-21,2026,141154.0,274579.5,183053,127803.0,0.0,0.0,6.0,24.0,329.0,3289.0,32697.0,15056.0
2026-08-22,2026,189492.0,349459.5,232973,163195.0,0.0,0.0,7.0,36.0,411.0,4145.0,41612.0,19884.0
2026-08-23,2026,4130.0,13335.0,8890,5495.5,0.0,0.0,0.0,0.0,20.0,146.0,1588.0,793.0
2026-08-24,2026,21851.0,46839.0,31226,19957.5,0.0,0.0,0.0,7.0,55.0,507.0,5620.0,2455.0
2026-08-25,2026,108393.0,214006.5,142671,117908.5,0.0,1.0,3.0,23.0,243.0,2595.0,25769.0,11957.0
2026-08-26,2026,140726.0,269545.5,179697,120918.5,0.0,0.0,2.0,32.0,303.0,3264.0,32667.0,15203.0
2026-08-27,2026,21290.0,45484.5,30323,22957.5,0.0,0.0,2.0,2.0,53.0,547.0,5471.0,2547.0
2026-08-28,2026,148762.0,289134.0,192756,130138.0,0.0,0.0,3.0,39.0,350.0,3384.0,34740.0,15292.0
2026-08-29,2026,224300.0,426961.5,284641,189259.0,0.0,0.0,4.0,44.0,480.0,5171.0,51462.0,22720.0
2026-08-30,2026,4360.0,14220.0,9480,8263.0,0.0,0.0,1.0,2.0,26.0,153.0,1686.0,804.0
2026-08-31,2026,22332.0,46710.0,31140,20445.5,0.0,0.0,0.0,6.0,62.0,598.0,5566.0,2589.0
2026-09-01,2026,114022.0,225693.0,150462,100510.5,0.0,0.0,2.0,24.0,277.0,2715.0,26697.0,12801.0
2026-09-02,2026,151987.0,294279.0,196186,136933.0,0.0,0.0,5.0,32.0,358.0,3515.0,35623.0,16368.0
2026-09-03,2026,21516.0,45762.0,30508,20825.0,0.0,0.0,0.0,7.0,63.0,590.0,5701.0,2542.0
2026-09-04,2026,155034.0,302928.0,201952,137779.5,0.0,0.0,3.0,41.0,348.0,3742.0,36039.0,17221.0
2026-09-05,2026,210773.0,394420.5,262947,189425.0,0.0,0.0,10.0,55.0,502.0,4829.0,46904.0,20288.0
2026-09-06,2026,4234.0,13518.0,9012,6101.5,0.0,0.0,0.0,2.0,17.0,156.0,1633.0,877.0
2026-09-07,2026,21943.0,46183.5,30789,19998.5,0.0,0.0,0.0,7.0,56.0,559.0,5466.0,2501.0
